# Blender 5.0.1
# www.blender.org
o duct_left_up_rear
v -0.601671 -1.047049 -0.402842
v -0.600417 -1.056153 -0.405071
v -0.602259 -1.033693 -0.402765
v -0.600692 -1.035413 -0.404989
v -0.602952 -1.046884 -0.402154
v -0.601763 -1.047050 -0.398879
v -0.601661 -1.056151 -0.399039
v -0.601600 -1.033263 -0.403751
v -0.600639 -1.034596 -0.405731
v -0.603505 -1.032642 -0.402478
v -0.603663 -1.031073 -0.404101
v -0.603587 -1.031519 -0.398285
v -0.607066 -1.029080 -0.407689
v -0.604477 -1.029766 -0.401038
v -0.604381 -1.032741 -0.411096
v -0.597732 -1.039549 -0.408031
v -0.599177 -1.040717 -0.413216
v -0.613843 -1.026056 -0.408892
v -0.611913 -1.031077 -0.415503
v -0.603948 -1.039003 -0.417452
v -0.609254 -1.036506 -0.419361
v -0.605402 -1.038386 -0.418109
v -0.606010 -1.040147 -0.419887
v -0.616330 -1.034270 -0.419967
v -0.612203 -1.044857 -0.425670
v -0.605053 -1.044679 -0.421619
v -0.603073 -1.049731 -0.422332
v -0.605285 -1.051617 -0.424145
v -0.611558 -1.051967 -0.427107
v -0.613400 -1.051696 -0.427508
v -0.618623 -1.052055 -0.428256
v -0.616366 -1.040962 -0.424558
v -0.616693 -1.046907 -0.426959
v -0.620502 -1.051599 -0.428305
v -0.622564 -1.046941 -0.426967
v -0.618287 -1.046914 -0.425493
v -0.617712 -1.046771 -0.426333
v -0.617731 -1.040997 -0.423876
v -0.618010 -1.036200 -0.420124
v -0.618471 -1.046787 -0.420570
v -0.621214 -1.037071 -0.420190
v -0.621777 -1.035227 -0.420041
v -0.623000 -1.034281 -0.419954
v -0.622828 -1.038080 -0.422836
v -0.618435 -1.029212 -0.415221
v -0.627730 -1.035657 -0.419899
v -0.622983 -1.029449 -0.415198
v -0.629388 -1.029581 -0.412316
v -0.620329 -1.025395 -0.409384
v -0.619505 -1.022038 -0.401077
v -0.621988 -1.022968 -0.402962
v -0.625177 -1.024905 -0.406392
v -0.625221 -1.023969 -0.399074
v -0.631244 -1.027251 -0.403108
v -0.636133 -1.032635 -0.408555
v -0.635642 -1.031046 -0.404187
v -0.629992 -1.026866 -0.396593
v -0.635631 -1.031006 -0.397608
v -0.634929 -1.032116 -0.391782
v -0.635761 -1.031785 -0.403098
v -0.635841 -1.032809 -0.399154
v -0.638790 -1.034991 -0.394537
v -0.637697 -1.033147 -0.397492
v -0.637372 -1.033624 -0.398662
v -0.636374 -1.046885 -0.399453
v -0.638839 -1.035191 -0.396236
v -0.637687 -1.047049 -0.398733
v -0.637452 -1.047050 -0.402600
v -0.638913 -1.056153 -0.396534
v -0.637670 -1.056151 -0.402567
v -0.644308 -1.056151 -0.398389
v -0.641756 -1.041584 -0.394596
v -0.645475 -1.056151 -0.394560
v -0.641083 -1.056151 -0.400053
v -0.641098 -1.051600 -0.400436
v -0.643520 -1.051600 -0.398371
v -0.640958 -1.056153 -0.406494
v -0.642869 -1.056151 -0.403216
v -0.643898 -1.051600 -0.403461
v -0.644815 -1.056151 -0.406853
v -0.646093 -1.056151 -0.401552
v -0.646266 -1.056150 -0.408182
v -0.649432 -1.056144 -0.407105
v -0.644482 -1.056101 -0.413874
v -0.645541 -1.049841 -0.408941
v -0.644934 -1.049090 -0.407574
v -0.642834 -1.042083 -0.408690
v -0.641107 -1.039798 -0.406825
v -0.637738 -1.033247 -0.404123
v -0.639474 -1.035902 -0.407101
v -0.637467 -1.033627 -0.403054
v -0.635863 -1.033497 -0.402348
v -0.636386 -1.046914 -0.402142
v -0.639958 -1.040587 -0.413438
v -0.634132 -1.035077 -0.414977
v -0.641878 -1.046867 -0.415155
v -0.637595 -1.044685 -0.418850
v -0.636342 -1.040676 -0.417646
v -0.635449 -1.044687 -0.417571
v -0.634789 -1.038627 -0.417568
v -0.633493 -1.038733 -0.418724
v -0.633408 -1.040848 -0.420258
v -0.633630 -1.044685 -0.419023
v -0.634329 -1.044688 -0.421699
v -0.632613 -1.051762 -0.425023
v -0.627355 -1.043915 -0.425106
v -0.638621 -1.050344 -0.420543
v -0.634168 -1.051835 -0.424073
v -0.635494 -1.052046 -0.426152
v -0.635052 -1.056157 -0.424341
v -0.633836 -1.051609 -0.427044
v -0.633458 -1.056151 -0.427632
v -0.632283 -1.056150 -0.425596
v -0.637177 -1.045855 -0.423489
v -0.628896 -1.047338 -0.428415
v -0.628890 -1.056147 -0.429624
v -0.628370 -1.051973 -0.429383
v -0.627739 -1.051950 -0.427047
v -0.628248 -1.056151 -0.427216
v -0.626565 -1.051683 -0.429828
v -0.625905 -1.051723 -0.427499
v -0.625433 -1.056151 -0.427995
v -0.626057 -1.056151 -0.430327
v -0.620750 -1.052136 -0.430793
v -0.621125 -1.056151 -0.428556
v -0.621125 -1.056144 -0.430992
v -0.618908 -1.051530 -0.430674
v -0.617006 -1.046745 -0.429608
v -0.613522 -1.038224 -0.425324
v -0.612885 -1.051888 -0.429876
v -0.609396 -1.046825 -0.427944
v -0.621068 -1.041868 -0.427866
v -0.618765 -1.034348 -0.423533
v -0.625792 -1.036358 -0.424183
v -0.626839 -1.028352 -0.416456
v -0.630824 -1.041595 -0.425341
v -0.630491 -1.034059 -0.420486
v -0.637001 -1.037641 -0.418875
v -0.634511 -1.029962 -0.412487
v -0.639427 -1.033209 -0.409876
v -0.635907 -1.028164 -0.405214
v -0.627763 -1.023746 -0.407577
v -0.622321 -1.023347 -0.410141
v -0.619808 -1.019629 -0.400952
v -0.630651 -1.023993 -0.400816
v -0.624799 -1.021261 -0.400813
v -0.629528 -1.024608 -0.394295
v -0.622279 -1.021097 -0.396681
v -0.618069 -1.023437 -0.391094
v -0.623658 -1.023265 -0.392047
v -0.615992 -1.021479 -0.396453
v -0.611568 -1.022658 -0.398272
v -0.612865 -1.024715 -0.390743
v -0.621051 -1.028031 -0.384096
v -0.604673 -1.029098 -0.390747
v -0.612027 -1.029062 -0.384589
v -0.606035 -1.036255 -0.380853
v -0.611687 -1.035557 -0.378663
v -0.617903 -1.034027 -0.378392
v -0.627139 -1.035931 -0.378059
v -0.613154 -1.044464 -0.373252
v -0.622724 -1.042866 -0.373248
v -0.630538 -1.046682 -0.373873
v -0.617617 -1.049143 -0.371658
v -0.625052 -1.056105 -0.370938
v -0.622109 -1.049192 -0.371640
v -0.619210 -1.049464 -0.372284
v -0.623608 -1.051213 -0.372104
v -0.623480 -1.051192 -0.373131
v -0.625224 -1.056007 -0.379172
v -0.623737 -1.051355 -0.376584
v -0.622154 -1.049322 -0.373376
v -0.618186 -1.049324 -0.373172
v -0.615656 -1.051223 -0.373213
v -0.617562 -1.049191 -0.376446
v -0.615890 -1.051065 -0.376671
v -0.620234 -1.049523 -0.376804
v -0.621714 -1.049226 -0.376430
v -0.619977 -1.049427 -0.377537
v -0.617900 -1.049080 -0.377909
v -0.615682 -1.051295 -0.377730
v -0.622077 -1.049351 -0.377914
v -0.623608 -1.051354 -0.377737
v -0.623082 -1.050137 -0.379389
v -0.619666 -1.048705 -0.379442
v -0.622183 -1.046841 -0.379546
v -0.620893 -1.046808 -0.381071
v -0.626307 -1.037707 -0.379884
v -0.622330 -1.036543 -0.380027
v -0.617382 -1.046845 -0.379606
v -0.618079 -1.036248 -0.381473
v -0.616208 -1.050165 -0.379387
v -0.618414 -1.046815 -0.381069
v -0.614964 -1.052364 -0.379307
v -0.616512 -1.036511 -0.379944
v -0.612830 -1.037869 -0.379838
v -0.616440 -1.034300 -0.381650
v -0.614444 -1.032380 -0.383638
v -0.622902 -1.034251 -0.381657
v -0.609205 -1.034469 -0.383968
v -0.613078 -1.028364 -0.389192
v -0.620661 -1.028402 -0.387224
v -0.628946 -1.028473 -0.390863
v -0.628170 -1.034314 -0.383078
v -0.615263 -1.024642 -0.394869
v -0.623168 -1.025520 -0.392550
v -0.620374 -1.022918 -0.397946
v -0.607827 -1.028733 -0.393391
v -0.612339 -1.024677 -0.400940
v -0.615198 -1.023961 -0.404214
v -0.599968 -1.035739 -0.394356
v -0.602185 -1.037316 -0.387337
v -0.603615 -1.031126 -0.397340
v -0.601572 -1.033243 -0.397530
v -0.601864 -1.033627 -0.398551
v -0.598372 -1.056153 -0.395110
v -0.597887 -1.040924 -0.394678
v -0.599382 -1.036933 -0.394999
v -0.594412 -1.049077 -0.394044
v -0.596496 -1.042083 -0.392914
v -0.597408 -1.045380 -0.387393
v -0.593833 -1.049744 -0.392454
v -0.593047 -1.056147 -0.392916
v -0.598458 -1.051685 -0.383152
v -0.598247 -1.056151 -0.382864
v -0.603183 -1.050109 -0.379083
v -0.601718 -1.044685 -0.382754
v -0.603388 -1.039821 -0.384156
v -0.603880 -1.044687 -0.384033
v -0.604970 -1.044692 -0.379831
v -0.611424 -1.039657 -0.379126
v -0.605701 -1.044685 -0.382582
v -0.605992 -1.040554 -0.381458
v -0.610451 -1.047896 -0.375915
v -0.609176 -1.056094 -0.374789
v -0.596160 -1.056151 -0.381347
v -0.607655 -1.056136 -0.372849
v -0.610773 -1.056143 -0.374626
v -0.612244 -1.056140 -0.375549
v -0.614776 -1.056151 -0.371017
v -0.614732 -1.056153 -0.379234
v -0.615088 -1.051639 -0.371302
v -0.615611 -1.051358 -0.372045
v -0.612606 -1.056151 -0.378409
v -0.611917 -1.043679 -0.378312
v -0.598568 -1.051144 -0.379452
v -0.605161 -1.044381 -0.376529
v -0.599135 -1.038673 -0.385349
v -0.595838 -1.037078 -0.395254
v -0.594912 -1.045079 -0.386778
v -0.591116 -1.051341 -0.391334
v -0.593247 -1.041653 -0.395668
v -0.592662 -1.044752 -0.397086
v -0.590929 -1.047492 -0.397573
v -0.595982 -1.037546 -0.395830
v -0.593776 -1.051600 -0.396635
v -0.597342 -1.051600 -0.396420
v -0.599249 -1.032220 -0.397169
v -0.603635 -1.027654 -0.398528
v -0.600350 -1.051602 -0.399698
v -0.600728 -1.030338 -0.400110
v -0.602089 -1.029434 -0.405481
v -0.600007 -1.031278 -0.403520
v -0.597580 -1.034863 -0.405384
v -0.596995 -1.035375 -0.405837
v -0.599388 -1.051600 -0.403623
v -0.595057 -1.051602 -0.405620
v -0.598362 -1.051600 -0.400727
v -0.597699 -1.056151 -0.402255
v -0.595376 -1.051600 -0.403295
v -0.595675 -1.051600 -0.398371
v -0.597751 -1.056151 -0.399210
v -0.594774 -1.056151 -0.398564
v -0.594123 -1.056151 -0.394694
v -0.590975 -1.056150 -0.391266
v -0.593252 -1.051600 -0.400436
v -0.593206 -1.056151 -0.401176
v -0.589362 -1.056150 -0.401247
v -0.590078 -1.051344 -0.399698
v -0.591163 -1.056150 -0.410942
v -0.591419 -1.048908 -0.409419
v -0.589991 -1.051425 -0.402077
v -0.592506 -1.043146 -0.405671
v -0.593167 -1.043368 -0.404911
v -0.590706 -1.051252 -0.401741
v -0.591116 -1.051378 -0.399857
v -0.591228 -1.051464 -0.401820
v -0.592011 -1.047635 -0.403614
v -0.591088 -1.049001 -0.398676
v -0.594879 -1.041541 -0.411668
v -0.596556 -1.048646 -0.419025
v -0.600963 -1.037076 -0.416862
v -0.598511 -1.035704 -0.411462
v -0.605669 -1.027581 -0.408948
v -0.608834 -1.029424 -0.415530
v -0.612225 -1.024661 -0.410197
v -0.609429 -1.023745 -0.403321
v -0.617409 -1.020732 -0.404105
v -0.618536 -1.024489 -0.412508
v -0.617608 -1.027466 -0.416714
v -0.609943 -1.032757 -0.420025
v -0.605464 -1.039330 -0.422439
v -0.601637 -1.047103 -0.423576
v -0.602955 -1.056151 -0.426425
v -0.603853 -1.052013 -0.426154
v -0.605491 -1.051630 -0.427045
v -0.606837 -1.051999 -0.425059
v -0.607053 -1.056151 -0.425590
v -0.605865 -1.056151 -0.427655
v -0.610461 -1.056151 -0.429529
v -0.611046 -1.051776 -0.429375
v -0.611081 -1.056151 -0.427220
v -0.604524 -1.056151 -0.424125
v -0.597819 -1.056151 -0.418216
v -0.592961 -1.056075 -0.409007
v -0.595676 -1.050319 -0.413853
v -0.599393 -1.048610 -0.418610
v -0.593222 -1.056130 -0.415681
v -0.601733 -1.044681 -0.418845
v -0.602776 -1.041811 -0.417896
v -0.605886 -1.044685 -0.419257
v -0.604144 -1.044685 -0.417714
v -0.595306 -1.045155 -0.409346
v -0.594846 -1.046791 -0.408055
v -0.597575 -1.041584 -0.407009
v -0.594049 -1.051959 -0.407351
v -0.593856 -1.056151 -0.407045
v -0.595464 -1.056151 -0.403225
v -0.605528 -1.038405 -0.383371
v -0.603464 -1.033335 -0.399231
v -0.602964 -1.046862 -0.399456
v -0.629660 -1.043752 -0.377493
v -0.633630 -1.038482 -0.383175
v -0.633377 -1.040799 -0.381333
v -0.633303 -1.034581 -0.386351
v -0.638597 -1.037806 -0.389250
v -0.636475 -1.040770 -0.383933
v -0.635046 -1.038905 -0.384063
v -0.635188 -1.044685 -0.383891
v -0.633444 -1.044685 -0.382348
v -0.637647 -1.044684 -0.382730
v -0.634329 -1.044685 -0.379991
v -0.635262 -1.049810 -0.378448
v -0.639781 -1.050643 -0.382324
v -0.642101 -1.045360 -0.387779
v -0.645565 -1.050063 -0.392456
v -0.642358 -1.040990 -0.393117
v -0.642946 -1.056130 -0.385309
v -0.646215 -1.056147 -0.392340
v -0.645436 -1.056151 -0.384941
v -0.634322 -1.056147 -0.376952
v -0.638006 -1.056126 -0.376389
v -0.645077 -1.048689 -0.385755
v -0.638711 -1.045785 -0.379356
v -0.628826 -1.056151 -0.374640
v -0.628708 -1.050916 -0.375151
v -0.627076 -1.056134 -0.375552
v -0.626720 -1.056151 -0.378422
v -0.627477 -1.041609 -0.378677
v -0.640452 -1.038169 -0.386390
v -0.635896 -1.040230 -0.380075
v -0.633414 -1.032446 -0.384591
v -0.628476 -1.032010 -0.381960
v -0.627105 -1.025892 -0.389072
v -0.635920 -1.030127 -0.390927
v -0.635266 -1.027522 -0.397067
v -0.639393 -1.031354 -0.398000
v -0.641424 -1.034128 -0.396284
v -0.643392 -1.038406 -0.391850
v -0.648106 -1.048921 -0.392922
v -0.644662 -1.039013 -0.395346
v -0.648043 -1.046295 -0.397041
v -0.644842 -1.040353 -0.396017
v -0.647720 -1.048163 -0.398324
v -0.642241 -1.051602 -0.396346
v -0.646094 -1.051600 -0.396887
v -0.645957 -1.051600 -0.400095
v -0.648080 -1.051468 -0.399765
v -0.648691 -1.051255 -0.399882
v -0.648106 -1.051518 -0.401760
v -0.648418 -1.051295 -0.401739
v -0.646950 -1.046159 -0.404127
v -0.646102 -1.051602 -0.404908
v -0.649238 -1.051356 -0.401923
v -0.646114 -1.041655 -0.405843
v -0.648590 -1.047922 -0.404152
v -0.649325 -1.051441 -0.399603
v -0.649370 -1.056151 -0.394859
v -0.647215 -1.049241 -0.411447
v -0.642376 -1.045734 -0.418245
v -0.644631 -1.052827 -0.417536
v -0.643299 -1.039251 -0.411355
v -0.642452 -1.035538 -0.406110
v -0.639468 -1.031443 -0.403743
v -0.644480 -1.039790 -0.405596
v -0.641822 -1.035101 -0.405360
v -0.641698 -1.051600 -0.405000
v -0.639156 -1.051602 -0.402321
v -0.639510 -1.051600 -0.398662
v -0.638586 -1.030313 -0.400879
v -0.642354 -1.056134 -0.421184
v -0.635993 -1.056151 -0.426181
v -0.644485 -1.046791 -0.393549
v -0.645282 -1.051959 -0.394254
v -0.621354 -1.035950 -0.381522
v -0.613896 -1.056151 -0.427997
v -0.613280 -1.056151 -0.430306
v -0.618206 -1.056151 -0.430959
v -0.618206 -1.056151 -0.428552
v -0.622709 -1.042978 -0.425496
v -0.621429 -1.046828 -0.426243
v -0.621027 -1.046913 -0.425505
v -0.620858 -1.046791 -0.420574
v -0.627350 -1.078357 -0.371732
v -0.618088 -1.078149 -0.370132
v -0.620481 -1.130752 -0.371134
v -0.611030 -1.078370 -0.372171
v -0.637539 -1.078369 -0.376757
v -0.630744 -1.056141 -0.372187
v -0.625100 -1.070237 -0.370929
v -0.636288 -1.130752 -0.376294
v -0.621297 -1.078139 -0.370023
v -0.623286 -1.074326 -0.369448
v -0.619671 -1.079741 -0.367776
v -0.620171 -1.100229 -0.342056
v -0.616221 -1.074862 -0.370085
v -0.615924 -1.094087 -0.342629
v -0.614081 -1.089108 -0.335651
v -0.614212 -1.104528 -0.335185
v -0.614768 -1.104534 -0.342109
v -0.617321 -1.091810 -0.338788
v -0.614586 -1.066859 -0.370679
v -0.612683 -1.056140 -0.371110
v -0.618794 -1.057284 -0.370388
v -0.624229 -1.063023 -0.370602
v -0.619523 -1.090021 -0.337551
v -0.625224 -1.087554 -0.335052
v -0.624959 -1.091580 -0.338569
v -0.622156 -1.091800 -0.338841
v -0.623259 -1.093751 -0.342406
v -0.624535 -1.104528 -0.342114
v -0.625120 -1.104528 -0.335296
v -0.619464 -1.095586 -0.334974
v -0.621731 -1.093413 -0.334999
v -0.621526 -1.092804 -0.345490
v -0.618164 -1.091975 -0.334951
v -0.620667 -1.095271 -0.345474
v -0.618646 -1.094459 -0.346376
v -0.618378 -1.092000 -0.345534
v -0.602699 -1.078369 -0.376039
v -0.610086 -1.056151 -0.375480
v -0.596578 -1.056153 -0.380733
v -0.592360 -1.078382 -0.386794
v -0.590244 -1.056150 -0.393741
v -0.596584 -1.056159 -0.391245
v -0.597256 -1.056149 -0.385696
v -0.593865 -1.056157 -0.397460
v -0.598152 -1.056576 -0.397849
v -0.592516 -1.057411 -0.398622
v -0.592396 -1.056581 -0.402633
v -0.595381 -1.056432 -0.404559
v -0.589514 -1.056577 -0.401157
v -0.592170 -1.056151 -0.413958
v -0.556657 -1.090513 -0.402045
v -0.556664 -1.090595 -0.399370
v -0.589550 -1.062820 -0.396340
v -0.589537 -1.063551 -0.405341
v -0.589210 -1.072320 -0.405354
v -0.561373 -1.093819 -0.404449
v -0.557440 -1.091594 -0.406104
v -0.560949 -1.100400 -0.401259
v -0.560924 -1.104528 -0.405654
v -0.554099 -1.104528 -0.406262
v -0.554213 -1.104528 -0.395344
v -0.554070 -1.087471 -0.406431
v -0.553915 -1.093680 -0.402825
v -0.553900 -1.095059 -0.399202
v -0.561025 -1.104528 -0.395928
v -0.557476 -1.091572 -0.395504
v -0.561391 -1.093940 -0.397198
v -0.589535 -1.070131 -0.395908
v -0.588574 -1.078091 -0.399190
v -0.589662 -1.076197 -0.396938
v -0.590212 -1.078370 -0.400460
v -0.588954 -1.078099 -0.402413
v -0.586757 -1.079702 -0.401018
v -0.591012 -1.078372 -0.409874
v -0.597063 -1.078370 -0.420578
v -0.596422 -1.130752 -0.419323
v -0.590810 -1.130752 -0.406268
v -0.592183 -1.130752 -0.388948
v -0.593490 -1.078370 -0.387106
v -0.604901 -1.130752 -0.375204
v -0.611533 -1.130752 -0.429389
v -0.606043 -1.078376 -0.428060
v -0.620308 -1.078373 -0.430291
v -0.630465 -1.130751 -0.428624
v -0.628776 -1.078376 -0.429469
v -0.643397 -1.078369 -0.419399
v -0.645209 -1.130752 -0.415986
v -0.647785 -1.078377 -0.411221
v -0.648989 -1.130752 -0.402407
v -0.648982 -1.078382 -0.394304
v -0.647060 -1.130752 -0.389354
v -0.644342 -1.078369 -0.383803
v -0.642646 -1.056151 -0.381140
v -0.649388 -1.056146 -0.393856
v -0.645012 -1.056610 -0.397300
v -0.649881 -1.062755 -0.396493
v -0.649572 -1.074002 -0.395853
v -0.647375 -1.056606 -0.401113
v -0.648680 -1.056146 -0.409856
v -0.650027 -1.057320 -0.400698
v -0.682684 -1.090507 -0.399629
v -0.649865 -1.060853 -0.404202
v -0.682637 -1.090654 -0.402232
v -0.681849 -1.091597 -0.406099
v -0.649740 -1.069430 -0.406001
v -0.678000 -1.093816 -0.404295
v -0.685380 -1.087534 -0.406371
v -0.685250 -1.087308 -0.395172
v -0.685118 -1.104528 -0.406261
v -0.685441 -1.092331 -0.402336
v -0.685434 -1.092461 -0.399065
v -0.685193 -1.104528 -0.395347
v -0.674153 -1.093231 -0.399278
v -0.674893 -1.092219 -0.402415
v -0.685437 -1.095718 -0.400992
v -0.674849 -1.095560 -0.401130
v -0.678650 -1.093793 -0.395818
v -0.678306 -1.104528 -0.405677
v -0.678407 -1.104528 -0.395951
v -0.677726 -1.094226 -0.397296
v -0.678365 -1.100229 -0.401308
v -0.651088 -1.075238 -0.403930
v -0.652681 -1.079752 -0.400808
v -0.650662 -1.074005 -0.397003
v -0.650318 -1.078124 -0.399199
v -0.650454 -1.078114 -0.402410
v -0.642646 -1.056151 -0.420465
v -0.644592 -1.056573 -0.404389
v -0.641383 -1.056821 -0.403807
v -0.643344 -1.056157 -0.411449
v -0.635542 -1.056153 -0.404618
v -0.636920 -1.056556 -0.421516
v -0.643464 -1.057396 -0.411372
v -0.628699 -1.057281 -0.425959
v -0.637159 -1.057407 -0.406285
v -0.635084 -1.057406 -0.400537
v -0.602440 -1.056887 -0.406072
v -0.624403 -1.057156 -0.427084
v -0.613498 -1.057397 -0.427092
v -0.596831 -1.056825 -0.410105
v -0.602895 -1.056861 -0.421809
v -0.615169 -1.056154 -0.427460
v -0.625179 -1.056374 -0.430451
v -0.600020 -1.056151 -0.423801
v -0.610657 -1.056146 -0.429843
v -0.615873 -1.061789 -0.430977
v -0.619591 -1.057411 -0.431350
v -0.614358 -1.069850 -0.430816
v -0.618073 -1.078118 -0.431603
v -0.616048 -1.074334 -0.432190
v -0.616072 -1.093750 -0.459199
v -0.617205 -1.091853 -0.462755
v -0.614369 -1.091551 -0.463066
v -0.619782 -1.089991 -0.464073
v -0.624044 -1.062662 -0.430952
v -0.622038 -1.091836 -0.462770
v -0.625252 -1.089081 -0.465946
v -0.614105 -1.087554 -0.466544
v -0.614212 -1.104528 -0.466418
v -0.617582 -1.093207 -0.466605
v -0.621663 -1.092670 -0.466615
v -0.619078 -1.091775 -0.456092
v -0.625120 -1.104528 -0.466308
v -0.620665 -1.095233 -0.456089
v -0.619550 -1.095484 -0.466630
v -0.621056 -1.093006 -0.455354
v -0.617844 -1.094445 -0.456030
v -0.624514 -1.104528 -0.459591
v -0.623406 -1.094085 -0.458975
v -0.619161 -1.100231 -0.459549
v -0.619974 -1.079655 -0.433606
v -0.624003 -1.072199 -0.431455
v -0.625759 -1.067268 -0.430182
v -0.621336 -1.078124 -0.431439
v -0.628925 -1.067361 -0.429211
v -0.629847 -1.056505 -0.429543
v -0.636226 -1.078366 -0.426210
v -0.614796 -1.104528 -0.459490
v -0.596519 -1.056772 -0.414391
v -0.599240 -1.056577 -0.402458
v -0.603749 -1.056154 -0.397083
v -0.604174 -1.057413 -0.398323
v -0.595872 -1.057396 -0.390183
v -0.604568 -1.057396 -0.378338
v -0.618652 -1.057421 -0.373904
v -0.628871 -1.056154 -0.374964
v -0.634082 -1.057430 -0.377813
v -0.642402 -1.056129 -0.386420
v -0.643476 -1.057416 -0.390072
v -0.637025 -1.056772 -0.395368
v -0.642693 -1.056153 -0.391138
v -0.641285 -1.056973 -0.397870
v -0.639965 -1.056309 -0.400917
v -0.553965 -1.087527 -0.395221
v -0.553856 -1.091667 -0.400529
v -0.564510 -1.093955 -0.402899
v -0.565277 -1.092286 -0.400339
v -0.564497 -1.094813 -0.399152
v -0.625408 -1.104528 -0.334969
v -0.625256 -1.104712 -0.342101
v -0.614068 -1.092868 -0.339106
v -0.608652 -1.102260 -0.342848
v -0.613920 -1.104528 -0.335087
v -0.607212 -1.134463 -0.342883
v -0.623868 -1.134287 -0.341646
v -0.641713 -1.134281 -0.345754
v -0.623931 -1.143316 -0.339399
v -0.612743 -1.143174 -0.339747
v -0.641850 -1.106254 -0.346205
v -0.637724 -1.096076 -0.343064
v -0.655890 -1.101753 -0.354083
v -0.650341 -1.093175 -0.347429
v -0.660148 -1.092263 -0.353642
v -0.642832 -1.086793 -0.338130
v -0.636121 -1.090945 -0.339890
v -0.660554 -1.086832 -0.348032
v -0.673188 -1.086763 -0.360907
v -0.668895 -1.084935 -0.349383
v -0.683514 -1.084938 -0.368679
v -0.690044 -1.084875 -0.393575
v -0.682191 -1.087463 -0.362948
v -0.675795 -1.086011 -0.354433
v -0.681829 -1.086789 -0.376557
v -0.689536 -1.086200 -0.380056
v -0.686649 -1.095301 -0.373192
v -0.692342 -1.087456 -0.391735
v -0.692279 -1.085910 -0.399335
v -0.688775 -1.084874 -0.417313
v -0.689474 -1.085960 -0.421675
v -0.692160 -1.087521 -0.409929
v -0.692392 -1.089070 -0.400869
v -0.692375 -1.097359 -0.403552
v -0.687883 -1.096694 -0.425172
v -0.688663 -1.112689 -0.409609
v -0.692063 -1.106115 -0.409419
v -0.692401 -1.092129 -0.405247
v -0.689626 -1.092362 -0.403133
v -0.689972 -1.096040 -0.401175
v -0.685672 -1.091895 -0.398709
v -0.685636 -1.093059 -0.403496
v -0.689961 -1.091925 -0.398949
v -0.692404 -1.092200 -0.396296
v -0.689941 -1.094723 -0.398597
v -0.685665 -1.096048 -0.400115
v -0.692395 -1.097000 -0.397714
v -0.692105 -1.106019 -0.392222
v -0.688876 -1.112644 -0.392228
v -0.687548 -1.147187 -0.388603
v -0.683647 -1.112964 -0.373539
v -0.688599 -1.147042 -0.403333
v -0.687242 -1.147944 -0.412880
v -0.686536 -1.148594 -0.388420
v -0.683056 -1.147165 -0.373605
v -0.678785 -1.148312 -0.372413
v -0.684414 -1.148348 -0.391028
v -0.684548 -1.148325 -0.410429
v -0.684082 -1.148690 -0.420981
v -0.677800 -1.148680 -0.366031
v -0.677002 -1.147181 -0.362637
v -0.665953 -1.148399 -0.353935
v -0.659009 -1.148718 -0.345881
v -0.669440 -1.147826 -0.353294
v -0.676125 -1.113249 -0.360180
v -0.665903 -1.113120 -0.348828
v -0.658093 -1.147276 -0.343439
v -0.652903 -1.113254 -0.339645
v -0.644810 -1.147111 -0.336574
v -0.643645 -1.148695 -0.337610
v -0.644122 -1.148243 -0.339801
v -0.631199 -1.148054 -0.333268
v -0.619524 -1.148484 -0.332503
v -0.601968 -1.147875 -0.334343
v -0.616486 -1.145631 -0.331552
v -0.627927 -1.145213 -0.332048
v -0.607093 -1.148331 -0.336443
v -0.624216 -1.148325 -0.335449
v -0.593009 -1.148600 -0.338497
v -0.588345 -1.147177 -0.339293
v -0.576291 -1.148332 -0.347759
v -0.587911 -1.148576 -0.343092
v -0.573849 -1.147664 -0.354998
v -0.587605 -1.143471 -0.348146
v -0.601204 -1.143325 -0.342052
v -0.590557 -1.134291 -0.349173
v -0.580034 -1.136622 -0.356995
v -0.589712 -1.106598 -0.350234
v -0.578046 -1.131781 -0.359183
v -0.579671 -1.140865 -0.355659
v -0.597623 -1.102111 -0.346082
v -0.584638 -1.095686 -0.351289
v -0.596528 -1.092282 -0.343101
v -0.590611 -1.087741 -0.341964
v -0.613591 -1.087238 -0.334741
v -0.614640 -1.084907 -0.329853
v -0.632067 -1.084893 -0.330968
v -0.617314 -1.092643 -0.334769
v -0.620920 -1.091306 -0.334707
v -0.625665 -1.087245 -0.334919
v -0.621803 -1.094981 -0.334782
v -0.625105 -1.094166 -0.339999
v -0.619283 -1.096079 -0.329511
v -0.618344 -1.095752 -0.334769
v -0.622171 -1.094054 -0.329327
v -0.621919 -1.097619 -0.326917
v -0.624356 -1.093186 -0.326911
v -0.620175 -1.091097 -0.329469
v -0.619356 -1.088511 -0.326909
v -0.617125 -1.093344 -0.329362
v -0.615177 -1.095704 -0.326955
v -0.618387 -1.102365 -0.327128
v -0.610466 -1.096201 -0.327116
v -0.614505 -1.100682 -0.327087
v -0.611277 -1.089858 -0.326920
v -0.613831 -1.086408 -0.328200
v -0.605724 -1.100160 -0.327110
v -0.600149 -1.098916 -0.327209
v -0.603516 -1.094200 -0.327413
v -0.605457 -1.090804 -0.329101
v -0.594814 -1.086098 -0.332245
v -0.599381 -1.098434 -0.331176
v -0.583440 -1.095879 -0.337797
v -0.597242 -1.104419 -0.332959
v -0.597694 -1.105622 -0.327320
v -0.597883 -1.128414 -0.327243
v -0.603556 -1.116131 -0.327025
v -0.603312 -1.106290 -0.327104
v -0.604622 -1.102505 -0.331223
v -0.603908 -1.115633 -0.331236
v -0.610210 -1.117015 -0.331165
v -0.612989 -1.115593 -0.331265
v -0.611147 -1.109110 -0.331141
v -0.610018 -1.117315 -0.327114
v -0.606281 -1.120448 -0.326902
v -0.609147 -1.124605 -0.326899
v -0.613661 -1.121917 -0.331241
v -0.613417 -1.122388 -0.327101
v -0.617415 -1.121826 -0.331271
v -0.618011 -1.122260 -0.327000
v -0.619481 -1.133858 -0.326902
v -0.617675 -1.118347 -0.331236
v -0.618070 -1.118049 -0.327120
v -0.620432 -1.113761 -0.326899
v -0.621524 -1.122243 -0.327131
v -0.630247 -1.124177 -0.326875
v -0.621470 -1.125447 -0.327099
v -0.617864 -1.125630 -0.327176
v -0.613679 -1.125807 -0.331212
v -0.617561 -1.126001 -0.331241
v -0.618076 -1.129743 -0.327113
v -0.613439 -1.125396 -0.327110
v -0.610999 -1.129405 -0.327096
v -0.606088 -1.132279 -0.327117
v -0.606801 -1.132317 -0.331259
v -0.611323 -1.129673 -0.331253
v -0.604551 -1.127398 -0.326899
v -0.601507 -1.122832 -0.326905
v -0.602268 -1.126238 -0.335954
v -0.608117 -1.126269 -0.335950
v -0.604269 -1.120372 -0.335953
v -0.608665 -1.122641 -0.335951
v -0.617648 -1.129475 -0.331224
v -0.613519 -1.131817 -0.331200
v -0.610516 -1.136171 -0.331262
v -0.613792 -1.132112 -0.327065
v -0.610590 -1.136721 -0.327155
v -0.616690 -1.139790 -0.326900
v -0.616437 -1.135975 -0.326902
v -0.607045 -1.141271 -0.327217
v -0.611542 -1.144099 -0.330801
v -0.601721 -1.136178 -0.327234
v -0.615516 -1.144625 -0.327250
v -0.605145 -1.140971 -0.332585
v -0.600027 -1.135101 -0.333858
v -0.597226 -1.127907 -0.334684
v -0.596582 -1.112943 -0.334966
v -0.579570 -1.113438 -0.343944
v -0.569417 -1.147111 -0.353573
v -0.567753 -1.113201 -0.354520
v -0.566703 -1.086684 -0.350365
v -0.556210 -1.087325 -0.364228
v -0.578798 -1.086061 -0.340643
v -0.575498 -1.084940 -0.345079
v -0.559961 -1.084938 -0.361256
v -0.563055 -1.086590 -0.364516
v -0.556781 -1.087937 -0.383405
v -0.551160 -1.085011 -0.379262
v -0.548707 -1.084880 -0.402428
v -0.549448 -1.087391 -0.380252
v -0.547055 -1.086879 -0.391646
v -0.552549 -1.113110 -0.382787
v -0.547264 -1.106073 -0.392171
v -0.547103 -1.086964 -0.409882
v -0.546953 -1.089679 -0.398332
v -0.547005 -1.096719 -0.396966
v -0.550438 -1.112669 -0.392240
v -0.551139 -1.147122 -0.391821
v -0.551689 -1.148325 -0.408871
v -0.550694 -1.112619 -0.409627
v -0.547236 -1.106019 -0.409435
v -0.546934 -1.096941 -0.404000
v -0.546968 -1.091049 -0.404828
v -0.549605 -1.091548 -0.399353
v -0.549416 -1.092794 -0.403286
v -0.549364 -1.095784 -0.401878
v -0.553705 -1.093511 -0.403449
v -0.553625 -1.091152 -0.400276
v -0.553812 -1.087103 -0.394868
v -0.553705 -1.094078 -0.398270
v -0.553692 -1.087147 -0.406656
v -0.553879 -1.104528 -0.406553
v -0.557093 -1.086842 -0.424373
v -0.559064 -1.091902 -0.415248
v -0.557666 -1.091861 -0.406348
v -0.561168 -1.104472 -0.405918
v -0.562267 -1.102037 -0.414400
v -0.569367 -1.123004 -0.430988
v -0.562363 -1.134324 -0.415777
v -0.565998 -1.100390 -0.426273
v -0.563362 -1.092021 -0.427330
v -0.575661 -1.099925 -0.441164
v -0.592438 -1.098886 -0.454166
v -0.585815 -1.092017 -0.453112
v -0.589956 -1.106595 -0.451552
v -0.578715 -1.106663 -0.442921
v -0.572038 -1.092170 -0.441053
v -0.567550 -1.086699 -0.442636
v -0.583022 -1.086780 -0.456850
v -0.602541 -1.086683 -0.465429
v -0.600975 -1.091909 -0.460422
v -0.580347 -1.084917 -0.460132
v -0.601383 -1.084884 -0.469277
v -0.583248 -1.086013 -0.463744
v -0.556680 -1.084861 -0.434337
v -0.571556 -1.086008 -0.455312
v -0.563107 -1.095327 -0.446492
v -0.563547 -1.086115 -0.447139
v -0.578452 -1.095893 -0.460262
v -0.575243 -1.112994 -0.454339
v -0.594206 -1.113292 -0.465885
v -0.595958 -1.096002 -0.469378
v -0.610461 -1.086722 -0.473291
v -0.595286 -1.086243 -0.469439
v -0.611067 -1.112649 -0.470038
v -0.614411 -1.147148 -0.469557
v -0.628227 -1.106072 -0.473291
v -0.628419 -1.112639 -0.469838
v -0.624508 -1.148012 -0.469378
v -0.602277 -1.148183 -0.467150
v -0.611084 -1.106025 -0.473288
v -0.614909 -1.094624 -0.473570
v -0.619514 -1.098105 -0.473602
v -0.619500 -1.096118 -0.471114
v -0.624397 -1.094726 -0.473545
v -0.622279 -1.093093 -0.471110
v -0.619597 -1.088862 -0.473521
v -0.628856 -1.087527 -0.473343
v -0.619604 -1.086638 -0.473652
v -0.643385 -1.095451 -0.469474
v -0.639313 -1.113708 -0.467530
v -0.634035 -1.086069 -0.472141
v -0.645848 -1.084881 -0.466670
v -0.646700 -1.086164 -0.468346
v -0.623486 -1.084890 -0.471824
v -0.646127 -1.086755 -0.462212
v -0.625925 -1.087253 -0.466875
v -0.637879 -1.092096 -0.460414
v -0.625411 -1.104528 -0.466518
v -0.616970 -1.092834 -0.466817
v -0.613736 -1.087140 -0.466688
v -0.621845 -1.092088 -0.466850
v -0.625069 -1.094177 -0.461509
v -0.635933 -1.102110 -0.457597
v -0.624519 -1.104550 -0.459464
v -0.631522 -1.134284 -0.458909
v -0.613162 -1.134257 -0.459746
v -0.613918 -1.104530 -0.466642
v -0.614363 -1.104595 -0.459416
v -0.604370 -1.102143 -0.457804
v -0.614191 -1.092706 -0.462143
v -0.594816 -1.134406 -0.454479
v -0.583690 -1.134280 -0.447745
v -0.601490 -1.138898 -0.457893
v -0.587453 -1.143361 -0.453419
v -0.573952 -1.147597 -0.446394
v -0.604283 -1.148364 -0.464603
v -0.577645 -1.144625 -0.446376
v -0.579928 -1.140041 -0.445727
v -0.606617 -1.143361 -0.461164
v -0.587073 -1.148329 -0.457633
v -0.585292 -1.148584 -0.459567
v -0.591924 -1.147197 -0.463995
v -0.578224 -1.147172 -0.455976
v -0.570226 -1.147975 -0.448395
v -0.563483 -1.149029 -0.436705
v -0.574063 -1.143227 -0.441878
v -0.562910 -1.147205 -0.439954
v -0.555755 -1.148579 -0.423705
v -0.561869 -1.143491 -0.422575
v -0.555028 -1.148265 -0.413022
v -0.555135 -1.148342 -0.389713
v -0.558317 -1.143414 -0.406561
v -0.559176 -1.143200 -0.389105
v -0.564556 -1.134373 -0.379559
v -0.561490 -1.134420 -0.390259
v -0.563240 -1.143441 -0.376238
v -0.569250 -1.134271 -0.369949
v -0.568453 -1.143619 -0.366444
v -0.560588 -1.148292 -0.372314
v -0.552358 -1.148626 -0.392482
v -0.556778 -1.148646 -0.375985
v -0.556404 -1.147171 -0.373373
v -0.562107 -1.147879 -0.363307
v -0.558394 -1.113017 -0.367730
v -0.575404 -1.137448 -0.361129
v -0.574188 -1.143497 -0.359686
v -0.594661 -1.140356 -0.382499
v -0.596576 -1.145689 -0.382395
v -0.599801 -1.149651 -0.381107
v -0.596620 -1.154988 -0.389764
v -0.604916 -1.157088 -0.381417
v -0.577379 -1.144920 -0.355264
v -0.601507 -1.145380 -0.377520
v -0.609643 -1.141688 -0.371783
v -0.601376 -1.140127 -0.375688
v -0.600817 -1.134708 -0.376391
v -0.598583 -1.129985 -0.378449
v -0.608644 -1.125703 -0.372392
v -0.598769 -1.125708 -0.378951
v -0.601909 -1.125948 -0.379586
v -0.592668 -1.125702 -0.386922
v -0.597412 -1.129964 -0.379644
v -0.593555 -1.125891 -0.391999
v -0.589327 -1.125705 -0.399834
v -0.592655 -1.125923 -0.406261
v -0.617226 -1.126214 -0.428099
v -0.637421 -1.125948 -0.422018
v -0.646552 -1.125887 -0.394786
v -0.642147 -1.125928 -0.385120
v -0.599002 -1.125903 -0.419047
v -0.606185 -1.125699 -0.428146
v -0.621857 -1.125705 -0.431191
v -0.615501 -1.126019 -0.373551
v -0.626818 -1.125970 -0.374354
v -0.635346 -1.125923 -0.378323
v -0.646070 -1.125875 -0.408862
v -0.626689 -1.125878 -0.427285
v -0.608285 -1.125832 -0.425721
v -0.593318 -1.125703 -0.416538
v -0.595533 -1.133444 -0.420120
v -0.589198 -1.141463 -0.404490
v -0.592149 -1.142274 -0.414061
v -0.597825 -1.129675 -0.422534
v -0.578326 -1.132647 -0.442179
v -0.579898 -1.136100 -0.444432
v -0.600630 -1.134366 -0.425199
v -0.601448 -1.140362 -0.425811
v -0.601359 -1.145524 -0.423959
v -0.609735 -1.141507 -0.429819
v -0.604952 -1.155623 -0.421186
v -0.620519 -1.140262 -0.431558
v -0.614479 -1.156802 -0.424907
v -0.620748 -1.167849 -0.417765
v -0.611795 -1.169106 -0.414915
v -0.623547 -1.154466 -0.426220
v -0.628884 -1.140485 -0.430157
v -0.631797 -1.149662 -0.425867
v -0.627587 -1.166202 -0.417592
v -0.635907 -1.158508 -0.417934
v -0.621780 -1.181302 -0.402009
v -0.635572 -1.165899 -0.410751
v -0.619671 -1.177778 -0.407656
v -0.617321 -1.180673 -0.402958
v -0.610318 -1.175079 -0.396884
v -0.619021 -1.181340 -0.398585
v -0.608168 -1.173134 -0.404377
v -0.602432 -1.167440 -0.398944
v -0.601108 -1.160762 -0.413268
v -0.598309 -1.161197 -0.406021
v -0.594013 -1.154512 -0.399603
v -0.590542 -1.140439 -0.390515
v -0.595248 -1.134443 -0.381731
v -0.578687 -1.132787 -0.359885
v -0.599971 -1.149637 -0.420709
v -0.596342 -1.145348 -0.419061
v -0.594585 -1.140105 -0.419077
v -0.575442 -1.137406 -0.440367
v -0.567879 -1.138858 -0.431018
v -0.603787 -1.165684 -0.390958
v -0.611467 -1.169417 -0.387223
v -0.615760 -1.155471 -0.375796
v -0.618268 -1.166709 -0.382879
v -0.625607 -1.170600 -0.387348
v -0.626322 -1.159573 -0.378774
v -0.629388 -1.150715 -0.374925
v -0.636710 -1.160369 -0.385904
v -0.643062 -1.145052 -0.382567
v -0.639613 -1.149565 -0.381111
v -0.639905 -1.161835 -0.393124
v -0.627454 -1.175187 -0.394611
v -0.648300 -1.140953 -0.389412
v -0.646715 -1.125702 -0.387051
v -0.650076 -1.125706 -0.400252
v -0.644727 -1.140091 -0.382410
v -0.650363 -1.139700 -0.404360
v -0.648002 -1.148177 -0.398833
v -0.644146 -1.134695 -0.381758
v -0.663795 -1.136901 -0.361138
v -0.642051 -1.130019 -0.379787
v -0.661056 -1.132621 -0.359346
v -0.638186 -1.125706 -0.376632
v -0.640753 -1.129922 -0.378561
v -0.638544 -1.134436 -0.376246
v -0.659279 -1.136791 -0.356807
v -0.631235 -1.140213 -0.372296
v -0.637961 -1.140346 -0.375738
v -0.660581 -1.143203 -0.355246
v -0.637973 -1.146093 -0.377894
v -0.665004 -1.147311 -0.355535
v -0.650386 -1.143073 -0.347472
v -0.636361 -1.143414 -0.341445
v -0.654880 -1.133817 -0.353335
v -0.663809 -1.102739 -0.361686
v -0.670653 -1.134663 -0.370718
v -0.669439 -1.091807 -0.363171
v -0.672858 -1.102632 -0.375287
v -0.674772 -1.092282 -0.372104
v -0.679023 -1.092924 -0.384087
v -0.677557 -1.102167 -0.389803
v -0.681453 -1.092398 -0.395269
v -0.685600 -1.087140 -0.394762
v -0.685553 -1.087182 -0.406659
v -0.685328 -1.104528 -0.395053
v -0.678184 -1.104498 -0.395723
v -0.685451 -1.104532 -0.406555
v -0.680921 -1.092825 -0.406282
v -0.678203 -1.104597 -0.405971
v -0.678060 -1.135214 -0.390593
v -0.678710 -1.134399 -0.404127
v -0.677192 -1.096026 -0.419966
v -0.675443 -1.107012 -0.419307
v -0.676929 -1.134426 -0.415299
v -0.669861 -1.102371 -0.431585
v -0.673340 -1.134260 -0.425534
v -0.672929 -1.143120 -0.431466
v -0.667759 -1.133718 -0.435108
v -0.678588 -1.143560 -0.418893
v -0.675940 -1.148563 -0.435889
v -0.680633 -1.143205 -0.408600
v -0.681067 -1.143605 -0.395356
v -0.678741 -1.143414 -0.383288
v -0.672799 -1.143518 -0.369421
v -0.676291 -1.133595 -0.383835
v -0.665248 -1.143861 -0.359375
v -0.664846 -1.147362 -0.446310
v -0.665439 -1.144757 -0.443019
v -0.676470 -1.147998 -0.439588
v -0.662718 -1.148686 -0.452869
v -0.659381 -1.147869 -0.451943
v -0.640006 -1.143281 -0.459061
v -0.647762 -1.138066 -0.453484
v -0.661182 -1.143940 -0.446406
v -0.645231 -1.148331 -0.461285
v -0.624455 -1.143339 -0.462268
v -0.625352 -1.148634 -0.466571
v -0.648844 -1.148577 -0.462269
v -0.638903 -1.147151 -0.467097
v -0.653272 -1.147162 -0.461082
v -0.666086 -1.147172 -0.451857
v -0.657761 -1.112885 -0.459309
v -0.672299 -1.113396 -0.446243
v -0.678487 -1.086504 -0.444292
v -0.682872 -1.113016 -0.430220
v -0.670605 -1.087606 -0.453287
v -0.660769 -1.084986 -0.459705
v -0.660674 -1.087361 -0.461374
v -0.676284 -1.086790 -0.436282
v -0.663015 -1.086809 -0.451590
v -0.678784 -1.084880 -0.439833
v -0.682999 -1.086079 -0.436568
v -0.672594 -1.092097 -0.433592
v -0.663027 -1.093506 -0.444486
v -0.652202 -1.091896 -0.454038
v -0.648715 -1.100500 -0.452621
v -0.649907 -1.123616 -0.450851
v -0.661286 -1.102483 -0.442661
v -0.659434 -1.136226 -0.444592
v -0.661300 -1.131807 -0.442296
v -0.660629 -1.132833 -0.441806
v -0.664024 -1.137618 -0.440333
v -0.642232 -1.130138 -0.421807
v -0.644269 -1.135660 -0.419486
v -0.664283 -1.140656 -0.440612
v -0.642762 -1.145676 -0.419210
v -0.644721 -1.140335 -0.419124
v -0.645710 -1.149598 -0.411093
v -0.645660 -1.125703 -0.417004
v -0.634851 -1.125702 -0.427029
v -0.640830 -1.129872 -0.422966
v -0.638883 -1.133841 -0.425069
v -0.637803 -1.140133 -0.425901
v -0.659475 -1.139523 -0.445922
v -0.638075 -1.146808 -0.423273
v -0.639486 -1.149677 -0.420516
v -0.643023 -1.158108 -0.405341
v -0.631543 -1.173438 -0.402112
v -0.641621 -1.161043 -0.398462
v -0.682654 -1.087992 -0.417718
v -0.683803 -1.147149 -0.426180
v -0.623916 -1.125703 -0.370699
v -0.619856 -1.140098 -0.369942
v -0.564999 -1.102067 -0.378840
v -0.570963 -1.102114 -0.367420
v -0.579726 -1.102425 -0.357543
v -0.564072 -1.092252 -0.372701
v -0.573718 -1.091929 -0.358656
v -0.576984 -1.086713 -0.349439
v -0.589421 -1.084888 -0.336598
v -0.560624 -1.095881 -0.387695
v -0.561079 -1.104544 -0.395757
v -0.562597 -1.106700 -0.387061
v -0.558490 -1.092992 -0.395338
v -0.554004 -1.104528 -0.395053
v -0.553662 -1.096039 -0.400870
v -0.549392 -1.095206 -0.398893
v -0.560576 -1.134261 -0.400463
v -0.554308 -1.147138 -0.423231
v -0.563330 -1.113027 -0.441723
v -0.553500 -1.114002 -0.422597
v -0.551446 -1.095307 -0.425448
v -0.557006 -1.086105 -0.437775
v -0.551220 -1.086061 -0.425558
v -0.620186 -1.096099 -0.466856
v -0.619229 -1.091280 -0.471104
v -0.617142 -1.093477 -0.471052
v -0.622055 -1.140381 -0.326902
v -0.625602 -1.144278 -0.327209
v -0.628465 -1.136609 -0.327164
v -0.625495 -1.132075 -0.327065
v -0.623007 -1.136145 -0.326899
v -0.634219 -1.139730 -0.327238
v -0.627426 -1.144076 -0.330157
v -0.635393 -1.139824 -0.332806
v -0.639937 -1.133896 -0.334036
v -0.639593 -1.133421 -0.327223
v -0.633208 -1.132436 -0.327188
v -0.636457 -1.121267 -0.326896
v -0.641713 -1.125898 -0.327327
v -0.637236 -1.125746 -0.326902
v -0.633161 -1.127289 -0.326897
v -0.642114 -1.127861 -0.334665
v -0.642429 -1.107156 -0.333915
v -0.639955 -1.098204 -0.331271
v -0.641608 -1.106276 -0.327170
v -0.651626 -1.086627 -0.334953
v -0.641600 -1.086231 -0.331309
v -0.664232 -1.086641 -0.342866
v -0.654435 -1.084943 -0.338743
v -0.673450 -1.095580 -0.352356
v -0.630617 -1.085824 -0.329062
v -0.636909 -1.094188 -0.329669
v -0.628823 -1.088336 -0.328258
v -0.633432 -1.092464 -0.326953
v -0.629018 -1.096281 -0.327172
v -0.635265 -1.102514 -0.327184
v -0.640086 -1.100004 -0.327709
v -0.635352 -1.104942 -0.331221
v -0.635750 -1.116023 -0.327125
v -0.629647 -1.096687 -0.331330
v -0.626265 -1.100097 -0.331206
v -0.625467 -1.100347 -0.327131
v -0.626154 -1.104912 -0.331279
v -0.621859 -1.102425 -0.331162
v -0.628357 -1.110559 -0.331265
v -0.627887 -1.110546 -0.327102
v -0.625281 -1.104603 -0.327098
v -0.620912 -1.102475 -0.327119
v -0.625228 -1.115924 -0.327104
v -0.623471 -1.109451 -0.326897
v -0.622546 -1.108036 -0.335950
v -0.618384 -1.106886 -0.326900
v -0.622799 -1.111885 -0.335951
v -0.616152 -1.111056 -0.335951
v -0.619378 -1.113752 -0.335956
v -0.615998 -1.111512 -0.326903
v -0.612698 -1.114744 -0.327127
v -0.611979 -1.107806 -0.327081
v -0.617638 -1.107309 -0.335948
v -0.613117 -1.104932 -0.331267
v -0.614955 -1.104084 -0.327056
v -0.617213 -1.102514 -0.331220
v -0.610229 -1.096926 -0.331300
v -0.625608 -1.116112 -0.331187
v -0.621743 -1.118242 -0.331239
v -0.621247 -1.118019 -0.327101
v -0.621785 -1.121773 -0.331223
v -0.625658 -1.121968 -0.331209
v -0.629109 -1.117035 -0.331190
v -0.629349 -1.117302 -0.327117
v -0.625893 -1.122353 -0.327143
v -0.635312 -1.115692 -0.331220
v -0.632243 -1.120837 -0.326902
v -0.633827 -1.120443 -0.335957
v -0.630198 -1.125091 -0.335957
v -0.637298 -1.122641 -0.335951
v -0.636249 -1.126691 -0.335953
v -0.628327 -1.129402 -0.327092
v -0.625688 -1.125859 -0.331223
v -0.625830 -1.125308 -0.327090
v -0.627936 -1.129641 -0.331224
v -0.632602 -1.132531 -0.331250
v -0.625757 -1.131688 -0.331218
v -0.628553 -1.136033 -0.331264
v -0.621688 -1.129470 -0.331245
v -0.621886 -1.125904 -0.331218
v -0.621298 -1.129820 -0.327086
v -0.623176 -1.139152 -0.335954
v -0.621399 -1.134459 -0.335951
v -0.616523 -1.135491 -0.335953
v -0.617686 -1.140494 -0.335951
vn -0.8774 -0.0212 -0.4793
vn -0.8600 -0.1576 -0.4853
vn -0.7330 -0.0766 -0.6760
vn -0.9648 -0.0580 0.2565
vn -0.5478 -0.0340 -0.8359
vn -0.8536 -0.0686 -0.5163
vn -0.4637 -0.0166 -0.8858
vn -0.1489 -0.9888 0.0039
vn -0.1346 -0.9909 -0.0014
vn -0.1294 -0.9916 -0.0034
vn -0.9809 -0.0144 0.1941
vn -0.9047 -0.2529 -0.3428
vn -0.7473 -0.6469 0.1516
vn -0.7240 -0.6404 0.2565
vn -0.7322 -0.6740 0.0982
vn -0.5846 -0.5245 -0.6190
vn -0.5715 -0.5949 -0.5652
vn -0.5756 -0.5758 -0.5806
vn -0.5653 -0.6198 -0.5443
vn -0.9974 -0.0713 0.0041
vn -0.8713 -0.4391 0.2193
vn -0.7016 -0.7125 -0.0022
vn -0.5258 -0.7951 0.3024
vn -0.6039 -0.6764 0.4215
vn -0.8819 -0.4713 0.0140
vn -0.7558 -0.4642 0.4618
vn -0.6125 -0.5521 0.5658
vn -0.2979 -0.8641 0.4058
vn -0.3332 -0.7294 0.5975
vn -0.3826 -0.5832 0.7166
vn -0.5057 -0.7058 0.4961
vn -0.4346 -0.4685 0.7692
vn -0.2878 -0.3551 0.8894
vn -0.1699 -0.6428 0.7470
vn -0.5001 -0.3461 0.7938
vn -0.5897 -0.2111 0.7796
vn -0.5015 -0.1979 0.8422
vn -0.3484 -0.1760 0.9207
vn -0.1622 -0.1873 0.9688
vn -0.1164 -0.1699 0.9786
vn -0.1302 -0.2388 0.9623
vn -0.2446 -0.4987 0.8315
vn 0.0673 -0.1964 0.9782
vn 0.1807 -0.2220 0.9582
vn 0.0031 -0.9999 0.0123
vn 0.0024 -0.9999 0.0118
vn 0.0059 -1.0000 0.0015
vn 0.3499 0.8543 0.3843
vn 0.4517 -0.3491 0.8210
vn 0.7173 -0.3467 0.6044
vn 0.6307 -0.3021 0.7148
vn 0.4115 -0.4340 0.8014
vn 0.9295 -0.1554 0.3346
vn 0.9888 -0.0866 0.1218
vn 0.4919 -0.5118 0.7044
vn 0.5192 -0.5077 0.6875
vn 0.9982 -0.0451 0.0384
vn -0.0043 -0.0595 0.9982
vn -0.0024 -0.0398 0.9992
vn -0.0019 -0.0693 0.9976
vn -0.0022 -0.0927 0.9957
vn -0.0003 -0.0891 0.9960
vn 0.0022 -0.0828 0.9966
vn -0.6703 -0.3787 0.6382
vn -0.5183 -0.5041 0.6908
vn -0.3879 -0.5682 0.7257
vn 0.2098 -0.5248 0.8249
vn 0.1368 -0.6631 0.7359
vn 0.3211 -0.6030 0.7303
vn -0.0700 -0.7770 0.6256
vn 0.1616 -0.7728 0.6137
vn 0.4111 -0.7744 0.4809
vn 0.0350 -0.8853 0.4637
vn -0.0280 -0.9992 0.0300
vn 0.2454 -0.9440 0.2203
vn 0.3252 -0.8897 0.3205
vn 0.3767 -0.9194 -0.1132
vn 0.5428 -0.8318 0.1165
vn 0.6501 -0.6917 0.3145
vn 0.6553 -0.7424 0.1395
vn 0.6407 -0.7540 -0.1450
vn 0.4988 -0.8434 -0.1996
vn 0.6120 -0.7060 -0.3563
vn 0.7914 -0.5884 -0.1658
vn 0.9931 -0.1169 -0.0068
vn 0.9970 -0.0777 -0.0033
vn 0.9917 -0.1289 -0.0000
vn 0.9872 -0.1598 -0.0006
vn 0.7779 -0.3865 0.4954
vn 0.5145 -0.5918 0.6206
vn 0.5799 -0.6048 0.5458
vn 0.8060 -0.5665 0.1715
vn 0.4719 -0.0170 0.8815
vn 0.3211 -0.0322 0.9465
vn 0.3296 -0.0314 0.9436
vn 0.4821 -0.0159 0.8760
vn 0.9161 -0.3193 0.2427
vn 0.9481 -0.0534 0.3135
vn 0.9754 -0.0412 0.2165
vn 0.9901 -0.0845 0.1122
vn 0.1243 -0.9922 0.0094
vn 0.1271 -0.9919 0.0084
vn 0.1279 -0.9917 0.0081
vn -0.0001 -1.0000 -0.0001
vn -0.0000 -1.0000 0.0001
vn -0.0002 -1.0000 -0.0002
vn 0.9792 -0.0231 0.2017
vn 0.3196 -0.0634 0.9454
vn 0.5132 -0.0140 0.8581
vn 0.4904 -0.0359 0.8707
vn -0.0001 -1.0000 0.0006
vn 0.2942 -0.0728 0.9530
vn -0.6471 -0.0658 -0.7596
vn -0.5320 0.0279 -0.8463
vn -0.5752 -0.0060 -0.8180
vn -0.7936 -0.0609 0.6053
vn -0.8153 -0.0355 0.5780
vn -0.8701 0.0385 0.4913
vn -0.4571 0.0824 -0.8856
vn -0.0001 -1.0000 -0.0002
vn -0.0002 -1.0000 0.0002
vn -0.7279 -0.1282 0.6736
vn -0.0010 -1.0000 0.0003
vn 0.4534 0.1500 0.8786
vn -0.0031 -1.0000 -0.0054
vn -0.0008 -1.0000 -0.0003
vn -0.0009 -1.0000 -0.0018
vn 0.0190 -0.9998 0.0090
vn 0.8717 -0.1060 0.4785
vn 0.8998 -0.2112 0.3819
vn 0.9517 -0.0739 0.2979
vn 0.7455 -0.1964 -0.6369
vn 0.7167 -0.0755 -0.6933
vn 0.9314 -0.2018 -0.3030
vn 0.4165 -0.0485 -0.9079
vn 0.2270 -0.0498 -0.9726
vn 0.7705 -0.1446 -0.6208
vn 0.9201 -0.3910 0.0234
vn 0.0927 -0.0193 -0.9955
vn 0.8898 -0.4475 -0.0893
vn 0.7526 -0.0378 -0.6574
vn 0.7740 -0.0406 -0.6319
vn 0.8248 -0.5497 0.1322
vn 0.6695 -0.6343 -0.3865
vn 0.6686 -0.6471 -0.3664
vn 0.6689 -0.6434 -0.3722
vn 0.6698 -0.6297 -0.3936
vn 0.9687 -0.0073 -0.2480
vn 0.9230 -0.0232 -0.3840
vn 0.4084 -0.1560 -0.8994
vn 0.3978 -0.3877 -0.8316
vn 0.4080 -0.2176 -0.8867
vn 0.3989 -0.0305 -0.9165
vn 0.3987 -0.0305 -0.9166
vn 0.9993 -0.0378 -0.0041
vn 0.9993 -0.0378 -0.0036
vn 0.9988 -0.0481 0.0033
vn 0.1227 -0.9924 0.0096
vn 0.7535 -0.4654 0.4644
vn 0.8136 -0.2912 0.5033
vn 0.5583 -0.6232 0.5476
vn 0.6682 -0.4659 0.5800
vn 0.6787 -0.3499 0.6457
vn 0.6325 -0.4267 0.6464
vn -0.1496 -0.0151 0.9886
vn -0.4341 -0.0798 0.8973
vn -0.0577 0.0057 0.9983
vn -0.5096 -0.0975 0.8549
vn 0.5281 -0.4337 0.7300
vn 0.6299 -0.0569 0.7746
vn 0.4162 -0.4664 0.7805
vn 0.9985 -0.0527 0.0158
vn 0.9953 -0.0277 0.0933
vn 0.9769 -0.1144 -0.1803
vn 0.6231 -0.0535 0.7803
vn -0.0001 -1.0000 0.0003
vn 0.0002 -1.0000 0.0004
vn 0.0016 -1.0000 0.0011
vn 0.9586 -0.1359 -0.2504
vn 0.5031 -0.3268 0.8001
vn 0.5463 -0.2236 0.8072
vn 0.4263 -0.2093 0.8801
vn 0.2986 -0.3701 0.8797
vn 0.6919 -0.1715 0.7013
vn -0.0008 -1.0000 0.0001
vn 0.1008 -0.9928 -0.0644
vn 0.1382 -0.9886 -0.0599
vn 0.0009 -0.9971 -0.0760
vn 0.8723 -0.1156 -0.4750
vn 0.8535 -0.1306 -0.5044
vn 0.8413 -0.1397 -0.5223
vn 0.2299 -0.9720 -0.0485
vn 0.6691 -0.0725 0.7396
vn -0.8580 -0.1356 0.4954
vn -0.8564 -0.1341 0.4985
vn -0.8541 -0.1318 0.5031
vn -0.3984 0.0854 -0.9132
vn -0.4352 0.1840 -0.8813
vn -0.3941 0.1079 -0.9127
vn -0.8523 -0.1306 0.5066
vn -0.5827 0.1632 -0.7961
vn -0.5819 0.2956 -0.7576
vn -0.2945 0.2717 -0.9162
vn -0.0003 -1.0000 -0.0010
vn -0.0013 -1.0000 -0.0019
vn 0.0004 -1.0000 -0.0003
vn 0.0010 -1.0000 0.0001
vn -0.4416 0.1352 -0.8870
vn 0.9604 -0.1047 -0.2582
vn 0.9606 -0.1050 -0.2573
vn 0.9606 -0.1057 -0.2570
vn 0.9608 -0.1062 -0.2563
vn 0.3356 -0.1868 0.9233
vn 0.3755 -0.0875 0.9227
vn 0.3714 -0.0825 0.9248
vn 0.1841 -0.2038 0.9615
vn 0.1338 -0.9903 -0.0384
vn 0.1276 -0.9910 -0.0412
vn 0.1508 -0.9881 -0.0311
vn 0.1108 -0.9926 -0.0487
vn 0.1397 -0.0843 0.9866
vn -0.9564 -0.1331 0.2598
vn -0.9577 -0.1307 0.2563
vn -0.9548 -0.1360 0.2644
vn -0.9535 -0.1383 0.2679
vn -0.1471 0.0801 -0.9859
vn -0.1769 0.1782 -0.9680
vn -0.1111 0.1942 -0.9747
vn -0.1333 0.0613 -0.9892
vn -0.0000 -1.0000 -0.0000
vn 0.0004 -1.0000 -0.0010
vn 0.0008 -1.0000 -0.0021
vn 0.0011 -1.0000 -0.0029
vn 0.9931 -0.1056 -0.0514
vn 0.9923 -0.1215 -0.0243
vn 0.9929 -0.0890 -0.0794
vn 0.9907 -0.1357 -0.0002
vn 0.1288 -0.0723 0.9890
vn 0.0756 0.2882 -0.9546
vn 0.0688 0.1683 -0.9833
vn 0.2979 -0.9388 0.1732
vn -0.0603 0.3976 -0.9156
vn 0.2167 0.4919 -0.8433
vn 0.3440 0.2841 -0.8949
vn 0.1792 0.1585 -0.9710
vn -0.2054 0.5525 -0.8078
vn 0.0253 0.6195 -0.7846
vn -0.3893 0.6143 -0.6864
vn -0.2636 0.7569 -0.5980
vn -0.3745 0.4163 -0.8285
vn -0.5386 0.7190 -0.4393
vn -0.5968 0.5179 -0.6129
vn -0.3780 0.8714 -0.3126
vn -0.7025 0.6319 -0.3275
vn -0.6160 0.7689 -0.1715
vn -0.0065 0.9999 -0.0140
vn -0.1379 0.8876 -0.4395
vn -0.3609 0.9326 -0.0074
vn -0.4967 0.8679 -0.0051
vn -0.1758 0.9403 0.2914
vn -0.4381 0.8528 0.2843
vn 0.0729 0.8740 0.4805
vn -0.1889 0.8832 0.4292
vn 0.2158 0.9345 0.2832
vn 0.4214 0.8970 0.1334
vn 0.3049 0.8432 0.4428
vn -0.0441 0.7662 0.6411
vn 0.2858 0.7418 0.6067
vn 0.5678 0.7288 0.3827
vn 0.0531 0.6076 0.7924
vn 0.4791 0.5583 0.6773
vn 0.2685 0.5629 0.7817
vn -0.2596 0.5542 0.7909
vn -0.0949 0.3795 0.9203
vn 0.2183 0.3402 0.9147
vn -0.3018 0.1281 0.9447
vn -0.3627 0.2602 0.8948
vn 0.0575 0.2545 0.9654
vn -0.1704 0.2273 0.9588
vn 0.1732 -0.3409 0.9240
vn 0.0115 -0.9011 0.4335
vn 0.6769 -0.3536 -0.6456
vn 0.3702 -0.9285 0.0267
vn 0.3658 -0.9293 0.0502
vn 0.3300 -0.9199 0.2119
vn 0.9203 -0.3913 0.0023
vn 0.9599 -0.2557 0.1151
vn 0.9517 -0.3071 -0.0061
vn 0.9490 -0.3154 -0.0026
vn 0.9087 -0.4172 0.0095
vn 0.7739 -0.6330 0.0193
vn 0.3254 -0.9172 0.2297
vn 0.0505 -0.1646 -0.9851
vn -0.4692 -0.6114 -0.6372
vn -0.6795 -0.7313 -0.0590
vn -0.6317 -0.7750 -0.0194
vn -0.5954 -0.7901 -0.1456
vn 0.0046 -0.9993 -0.0360
vn 0.0020 -0.9992 -0.0405
vn 0.0056 -0.9994 -0.0346
vn -0.7795 -0.6261 0.0178
vn -0.1040 -0.2093 0.9723
vn 0.0093 -0.7646 0.6444
vn 0.0085 -0.9995 -0.0302
vn 0.7196 -0.6896 0.0820
vn 0.1901 -0.2492 0.9496
vn -0.3190 -0.9187 -0.2329
vn -0.3304 -0.9245 -0.1900
vn -0.3867 -0.9180 0.0882
vn 0.4658 -0.8835 0.0503
vn 0.4652 -0.8839 0.0478
vn 0.4651 -0.8840 0.0470
vn -0.1374 -0.2159 -0.9667
vn 0.0611 -0.9364 -0.3457
vn 0.0568 -0.8682 -0.4929
vn 0.0609 -0.9331 -0.3544
vn -0.3913 -0.9123 0.1208
vn 0.4658 -0.8834 0.0512
vn 0.1651 -0.2117 -0.9633
vn 0.8497 -0.5157 -0.1094
vn 0.9165 -0.3993 0.0244
vn 0.7694 -0.6061 -0.2016
vn 0.3800 -0.8985 0.2195
vn 0.0906 -0.0721 -0.9933
vn -0.0036 -0.0474 -0.9989
vn -0.0083 -0.0657 -0.9978
vn -0.3621 -0.0583 -0.9303
vn -0.0022 -0.9998 -0.0203
vn -0.0012 -0.9997 -0.0226
vn -0.0015 -0.9998 -0.0219
vn -0.7624 -0.0411 -0.6458
vn -0.8194 -0.0568 -0.5704
vn -0.7692 -0.0429 -0.6376
vn -0.1451 -0.0604 -0.9876
vn 0.0156 -0.0517 -0.9985
vn -0.0219 -0.0469 -0.9987
vn 0.8021 -0.0521 -0.5949
vn 0.6496 -0.2953 -0.7006
vn 0.6514 -0.2607 -0.7125
vn 0.8162 -0.0477 -0.5758
vn -0.1082 -0.1031 -0.9888
vn -0.0672 -0.0288 -0.9973
vn -0.0029 -0.9998 -0.0185
vn 0.0180 -0.0384 -0.9991
vn -0.3149 -0.5757 -0.7546
vn -0.1985 -0.5959 -0.7782
vn -0.1908 -0.6974 -0.6908
vn 0.0334 -0.0403 -0.9986
vn 0.5493 -0.5215 -0.6529
vn -0.1126 -0.6559 -0.7464
vn 0.1299 -0.6616 -0.7385
vn 0.0486 -0.7980 -0.6008
vn -0.4191 -0.6404 -0.6436
vn -0.2948 -0.8011 -0.5209
vn 0.1783 -0.8847 -0.4308
vn 0.3957 -0.7993 -0.4524
vn 0.3274 -0.6484 -0.6874
vn -0.2491 -0.9044 -0.3464
vn 0.0745 -0.9469 -0.3128
vn -0.5249 -0.7863 -0.3258
vn -0.4464 -0.8949 0.0014
vn -0.3115 -0.9147 0.2576
vn -0.7099 -0.6990 -0.0857
vn -0.7989 -0.5766 -0.1712
vn -0.6607 -0.5669 -0.4921
vn -0.7528 -0.6525 0.0872
vn -0.8963 -0.3994 0.1926
vn -0.8946 -0.0153 0.4466
vn -0.7490 -0.0347 0.6616
vn -0.9597 -0.0141 0.2806
vn -0.5350 -0.3407 0.7731
vn -0.6155 -0.0027 0.7882
vn -0.8944 -0.3090 0.3233
vn -0.9103 -0.4135 -0.0181
vn -0.3988 -0.0991 0.9117
vn 0.0542 0.1003 0.9935
vn 0.0213 0.0819 0.9964
vn -0.9309 -0.2446 0.2713
vn -0.8081 -0.3297 -0.4881
vn -0.8862 -0.1681 -0.4317
vn -0.9448 -0.1984 0.2607
vn -0.8694 -0.0904 0.4858
vn -0.7782 -0.1520 -0.6094
vn -0.8863 -0.0747 -0.4571
vn -0.7735 -0.0518 -0.6316
vn -0.5637 -0.1802 -0.8061
vn -0.6887 -0.3377 -0.6416
vn -0.4851 -0.3237 -0.8123
vn -0.6496 -0.4583 -0.6066
vn 0.5077 -0.0732 -0.8584
vn 0.0013 -1.0000 -0.0010
vn -0.0004 -1.0000 -0.0015
vn -0.0002 -1.0000 -0.0016
vn -0.4006 -0.5150 -0.7578
vn -0.4154 -0.4802 -0.7725
vn -0.4392 -0.2514 -0.8625
vn -0.9575 -0.1365 0.2540
vn -0.9907 -0.0338 -0.1321
vn -0.9828 -0.1095 0.1484
vn -0.0027 -1.0000 -0.0022
vn -0.3244 -0.1359 -0.9361
vn -0.0017 -1.0000 0.0005
vn 0.0110 -0.9995 -0.0290
vn -0.0012 -1.0000 0.0017
vn -0.0020 -0.9999 -0.0134
vn 0.0053 -1.0000 -0.0077
vn -0.0958 -0.1501 -0.9840
vn 0.0026 -1.0000 -0.0006
vn 0.5518 -0.1564 -0.8192
vn 0.6940 -0.1818 -0.6966
vn 0.5255 -0.1515 -0.8372
vn 0.0023 -1.0000 -0.0004
vn 0.4118 0.1315 0.9017
vn 0.2344 0.1673 0.9576
vn 0.2483 0.0782 0.9655
vn 0.0020 -1.0000 0.0022
vn -0.9977 -0.0670 -0.0066
vn -0.9979 -0.0636 -0.0086
vn -0.9976 -0.0693 -0.0053
vn -0.5691 -0.8222 -0.0101
vn -0.4007 -0.9118 -0.0897
vn -0.8395 -0.5424 -0.0316
vn -0.6996 -0.6747 0.2352
vn -0.9981 -0.0610 -0.0100
vn -0.2655 -0.3948 0.8796
vn -0.4596 -0.8841 -0.0843
vn -0.0013 -1.0000 0.0043
vn 0.3609 -0.0683 -0.9301
vn 0.3215 -0.0647 -0.9447
vn 0.9907 -0.0537 -0.1251
vn 0.7859 -0.0386 -0.6172
vn 0.1888 -0.2173 -0.9577
vn 0.1900 -0.2174 -0.9574
vn 0.2042 -0.2184 -0.9542
vn 0.2046 -0.2185 -0.9541
vn 0.7048 -0.1838 -0.6852
vn 0.7766 0.1081 0.6207
vn 0.6849 0.1642 0.7099
vn 0.4921 0.3289 0.8060
vn 0.6987 0.4963 0.5153
vn 0.8258 0.3130 0.4691
vn 0.7744 0.5391 0.3313
vn 0.9360 0.1515 0.3176
vn 0.8743 0.3849 0.2959
vn 0.4959 0.4388 -0.7494
vn 0.6478 0.4172 -0.6374
vn 0.5166 0.4657 -0.7185
vn 0.7359 0.4162 -0.5340
vn 0.9569 0.2335 0.1727
vn 0.7619 0.3942 -0.5139
vn 0.2853 0.0052 -0.9584
vn -0.4374 0.0631 -0.8970
vn 0.3747 0.0486 -0.9259
vn -0.4435 0.0131 -0.8962
vn 0.8231 0.0099 -0.5678
vn 0.7909 0.3609 -0.4941
vn 0.7053 0.6657 0.2437
vn 0.6145 0.7831 0.0953
vn 0.6880 0.7255 0.0189
vn 0.7545 0.0426 -0.6549
vn 0.8955 0.0072 -0.4451
vn 0.9786 0.0220 0.2047
vn 0.9794 0.0213 0.2010
vn 0.9718 0.0277 0.2341
vn 0.6623 0.7282 -0.1762
vn 0.7195 0.6839 -0.1208
vn 0.6175 0.0239 0.7862
vn 0.6544 0.0817 0.7517
vn 0.6224 0.0146 0.7825
vn 0.4407 0.0467 0.8964
vn 0.7825 0.5795 -0.2277
vn 0.9709 0.0284 0.2379
vn -0.0001 1.0000 -0.0000
vn 0.0001 1.0000 -0.0000
vn -0.0006 1.0000 0.0002
vn 0.4250 0.0513 0.9038
vn -0.0150 0.9999 -0.0025
vn 0.9902 0.1385 0.0172
vn 0.6441 -0.1575 0.7486
vn 0.5074 -0.0624 0.8595
vn 0.5780 -0.1105 0.8085
vn -0.0000 1.0000 -0.0000
vn -0.0173 0.9998 0.0019
vn 0.6507 -0.1602 -0.7422
vn 0.2111 0.0831 -0.9739
vn 0.0001 -1.0000 0.0002
vn -0.0000 -1.0000 -0.0002
vn 0.0001 -1.0000 -0.0001
vn 0.0002 -1.0000 0.0003
vn -0.0011 -1.0000 0.0007
vn 0.0034 -1.0000 -0.0005
vn -0.0009 -1.0000 -0.0001
vn 0.0003 -1.0000 -0.0000
vn -0.7299 -0.0366 -0.6825
vn -0.7917 0.0136 -0.6107
vn -0.6456 -0.0957 -0.7577
vn -0.8551 0.0750 -0.5130
vn 0.0003 -1.0000 0.0001
vn 0.9956 0.0924 -0.0161
vn 0.9862 0.1425 -0.0839
vn 0.9873 0.1272 0.0956
vn 0.9483 0.0324 0.3157
vn -0.0291 -0.9996 0.0005
vn 0.9481 0.0972 -0.3027
vn 0.9356 0.2080 -0.2852
vn 0.9073 0.3680 -0.2032
vn 0.4771 0.4530 0.7531
vn 0.6195 0.4214 0.6623
vn 0.6127 0.4281 0.6643
vn 0.4663 0.4515 0.7607
vn 0.0210 0.9990 0.0389
vn 0.2248 0.9741 -0.0249
vn -0.0552 0.9984 -0.0116
vn -0.0965 0.9953 0.0043
vn -0.1774 0.9841 -0.0098
vn -0.9140 -0.1308 0.3840
vn -0.4829 0.2884 0.8268
vn -0.2825 0.3586 0.8897
vn -0.6326 0.1222 0.7648
vn -0.5989 0.1118 0.7929
vn -0.3427 -0.0022 0.9394
vn -0.0638 0.9980 0.0001
vn -0.7712 0.0839 -0.6310
vn 0.1427 0.4389 -0.8871
vn 0.3477 0.4671 -0.8130
vn -0.0239 0.9997 -0.0033
vn 0.1619 0.4521 -0.8772
vn -0.2741 -0.0199 0.9615
vn 0.6381 0.3829 0.6680
vn 0.8307 0.4084 -0.3784
vn 0.7705 0.2174 -0.5993
vn 0.6373 0.5309 -0.5585
vn 0.7233 0.5883 -0.3616
vn 0.5479 0.7685 -0.3305
vn 0.4693 0.8744 -0.1232
vn 0.4152 0.7319 -0.5403
vn 0.3197 0.8535 -0.4115
vn 0.1910 0.9470 -0.2583
vn 0.0567 0.8557 -0.5144
vn 0.0775 0.7701 -0.6332
vn 0.3416 0.6426 -0.6858
vn 0.4848 0.4658 -0.7403
vn 0.6031 0.2784 -0.7475
vn 0.4180 0.1638 -0.8936
vn 0.6800 0.0998 -0.7264
vn 0.5349 0.1906 -0.8231
vn 0.2460 -0.9692 -0.0129
vn -0.0449 -0.9990 0.0080
vn 0.0447 -0.9990 0.0013
vn 0.8512 -0.1303 0.5084
vn 0.8412 -0.1206 0.5271
vn 0.8324 -0.1126 0.5427
vn -0.2385 -0.9709 0.0217
vn 0.8586 -0.1375 0.4938
vn 0.3650 0.1095 -0.9245
vn 0.3914 0.1106 -0.9135
vn -0.9590 -0.1191 -0.2572
vn -0.9618 -0.1148 -0.2485
vn -0.9655 -0.1091 -0.2366
vn 0.3806 0.1374 -0.9145
vn -0.9682 -0.1044 -0.2275
vn -0.3743 -0.0677 0.9248
vn -0.3867 -0.0834 0.9184
vn -0.0303 -0.9995 0.0047
vn -0.0528 -0.9983 -0.0237
vn 0.0367 -0.9954 0.0886
vn -0.1208 -0.9865 -0.1101
vn -0.3731 -0.3621 0.8542
vn -0.8179 -0.1409 -0.5579
vn -0.8183 -0.1406 -0.5573
vn -0.8188 -0.1402 -0.5567
vn -0.8192 -0.1399 -0.5562
vn -0.6400 -0.0691 0.7653
vn -0.7776 -0.0800 0.6237
vn -0.0004 -1.0000 0.0003
vn 0.0009 -1.0000 -0.0006
vn 0.0054 -1.0000 -0.0020
vn -0.8723 -0.1867 0.4519
vn -0.9941 -0.1071 0.0159
vn -0.0032 -1.0000 0.0068
vn -0.1171 -0.9903 -0.0742
vn -0.7307 -0.2495 0.6355
vn 0.8479 0.1142 -0.5177
vn -0.6651 -0.3710 0.6481
vn 0.8716 0.4072 -0.2730
vn 0.4205 -0.1433 0.8959
vn 0.2892 -0.0771 0.9542
vn 0.3758 -0.1206 0.9188
vn 0.0012 -1.0000 -0.0020
vn 0.0013 -1.0000 -0.0014
vn 0.0012 -1.0000 -0.0018
vn 0.0012 -1.0000 -0.0007
vn 0.2407 -0.0531 0.9692
vn -0.4215 -0.0273 0.9064
vn -0.4876 -0.0427 0.8720
vn -0.6285 -0.0770 0.7740
vn -0.6606 -0.0852 0.7459
vn -0.9407 -0.0719 -0.3316
vn -0.9512 0.0169 0.3081
vn -0.9246 -0.3422 0.1674
vn -0.9698 -0.2438 0.0033
vn -0.2045 0.0884 -0.9749
vn -0.8688 -0.3450 -0.3551
vn -0.5186 -0.0285 -0.8546
vn -0.6601 -0.2005 -0.7239
vn -0.3641 -0.0932 -0.9267
vn -0.9596 -0.1607 -0.2309
vn -0.2942 -0.0728 -0.9530
vn -0.9065 -0.0723 -0.4159
vn 0.0002 -1.0000 0.0001
vn -0.0066 -1.0000 -0.0049
vn -0.7576 -0.0586 0.6501
vn -0.6721 0.0242 0.7401
vn -0.7273 -0.0275 0.6858
vn 0.3981 0.0066 0.9173
vn -0.8647 -0.3062 -0.3983
vn -0.7983 -0.1044 0.5932
vn -0.1394 -0.0355 0.9896
vn -0.8523 -0.0822 0.5166
vn -0.0974 -0.0252 0.9949
vn -0.5084 -0.5532 -0.6599
vn -0.9709 -0.0033 -0.2393
vn -0.6216 -0.0807 -0.7791
vn -0.4349 -0.0192 -0.9003
vn -0.5665 -0.0617 -0.8218
vn -0.3386 0.0104 -0.9409
vn -0.4328 -0.0306 0.9010
vn -0.4187 -0.2574 0.8709
vn -0.4362 -0.0311 0.8993
vn -0.9987 -0.0518 0.0015
vn -0.9992 -0.0386 -0.0030
vn -0.9992 -0.0389 -0.0042
vn -0.1582 -0.9874 0.0073
vn 0.2978 -0.5490 -0.7810
vn 0.4479 -0.3823 -0.8082
vn 0.4325 -0.4771 -0.7651
vn 0.4757 -0.5538 -0.6834
vn 0.5272 -0.6357 -0.5638
vn 0.7192 -0.5340 -0.4445
vn 0.6912 -0.4666 -0.5518
vn 0.6269 -0.5465 -0.5553
vn -0.3530 -0.1260 -0.9271
vn -0.1375 -0.0559 -0.9889
vn -0.0532 -0.0284 -0.9982
vn 0.5391 -0.0382 -0.8414
vn 0.5707 -0.0487 -0.8197
vn 0.6426 -0.0732 -0.7627
vn 0.6606 -0.0797 -0.7465
vn -0.4220 -0.1485 -0.8943
vn -0.0004 -1.0000 0.0001
vn -0.0004 -1.0000 0.0004
vn -0.0003 -1.0000 0.0001
vn 0.6011 -0.3287 -0.7284
vn 0.5574 -0.2097 -0.8033
vn 0.6903 -0.3367 -0.6404
vn 0.7332 -0.1673 -0.6591
vn 0.8176 -0.3262 -0.4744
vn 0.8245 -0.1144 -0.5541
vn 0.9020 -0.4296 -0.0426
vn 0.9778 -0.1976 -0.0703
vn 0.9020 -0.1043 -0.4190
vn 0.0077 -1.0000 -0.0023
vn 0.0019 -1.0000 -0.0000
vn 0.0071 -1.0000 -0.0024
vn -0.0043 -1.0000 0.0047
vn -0.0047 -1.0000 0.0074
vn 0.5294 -0.0937 -0.8432
vn -0.5911 0.1298 0.7960
vn -0.6415 0.2860 0.7118
vn -0.0010 -0.9999 0.0130
vn -0.8338 0.2232 0.5049
vn -0.8448 0.0930 0.5269
vn 0.0163 -0.9999 0.0023
vn 0.4063 -0.1692 -0.8979
vn 0.3858 -0.0983 -0.9173
vn -0.4611 -0.0762 -0.8840
vn -0.6797 -0.1575 -0.7163
vn -0.5213 -0.0978 -0.8477
vn 0.0369 -0.9993 -0.0049
vn -0.7053 -0.1677 -0.6888
vn 0.0786 -0.9969 0.0051
vn 0.1061 -0.9942 0.0195
vn -0.9910 -0.0537 -0.1228
vn -0.4548 -0.0602 -0.8886
vn -0.4586 -0.1436 -0.8770
vn -0.1959 -0.3137 -0.9291
vn -0.1819 -0.3273 -0.9273
vn -0.7118 0.4985 0.4948
vn -0.5337 0.4600 0.7096
vn -0.4956 0.6483 0.5780
vn -0.3072 0.6697 0.6761
vn -0.3188 0.8089 0.4941
vn -0.6044 0.7095 0.3623
vn -0.6119 0.7777 0.1441
vn -0.6996 0.6931 0.1738
vn -0.8113 0.4931 0.3140
vn -0.7357 0.6296 0.2498
vn -0.9383 0.2162 0.2698
vn -0.8611 0.4541 0.2287
vn -0.5971 0.4203 -0.6832
vn -0.7149 0.3867 -0.5825
vn -0.7349 0.3792 -0.5622
vn -0.9399 0.2943 0.1728
vn -0.5129 0.4254 -0.7456
vn -0.3948 0.4767 -0.7854
vn 0.7579 0.0883 -0.6463
vn 0.7036 0.0361 -0.7097
vn 0.6467 -0.0130 -0.7627
vn 0.1020 0.0526 -0.9934
vn -0.0654 0.0141 -0.9978
vn -0.0920 0.0078 -0.9957
vn 0.1389 0.0610 -0.9884
vn 0.0363 0.9993 -0.0041
vn 0.0176 0.9998 0.0009
vn -0.0000 1.0000 0.0001
vn 0.0603 0.9981 -0.0135
vn 0.8165 0.1535 -0.5565
vn 0.0459 0.9989 -0.0103
vn 0.2951 0.3545 -0.8873
vn 0.3337 0.9408 0.0593
vn 0.0079 0.9998 0.0206
vn 0.3623 0.9318 0.0199
vn 0.5823 0.7910 0.1879
vn 0.7665 0.0272 0.6416
vn 0.6235 -0.0150 0.7817
vn 0.8088 0.0417 0.5866
vn 0.1421 0.3327 0.9323
vn -0.2020 0.4562 0.8666
vn -0.2281 0.4634 0.8563
vn 0.5649 0.7519 0.3398
vn -0.1148 0.9932 -0.0190
vn -0.2725 0.9618 0.0248
vn 0.1582 0.3257 0.9322
vn -0.7934 0.4296 0.4312
vn -0.9933 0.1013 -0.0564
vn -0.9573 0.2197 -0.1877
vn -0.9747 0.0747 -0.2107
vn -0.9948 0.0885 0.0508
vn -0.9773 0.0763 0.1975
vn -0.4502 0.5069 -0.7351
vn -0.4677 0.5103 -0.7218
vn -0.8875 0.3824 -0.2571
vn -0.9110 0.2080 -0.3561
vn -0.8023 0.4661 -0.3730
vn -0.7591 0.3067 -0.5742
vn -0.8531 0.0661 -0.5176
vn -0.7794 0.5823 -0.2310
vn -0.7057 0.6844 -0.1833
vn -0.8960 0.0206 0.4435
vn -0.7929 0.4086 0.4520
vn -0.7009 0.1929 0.6867
vn -0.5470 0.3806 0.7457
vn -0.5280 0.3498 0.7738
vn -0.1062 0.0251 0.9940
vn -0.3897 0.0465 0.9198
vn -0.0002 1.0000 -0.0003
vn 0.0003 1.0000 -0.0002
vn 0.0001 1.0000 0.0001
vn 0.0105 0.9999 -0.0007
vn -0.9454 0.0372 0.3239
vn 0.0208 0.0553 0.9983
vn -0.9999 0.0122 0.0080
vn 0.0002 1.0000 -0.0001
vn -0.9934 0.0316 -0.1106
vn -0.6695 0.7428 -0.0023
vn -0.9642 0.0143 -0.2648
vn -0.6662 0.0328 -0.7450
vn -0.6467 0.0287 -0.7622
vn -0.6486 0.0291 -0.7605
vn 0.5667 -0.0299 0.8234
vn -0.5509 0.3845 0.7407
vn -0.7410 0.0972 -0.6645
vn 0.0002 -1.0000 0.0041
vn -0.0037 -1.0000 -0.0012
vn -0.0032 -1.0000 -0.0000
vn -0.6156 0.0803 -0.7840
vn 0.8855 -0.1044 -0.4529
vn 0.7079 -0.0083 -0.7063
vn 0.7863 0.0542 -0.6155
vn 0.8635 0.1302 -0.4872
vn 0.5748 -0.0963 -0.8126
vn 0.8378 -0.1890 0.5123
vn -0.6715 0.0341 -0.7403
vn 0.9501 -0.0892 0.2988
vn 0.9444 -0.0948 0.3149
vn 0.8903 -0.2932 0.3485
vn -0.5687 0.4380 0.6962
vn 0.7484 -0.1016 0.6555
vn -0.5695 -0.1402 -0.8100
vn 0.9308 -0.1075 0.3493
vn 0.9638 -0.0830 0.2533
vn 0.9997 -0.0117 -0.0220
vn 0.9928 0.0138 -0.1191
vn 0.0092 -0.0605 -0.9981
vn 0.0048 -0.0812 -0.9967
vn 0.0051 -0.0675 -0.9977
vn 0.0005 -0.0906 -0.9959
vn 0.1322 -0.5527 -0.8228
vn -0.5686 -0.5665 -0.5964
vn -0.8251 -0.0583 -0.5619
vn 0.0024 -0.0387 -0.9992
vn -0.8409 -0.5318 -0.1000
vn -0.7530 -0.6299 -0.1903
vn 0.0005 -0.0382 -0.9993
vn -0.6717 -0.6938 -0.2597
vn -0.3828 -0.8971 0.2206
vn 0.0620 -0.9505 -0.3044
vn 0.1338 0.0843 -0.9874
vn 0.9646 -0.1269 0.2312
vn 0.9663 -0.1318 0.2210
vn 0.9620 -0.1200 0.2454
vn 0.9597 -0.1147 0.2565
vn 0.1307 0.0805 -0.9882
vn -0.9925 -0.1192 0.0274
vn -0.9884 -0.1398 0.0593
vn -0.9846 -0.1545 0.0821
vn -0.9948 -0.1014 -0.0000
vn -0.1317 -0.0892 0.9873
vn -0.1275 -0.0938 0.9874
vn -0.2275 -0.9568 -0.1808
vn 0.1582 -0.4100 0.8983
vn -0.6823 -0.3511 0.6412
vn -0.4868 -0.3194 0.8130
vn -0.6846 -0.3078 0.6608
vn -0.2493 0.9371 0.2441
vn -0.9365 -0.1801 0.3008
vn -0.8602 -0.2590 0.4393
vn -0.0001 -0.9998 0.0215
vn -0.9987 -0.0379 0.0351
vn 0.0010 -0.9997 0.0256
vn 0.0012 -0.9997 0.0256
vn -0.0012 -0.0394 0.9992
vn -0.2493 -0.0317 -0.9679
vn 0.0024 -0.9933 0.1159
vn 0.0022 -0.9932 0.1161
vn 0.0018 -0.9930 0.1185
vn 0.0009 -0.9923 0.1241
vn -0.0289 -0.0251 0.9993
vn -0.2862 -0.0156 0.9580
vn -0.5637 -0.0269 0.8256
vn 0.3069 -0.0184 0.9516
vn -0.4066 0.0203 0.9134
vn -0.5930 -0.0173 0.8050
vn -0.4015 0.0019 0.9158
vn -0.2709 -0.0200 0.9624
vn -0.8885 -0.4507 -0.0860
vn -0.8866 -0.4422 -0.1354
vn -0.8481 -0.4772 0.2302
vn -0.8376 -0.4771 0.2661
vn -0.0218 -0.8216 -0.5696
vn -0.8306 -0.4487 -0.3299
vn -0.9594 -0.2230 -0.1726
vn -0.6546 -0.5850 -0.4788
vn 0.6187 -0.6392 -0.4568
vn 0.7206 -0.5506 -0.4215
vn 0.7285 -0.5427 -0.4181
vn 0.8425 -0.4820 0.2403
vn 0.6077 -0.6474 -0.4599
vn -0.0005 -0.0258 -0.9997
vn -0.0541 -0.0556 -0.9970
vn -0.0282 -0.0228 -0.9993
vn 0.0304 0.7679 -0.6398
vn -0.1584 0.8231 -0.5454
vn -0.0406 0.7774 -0.6277
vn 0.9880 0.0606 -0.1422
vn 0.9789 0.0154 -0.2035
vn 0.9694 -0.0156 -0.2449
vn 0.9912 0.1057 -0.0797
vn 0.9653 -0.2089 -0.1567
vn 0.8451 0.3654 0.3902
vn 0.9533 0.1927 0.2325
vn 0.8639 0.3580 0.3542
vn 0.8480 0.3770 0.3724
vn 0.3033 -0.0125 0.9528
vn 0.3277 -0.0750 0.9418
vn 0.3285 0.0206 0.9443
vn 0.1137 0.0198 0.9933
vn -0.6172 0.5640 0.5486
vn -0.6179 0.5635 0.5483
vn -0.6348 0.5517 0.5410
vn -0.2309 0.0296 0.9725
vn -0.1393 0.0952 0.9857
vn 0.6960 0.5007 0.5147
vn -0.0432 0.6883 0.7242
vn -0.6365 0.5504 0.5402
vn 0.0610 0.7283 -0.6826
vn -0.0082 0.7022 -0.7119
vn -0.0174 0.7455 -0.6663
vn -0.0089 0.7289 -0.6845
vn 0.0219 0.8742 -0.4851
vn -0.9980 -0.0565 -0.0272
vn -0.9816 -0.1731 -0.0812
vn -0.9643 0.1620 0.2097
vn -0.8897 0.0932 -0.4469
vn -0.9875 0.0107 -0.1570
vn -0.9865 0.0177 -0.1627
vn 0.0208 -0.0071 -0.9998
vn 0.0451 -0.0324 -0.9985
vn -0.0002 -1.0000 0.0003
vn -0.0004 -1.0000 0.0005
vn -0.9965 -0.0085 -0.0829
vn -0.0006 -1.0000 0.0009
vn -0.0186 -0.0250 0.9995
vn -0.0040 -0.0181 0.9998
vn -0.0288 -0.0102 0.9995
vn 0.0243 -0.0162 0.9996
vn 0.0036 0.0379 0.9993
vn -0.9976 -0.0051 -0.0694
vn 0.6913 0.7203 -0.0575
vn 0.9128 0.4080 0.0204
vn 0.7414 0.6696 -0.0435
vn 0.9436 0.3288 0.0375
vn 0.3740 -0.9263 -0.0465
vn 0.2757 -0.9612 -0.0124
vn 0.3500 -0.9360 -0.0381
vn 0.0779 0.0577 0.9953
vn -0.3456 0.9360 0.0677
vn 0.2295 -0.1174 0.9662
vn 0.3595 0.1314 0.9238
vn 0.2241 -0.1264 0.9664
vn -0.9516 0.3063 -0.0264
vn -0.9867 0.1626 0.0063
vn -0.9403 0.3385 -0.0341
vn -0.9946 0.1017 0.0199
vn 0.0974 -0.3318 0.9383
vn 0.2475 -0.9689 -0.0028
vn 0.1144 0.0788 0.9903
vn -0.5850 0.0339 0.8103
vn 0.5905 -0.0105 0.8070
vn 0.7341 0.0273 0.6785
vn 0.0005 1.0000 0.0002
vn -0.0007 1.0000 -0.0029
vn -0.0002 1.0000 -0.0027
vn 0.0010 1.0000 -0.0038
vn 0.8726 -0.0095 0.4884
vn 0.9595 0.0479 0.2777
vn 0.0144 0.9997 -0.0192
vn 0.0031 0.9992 -0.0409
vn -0.0050 0.9998 -0.0191
vn 0.0066 1.0000 -0.0002
vn -0.1051 0.9692 0.2226
vn 0.0002 0.6795 -0.7336
vn 0.0555 0.9975 -0.0436
vn -0.7413 -0.6526 -0.1569
vn 0.0161 0.9996 -0.0210
vn -0.0318 0.9984 0.0465
vn 0.0461 0.9946 0.0929
vn -0.1211 0.9919 0.0378
vn 0.9733 0.1157 -0.1980
vn 0.9687 0.0660 -0.2393
vn 0.8939 0.0267 -0.4475
vn 0.9818 0.0289 0.1877
vn 0.9934 0.0667 0.0939
vn 0.7185 0.6951 0.0228
vn 0.3132 0.2706 -0.9103
vn 0.3623 0.3564 -0.8612
vn 0.4521 0.4578 -0.7655
vn 0.5064 0.5250 0.6841
vn 0.4156 0.4177 0.8079
vn 0.2995 0.2539 0.9197
vn 0.9492 -0.0318 -0.3130
vn 0.2742 0.2276 -0.9344
vn 0.0347 0.0028 -0.9994
vn -0.5274 0.8408 -0.1220
vn -0.7208 0.6927 -0.0230
vn -0.6498 0.7563 -0.0762
vn -0.1470 0.0487 -0.9879
vn -0.2830 -0.0300 -0.9586
vn -0.1833 -0.0353 -0.9824
vn -0.4270 -0.5359 -0.7283
vn -0.3057 -0.4315 -0.8488
vn -0.3320 -0.4546 -0.8265
vn -0.9997 -0.0190 0.0120
vn -0.9996 -0.0280 -0.0043
vn -0.9982 -0.0461 0.0375
vn -0.0882 0.1077 -0.9903
vn 0.9998 -0.0207 -0.0045
vn 0.9996 -0.0155 0.0219
vn 0.9995 -0.0255 0.0186
vn -0.0849 -0.0097 -0.9963
vn 0.9995 -0.0033 -0.0321
vn 0.9995 0.0167 -0.0272
vn -0.9994 -0.0189 -0.0288
vn -0.9982 -0.0399 -0.0450
vn -0.1612 0.0159 0.9868
vn -0.1572 0.0108 0.9875
vn -0.0835 -0.0087 0.9965
vn -0.4416 0.0918 0.8925
vn 0.2605 0.2097 0.9424
vn 0.0953 0.0588 0.9937
vn -0.2993 -0.4046 0.8641
vn -0.3519 -0.5044 0.7885
vn -0.2938 -0.3945 0.8707
vn -0.3572 -0.5146 0.7795
vn -0.6476 0.7599 0.0561
vn -0.7203 0.6930 0.0318
vn -0.5453 0.8328 0.0957
vn 0.9198 0.0692 0.3862
vn 0.9310 0.0140 0.3648
vn 0.9557 -0.0218 0.2937
vn 0.1689 -0.9856 -0.0049
vn 0.1602 -0.9870 0.0106
vn -0.0005 -1.0000 -0.0028
vn 0.1859 -0.9824 -0.0165
vn -0.6203 -0.7811 0.0717
vn -0.6185 -0.7823 0.0747
vn -0.6222 -0.7798 0.0688
vn -0.6239 -0.7787 0.0661
vn 0.2372 -0.4322 -0.8700
vn -0.4545 -0.5586 -0.6939
vn 0.1870 -0.9822 -0.0157
vn 0.9386 -0.0272 -0.3439
vn 0.9609 -0.0906 -0.2618
vn 0.7616 -0.0245 -0.6476
vn 0.7663 -0.0176 -0.6423
vn 0.9866 -0.0214 -0.1616
vn 0.9974 0.0040 0.0726
vn 0.9159 -0.0168 0.4011
vn 0.8901 0.0062 0.4557
vn 0.5155 -0.0230 0.8566
vn -0.0091 -0.9999 -0.0049
vn -0.0083 -0.9999 -0.0068
vn 0.5665 -0.0179 -0.8239
vn 0.5344 -0.0278 -0.8448
vn -0.0101 -0.0189 -0.9998
vn 0.0226 -0.0044 -0.9997
vn 0.1545 0.0089 -0.9880
vn -0.3651 -0.0229 -0.9307
vn -0.3378 -0.0043 -0.9412
vn -0.7719 -0.0041 -0.6358
vn -0.8440 -0.0247 -0.5357
vn -0.9412 -0.0082 -0.3377
vn -0.9979 -0.0198 -0.0622
vn -0.9662 -0.0121 0.2575
vn -0.9142 -0.0238 0.4046
vn -0.8290 -0.0127 0.5592
vn -0.7619 0.0097 0.6476
vn -0.9528 0.0124 0.3033
vn -0.0036 1.0000 -0.0022
vn 0.0619 0.9973 -0.0401
vn 0.0910 0.9952 -0.0357
vn 0.1403 0.9901 0.0065
vn -0.9831 0.0002 0.1831
vn -0.9584 -0.0266 0.2843
vn -0.9955 0.0399 0.0861
vn 0.0717 0.9968 0.0342
vn -0.7793 0.6257 -0.0344
vn -0.7127 0.6996 -0.0521
vn -0.5053 0.5194 0.6891
vn -0.2980 0.2481 0.9218
vn -0.4018 0.4042 0.8217
vn -0.9374 0.0211 -0.3477
vn -0.9852 0.0520 -0.1631
vn -0.9871 0.0877 -0.1338
vn -0.5564 0.5720 -0.6027
vn 0.7181 0.6951 -0.0346
vn 0.6422 0.7645 -0.0556
vn 0.7603 0.6494 -0.0145
vn 0.5310 0.8418 -0.0976
vn -0.2369 0.1985 -0.9510
vn -0.2552 0.2287 -0.9394
vn -0.2357 0.1962 -0.9518
vn -0.2580 0.2334 -0.9375
vn 0.7269 0.6849 -0.0499
vn 0.7293 0.6808 -0.0688
vn -0.9999 0.0071 -0.0093
vn -0.9995 0.0064 0.0298
vn -0.9995 0.0149 0.0275
vn 0.1687 0.0191 -0.9855
vn 0.0830 -0.0085 -0.9965
vn 0.0705 -0.0054 -0.9975
vn -0.9995 -0.0266 -0.0160
vn -0.9998 -0.0017 -0.0176
vn -0.9997 -0.0237 0.0091
vn -0.9998 -0.0176 -0.0071
vn 0.0185 0.5092 -0.8604
vn -0.0104 0.5991 -0.8006
vn 0.0121 0.5299 -0.8480
vn -0.0053 -0.9960 -0.0888
vn -0.0573 -0.9665 -0.2501
vn -0.0706 -0.9542 -0.2908
vn 0.0103 -0.9992 -0.0399
vn 0.0059 0.3612 0.9325
vn 0.0038 0.3666 0.9304
vn 0.0068 0.3590 0.9333
vn 0.0030 0.3688 0.9295
vn -0.0194 0.6258 -0.7798
vn -0.9632 0.0854 0.2547
vn 0.0879 -0.0099 0.9961
vn 0.0878 -0.0098 0.9961
vn 0.0883 -0.0101 0.9960
vn 0.0882 -0.0103 0.9960
vn 0.8493 0.0127 0.5277
vn 0.9994 -0.0352 0.0046
vn 0.9961 -0.0724 -0.0503
vn 0.9991 -0.0359 -0.0209
vn 0.9995 -0.0137 0.0270
vn 0.4376 -0.5931 0.6758
vn 0.4153 -0.5411 0.7313
vn 0.4130 -0.5360 0.7363
vn 0.9983 -0.0346 0.0475
vn 0.2980 -0.4149 -0.8597
vn 0.3271 -0.4112 -0.8508
vn 0.3252 -0.4426 -0.8357
vn 0.4950 -0.6056 -0.6231
vn -0.2379 -0.4944 -0.8361
vn 0.4397 -0.5981 0.6700
vn -0.2502 -0.4717 0.8455
vn -0.2993 -0.4684 0.8313
vn -0.6728 -0.2436 0.6986
vn 0.5797 -0.8144 -0.0270
vn -0.1501 -0.9887 -0.0054
vn -0.1330 -0.9911 -0.0086
vn -0.1285 -0.9917 -0.0093
vn -0.2105 -0.9776 0.0060
vn 0.2831 -0.3797 -0.8807
vn 0.3279 -0.3838 -0.8633
vn -0.9566 -0.0406 -0.2885
vn -0.9546 -0.0183 -0.2974
vn -0.7178 -0.1493 0.6800
vn -0.9645 -0.0377 0.2614
vn -0.2436 0.1913 0.9508
vn 0.0243 -0.0469 0.9986
vn -0.7260 0.0192 0.6874
vn 0.5622 0.8195 0.1114
vn 0.6069 0.7937 0.0417
vn 0.1627 0.0124 -0.9866
vn 0.4688 0.0998 -0.8776
vn 0.0577 0.9967 0.0571
vn -0.7496 0.0185 -0.6617
vn 0.0593 0.9977 0.0332
vn -0.0523 0.9982 0.0294
vn -0.0310 0.9951 0.0944
vn -0.5065 0.8614 -0.0388
vn -0.0655 0.9971 0.0391
vn 0.6540 -0.0826 -0.7520
vn 0.6547 -0.1099 -0.7479
vn 0.6293 0.1417 -0.7642
vn 0.1349 0.9826 0.1281
vn 0.0742 0.9970 0.0206
vn 0.0715 0.9974 0.0062
vn 0.8412 -0.0479 0.5387
vn 0.0520 0.9932 0.1042
vn 0.0244 0.9992 0.0325
vn -0.0082 1.0000 0.0022
vn 0.6132 0.2178 -0.7593
vn -0.0197 0.9997 -0.0155
vn -0.0029 0.9987 -0.0508
vn 0.7483 -0.6059 -0.2700
vn -0.0119 0.9999 0.0011
vn -0.0175 0.9910 0.1324
vn -0.0913 0.9957 -0.0184
vn -0.0842 0.9884 0.1260
vn 0.0071 0.2927 0.9562
vn -0.4131 -0.3006 0.8597
vn -0.0275 0.9770 0.2113
vn -0.0222 0.9995 0.0223
vn -0.0035 1.0000 -0.0030
vn -0.1114 0.9820 0.1528
vn 0.2830 -0.0170 -0.9590
vn 0.1810 0.0302 -0.9830
vn 0.3435 0.0276 -0.9387
vn 0.1590 0.0512 -0.9859
vn 0.0184 0.7092 -0.7047
vn 0.6536 0.0154 -0.7567
vn 0.9622 0.1767 -0.2072
vn 0.9611 0.1800 -0.2097
vn 0.9622 0.1766 -0.2074
vn 0.2816 -0.0352 -0.9589
vn 0.8381 -0.4400 0.3225
vn 0.8599 -0.4150 0.2971
vn 0.8607 -0.4148 0.2950
vn 0.8539 -0.4230 0.3033
vn 0.9610 0.1802 -0.2096
vn 0.6705 0.5247 -0.5245
vn 0.6584 0.5315 -0.5329
vn 0.6695 0.5253 -0.5252
vn 0.0104 0.7416 0.6708
vn -0.0021 0.7250 0.6888
vn -0.0408 0.8762 0.4802
vn -0.0586 0.7263 0.6849
vn 0.6574 0.5321 -0.5336
vn -0.6696 0.5283 -0.5221
vn -0.6994 0.5045 -0.5063
vn -0.8050 0.4182 -0.4208
vn -0.8459 0.3655 -0.3884
vn -0.0284 0.7664 0.6418
vn 0.0477 0.7779 0.6265
vn 0.0099 0.7005 0.7136
vn 0.9867 0.0171 0.1614
vn 0.9966 -0.0090 0.0815
vn 0.9976 -0.0058 0.0693
vn 0.0021 -0.0225 -0.9997
vn 0.0189 -0.0018 -0.9998
vn -0.0112 0.0388 -0.9992
vn -0.0886 0.0432 -0.9951
vn -0.1107 0.0745 -0.9911
vn -0.1296 -0.9848 0.1157
vn 0.5135 -0.8564 -0.0532
vn -0.0405 -0.0182 -0.9990
vn -0.0050 -0.0167 -0.9998
vn 0.8351 0.5475 0.0542
vn 0.9641 0.2641 -0.0271
vn 0.7979 0.5987 0.0702
vn 0.9811 0.1875 -0.0473
vn -0.2654 -0.1447 -0.9532
vn -0.1694 0.0830 -0.9820
vn -0.1731 0.0751 -0.9820
vn -0.0646 0.3023 -0.9510
vn -0.7557 0.6524 0.0577
vn -0.9048 -0.4198 -0.0716
vn -0.2678 0.9621 -0.0512
vn -0.9872 0.0576 0.1486
vn -0.9780 0.0143 0.2082
vn -0.9690 -0.0141 0.2465
vn -0.9910 0.0998 0.0894
vn -0.7517 -0.5243 0.4000
vn -0.7346 -0.5422 0.4078
vn -0.7326 -0.5442 0.4087
vn -0.0062 -0.0313 0.9995
vn 0.0430 -0.0633 0.9971
vn 0.0176 -0.0317 0.9993
vn -0.7535 -0.5224 0.3991
vn -0.9617 0.1714 -0.2140
vn -0.9998 -0.0033 -0.0191
vn 0.1644 0.8214 0.5461
vn -0.8771 -0.3955 -0.2724
vn -0.4026 0.0095 -0.9153
vn -0.3979 0.0251 -0.9171
vn -0.3625 0.0156 -0.9319
vn -0.3585 -0.0138 -0.9334
vn -0.2507 -0.1150 -0.9612
vn -0.0156 -0.9799 -0.1990
vn 0.0180 -0.9867 -0.1613
vn -0.0049 -0.9814 -0.1918
vn -0.0189 -0.9803 -0.1966
vn 0.0311 -0.8071 0.5897
vn -0.3033 -0.0200 -0.9527
vn -0.2014 0.0013 -0.9795
vn -0.3682 -0.0107 -0.9297
vn -0.5481 0.0045 -0.8364
vn -0.0027 -1.0000 -0.0031
vn 0.0834 0.9801 0.1799
vn 0.8267 -0.4526 0.3343
vn 0.6318 -0.5975 0.4937
vn 0.7898 -0.4816 -0.3799
vn -0.0261 -0.0128 0.9996
vn -0.0453 -0.0323 0.9985
vn 0.8905 0.0934 0.4453
vn 0.9877 0.0104 0.1557
vn -0.1492 0.0517 -0.9874
vn 0.0235 -0.9881 -0.1517
vn -0.1023 0.9935 0.0494
vn 0.0197 0.9996 -0.0202
vn 0.0493 0.9971 -0.0580
vn -0.8738 0.4575 -0.1645
vn -0.6336 -0.4241 0.6471
vn -0.6045 0.2894 0.7422
vn -0.5073 0.7771 -0.3724
vn -0.0017 1.0000 -0.0008
vn -0.0009 1.0000 -0.0003
vn -0.0024 1.0000 -0.0017
vn -0.8237 -0.5584 -0.0988
vn -0.0011 0.9996 0.0275
vn -0.0001 1.0000 0.0007
vn 0.1596 0.7586 -0.6317
vn -0.0187 -0.7266 -0.6868
vn -0.2297 0.6489 -0.7254
vn 0.0103 0.9987 0.0495
vn 0.4730 -0.6800 -0.5603
vn 0.5450 0.7274 -0.4168
vn 0.0263 0.9968 0.0758
vn 0.5946 0.2708 0.7571
vn 0.8299 -0.5558 -0.0483
vn -0.0706 0.9975 0.0013
vn -0.1486 0.9888 -0.0168
vn 0.0924 0.9953 -0.0291
vn -0.8112 0.5356 -0.2348
vn 0.1220 0.9924 0.0182
vn 0.0950 0.9949 0.0324
vn -0.1509 0.9885 0.0094
vn -0.3924 0.9193 0.0299
vn 0.6530 0.7415 0.1543
vn 0.0003 1.0000 -0.0037
vn -0.4481 -0.6944 -0.5630
vn -0.0734 -0.0062 0.9973
vn -0.7562 0.6543 0.0100
vn 0.9998 0.0114 0.0152
vn -0.7647 0.6443 -0.0043
vn 0.9999 0.0139 -0.0031
vn 0.0481 -0.8179 0.5734
vn 0.0149 -0.7520 0.6590
vn 0.0223 -0.7674 0.6408
vn 0.0542 -0.8290 0.5567
vn -0.0098 -0.4135 -0.9104
vn 0.0043 -0.3648 -0.9311
vn 0.0013 -0.3748 -0.9271
vn 0.9432 0.3247 0.0710
vn -0.0142 -0.4287 -0.9034
vn -0.0156 0.9450 0.3268
vn 0.0124 0.9673 0.2534
vn 0.0236 0.9745 0.2233
vn -0.0267 0.9342 0.3557
vn -0.0000 1.0000 -0.0008
vn -0.0059 0.9999 -0.0096
vn -0.0106 0.9998 -0.0166
vn -0.0170 0.9995 -0.0261
vn 0.1534 0.0652 -0.9860
vn -0.1055 0.0606 -0.9926
vn 0.0849 -0.1312 -0.9877
vn -0.9954 0.0196 0.0933
vn -0.9924 0.0288 0.1199
vn -0.9933 0.0263 0.1128
vn -0.2340 0.1262 -0.9640
vn -0.2192 0.4458 -0.8679
vn -0.2109 -0.1394 -0.9675
vn 0.3668 0.0862 -0.9263
vn 0.3567 -0.1395 -0.9237
vn 0.0666 -0.4512 -0.8899
vn -0.0819 -0.4324 -0.8979
vn 0.2805 0.2966 -0.9129
vn 0.4415 0.4389 -0.7826
vn 0.6031 0.1606 -0.7813
vn 0.5805 0.4932 -0.6479
vn 0.3746 0.7629 -0.5268
vn 0.2053 0.5602 -0.8026
vn 0.2101 0.7914 -0.5741
vn 0.5378 0.7178 -0.4421
vn 0.2431 0.9445 -0.2208
vn 0.3239 0.9311 -0.1678
vn 0.5676 0.7977 -0.2036
vn 0.4496 0.8914 -0.0563
vn -0.4224 0.9002 0.1056
vn -0.3888 0.9154 0.1043
vn -0.5731 0.8151 0.0844
vn -0.8363 0.2273 0.4990
vn -0.6914 0.5887 0.4189
vn -0.7969 0.4631 0.3880
vn -0.9535 -0.0533 0.2966
vn -0.3360 0.9032 0.2669
vn -0.4664 0.7281 0.5023
vn -0.3200 0.9159 0.2423
vn -0.4659 0.8848 -0.0060
vn -0.9216 -0.1103 0.3722
vn -0.9619 -0.1321 0.2394
vn -0.7754 0.6201 0.1196
vn -0.5945 0.7983 -0.0968
vn -0.4375 0.8857 -0.1555
vn -0.9993 0.0145 -0.0334
vn -0.9999 0.0061 0.0103
vn -0.9999 -0.0085 -0.0101
vn -0.7911 0.6034 -0.1007
vn -0.9983 -0.0070 -0.0585
vn -0.9979 0.0639 -0.0095
vn -0.9995 -0.0212 -0.0253
vn -0.9690 -0.2466 -0.0127
vn -0.9768 -0.1665 -0.1345
vn -0.9722 -0.1097 -0.2068
vn -0.9332 -0.1125 -0.3414
vn -0.9525 -0.0430 -0.3015
vn -0.1093 -0.0278 -0.9936
vn -0.4515 -0.7310 0.5117
vn -0.6420 0.2937 0.7082
vn -0.5733 0.2498 0.7803
vn -0.6818 0.3198 0.6579
vn -0.7484 0.3651 0.5538
vn -0.0024 0.6165 0.7874
vn 0.1589 0.4522 0.8777
vn -0.0137 0.6266 0.7792
vn -0.0709 -0.9834 0.1673
vn -0.0796 -0.9814 0.1748
vn -0.1467 -0.9614 0.2327
vn 0.0012 -0.9946 0.1040
vn -0.7634 -0.6459 0.0068
vn -0.1275 0.1532 -0.9799
vn -0.0893 0.0957 -0.9914
vn 0.0563 -0.1240 -0.9907
vn -0.6162 0.1101 -0.7799
vn -0.6385 0.0756 -0.7659
vn -0.7279 -0.0905 -0.6797
vn -0.4625 -0.7310 -0.5017
vn 0.1131 0.8843 -0.4529
vn -0.5465 0.8231 -0.1546
vn -0.5901 0.7831 -0.1962
vn -0.7039 0.6360 -0.3163
vn -0.2305 0.3116 -0.9218
vn -0.5192 0.2412 -0.8199
vn -0.4365 0.8979 -0.0568
vn -0.9717 -0.2362 0.0048
vn -0.9996 -0.0216 0.0173
vn -0.9998 -0.0044 0.0191
vn -0.9786 -0.1594 0.1300
vn -0.0533 -0.0269 0.9982
vn -0.9990 -0.0254 -0.0376
vn -0.9826 -0.0223 0.1845
vn -0.9195 -0.0877 0.3831
vn -0.9797 -0.0210 -0.1992
vn -0.2956 -0.9552 -0.0169
vn -0.7798 -0.6072 0.1521
vn -0.5886 -0.8084 -0.0027
vn -0.8126 -0.5671 0.1345
vn -0.6881 -0.6103 0.3924
vn -0.5593 -0.7991 0.2205
vn 0.1994 -0.9762 -0.0850
vn 0.1077 -0.9914 -0.0739
vn 0.0963 -0.9951 -0.0212
vn 0.1054 -0.9944 -0.0083
vn 0.1131 -0.9936 -0.0020
vn 0.7114 -0.7006 0.0557
vn -0.2727 -0.9619 -0.0177
vn -0.6235 -0.6504 0.4338
vn -0.2678 -0.9308 0.2489
vn 0.0974 -0.9926 -0.0723
vn 0.4308 -0.8074 -0.4032
vn -0.4132 -0.7228 0.5539
vn -0.7199 -0.0257 0.6936
vn -0.8123 -0.0868 0.5767
vn -0.8311 -0.0188 0.5558
vn -0.6586 -0.0844 0.7477
vn -0.5619 -0.0263 0.8268
vn -0.3431 -0.7433 0.5742
vn -0.5070 -0.0720 0.8589
vn -0.3586 -0.3750 0.8549
vn -0.2677 -0.6627 0.6994
vn 0.0965 -0.9726 -0.2117
vn -0.0013 -0.9982 -0.0604
vn 0.0748 -0.9735 -0.2163
vn 0.0755 -0.9913 -0.1075
vn -0.1932 -0.2314 0.9535
vn -0.0547 -0.9532 0.2974
vn -0.0126 -0.3133 0.9496
vn 0.2746 -0.1590 0.9483
vn 0.0803 -0.3452 0.9351
vn 0.0651 -0.9497 0.3064
vn -0.1248 -0.2590 0.9578
vn 0.0091 -0.9976 -0.0684
vn -0.0409 -0.9858 -0.1626
vn -0.0197 -0.9993 -0.0307
vn 0.3096 -0.6036 0.7347
vn 0.3272 -0.7545 0.5689
vn 0.4372 -0.4023 0.8044
vn 0.0226 -0.9997 0.0131
vn -0.0445 -0.9938 -0.1015
vn -0.2343 -0.9577 -0.1671
vn -0.4830 -0.4616 -0.7441
vn -0.4891 -0.6449 -0.5873
vn -0.3764 -0.6230 -0.6856
vn -0.2835 -0.4428 -0.8506
vn -0.1500 -0.6096 -0.7784
vn -0.4954 -0.1362 -0.8579
vn -0.3642 0.1389 -0.9209
vn -0.5900 -0.3319 -0.7361
vn -0.7016 -0.0449 -0.7111
vn -0.6124 -0.1897 -0.7674
vn -0.5257 0.0510 -0.8491
vn -0.5582 0.3138 -0.7681
vn -0.3028 0.4566 -0.8366
vn -0.2900 0.7539 -0.5896
vn -0.2054 0.5941 -0.7777
vn -0.0322 0.8996 -0.4356
vn -0.0625 0.8929 -0.4460
vn 0.0846 0.9048 -0.4172
vn 0.0284 0.8785 -0.4769
vn -0.0067 -0.0006 -1.0000
vn -0.0210 0.0170 -0.9996
vn 0.0256 -0.0077 -0.9996
vn -0.0162 0.0273 -0.9995
vn 0.0318 -0.0135 -0.9994
vn -0.9961 0.0172 0.0865
vn 0.1646 0.5934 -0.7879
vn 0.0313 0.0089 -0.9995
vn 0.0052 0.0220 -0.9997
vn 0.9991 -0.0096 0.0404
vn 0.9972 0.0070 0.0745
vn 0.9958 0.0146 0.0900
vn 0.1812 0.4103 -0.8938
vn 0.9996 -0.0186 0.0218
vn -0.0229 0.0189 -0.9996
vn 0.2162 0.9713 0.0990
vn 0.3508 0.9360 0.0273
vn 0.4513 0.8919 -0.0299
vn 0.5673 0.8173 -0.1007
vn 0.9311 -0.3635 0.0308
vn 0.8983 -0.4391 -0.0154
vn 0.9665 -0.2344 0.1050
vn 0.6214 0.4684 0.6280
vn 0.5746 0.4858 0.6586
vn 0.4182 0.5290 0.7384
vn 0.7450 0.4089 0.5270
vn 0.8231 -0.5599 -0.0946
vn 0.6160 -0.5809 0.5321
vn 0.6199 -0.5052 0.6004
vn 0.6136 -0.3809 0.6917
vn 0.6061 -0.6483 0.4609
vn -0.4363 -0.5591 0.7050
vn -0.4469 -0.8944 0.0197
vn -0.5001 -0.8658 -0.0174
vn -0.3451 -0.9346 0.0864
vn -0.5890 -0.8038 -0.0836
vn -0.8532 0.5201 -0.0392
vn -0.9466 0.3138 0.0737
vn -0.9009 0.4338 0.0099
vn -0.7787 0.6193 -0.1003
vn -0.8462 -0.4931 0.2022
vn -0.5159 0.3647 0.7751
vn 0.0634 0.0237 0.9977
vn 0.0185 -0.0222 0.9996
vn -0.0144 -0.0329 0.9994
vn 0.0105 -0.0252 0.9996
vn 0.1827 0.3015 0.9358
vn -0.0185 0.3737 0.9273
vn -0.0000 -0.0300 0.9996
vn -0.2606 0.9230 0.2830
vn 0.1039 0.5928 0.7986
vn 0.3016 0.3086 0.9021
vn 0.0173 -0.0072 0.9998
vn 0.0315 0.0058 0.9995
vn 0.1430 0.1443 0.9791
vn 0.3676 0.5741 0.7317
vn 0.3600 0.0003 0.9329
vn 0.3657 -0.0783 0.9274
vn 0.8778 0.4331 0.2049
vn 0.7908 0.5668 0.2311
vn 0.7902 0.5685 0.2289
vn 0.5138 -0.0918 0.8530
vn 0.4117 -0.1567 0.8978
vn 0.8624 0.4547 0.2223
vn 0.9839 0.1334 0.1188
vn 0.9815 0.1410 0.1294
vn 0.0309 0.0166 0.9994
vn 0.0480 -0.0198 0.9986
vn 0.0346 0.0050 0.9994
vn 0.9717 -0.2157 0.0962
vn 0.0370 0.0113 0.9993
vn -0.9787 -0.1237 0.1637
vn -0.9918 0.0066 0.1280
vn -0.9960 0.0254 0.0861
vn -0.9641 -0.2556 0.0717
vn -0.9298 -0.3658 -0.0405
vn -0.1805 0.9750 0.1299
vn -0.1918 0.9749 0.1134
vn -0.2008 0.9745 0.0998
vn -0.2126 0.9737 0.0821
vn -0.0102 0.0049 0.9999
vn -0.0142 0.0434 0.9990
vn 0.0038 0.0005 1.0000
vn 0.0007 0.0022 1.0000
vn -0.0015 0.0082 1.0000
vn -0.0296 0.0320 0.9990
vn -0.0163 0.0292 0.9994
vn -0.0286 -0.0073 0.9996
vn -0.8195 0.5656 0.0924
vn -0.8156 0.5729 0.0809
vn -0.8220 0.5605 0.1008
vn 0.0041 0.0987 0.9951
vn -0.8255 0.5533 0.1115
vn 0.0269 0.9938 0.1081
vn 0.0268 0.9938 0.1082
vn 0.0299 0.9940 0.1053
vn 0.0234 0.9935 0.1115
vn -0.0006 -0.0070 1.0000
vn -0.0144 -0.0235 0.9996
vn 0.0019 0.0306 0.9995
vn 0.2100 -0.0432 0.9767
vn 0.9868 0.0721 0.1453
vn 0.9919 0.0441 0.1194
vn 0.9921 0.0425 0.1179
vn 0.9954 0.0166 0.0943
vn -0.0076 -0.0299 0.9995
vn 0.1035 0.0048 0.9946
vn -0.0381 0.1791 0.9831
vn 0.0332 0.0001 0.9994
vn 0.0492 -0.9943 0.0945
vn 0.0502 -0.9942 0.0955
vn 0.0511 -0.9940 0.0964
vn 0.0886 0.0209 0.9958
vn 0.9952 -0.0383 0.0896
vn 0.9952 -0.0378 0.0900
vn 0.9956 -0.0502 0.0788
vn -0.0139 -0.1870 0.9823
vn -0.8499 -0.5170 0.1013
vn -0.8496 -0.5177 0.1006
vn -0.6943 -0.7126 0.1005
vn -0.0278 -0.0320 0.9991
vn 0.0194 -0.0426 0.9989
vn 0.0101 -0.0260 0.9996
vn -0.5025 -0.8594 0.0945
vn -0.6948 -0.7122 0.1001
vn 0.1466 0.0480 0.9880
vn -0.8242 0.5494 -0.1375
vn -0.0053 0.9921 0.1257
vn 0.5167 0.8506 -0.0976
vn 0.0005 0.0002 1.0000
vn 0.0001 0.0004 1.0000
vn 0.0008 -0.0000 1.0000
vn 0.9852 0.1490 0.0848
vn 0.4567 -0.8846 0.0941
vn 0.8207 -0.5659 -0.0791
vn -0.4443 -0.8896 -0.1062
vn -0.9278 -0.3166 0.1972
vn 0.0001 0.0035 1.0000
vn 0.0080 0.0022 1.0000
vn 0.0001 -0.0034 1.0000
vn 0.0138 0.0104 0.9998
vn 0.0086 -0.0005 1.0000
vn 0.0006 -0.0013 1.0000
vn -0.7151 0.6893 0.1166
vn -0.7058 0.7020 0.0947
vn -0.7091 0.6976 0.1024
vn -0.7004 0.7090 0.0824
vn 0.6682 0.7374 0.0990
vn 0.8192 0.5660 0.0922
vn 0.6705 0.7356 0.0968
vn 0.8187 0.5671 0.0907
vn 0.0189 -0.0159 0.9997
vn 0.0263 0.0024 0.9997
vn 0.0233 -0.0422 0.9988
vn 0.0350 0.0127 0.9993
vn 0.0289 0.0267 0.9992
vn 0.3597 -0.9319 -0.0474
vn 0.6262 -0.7713 0.1139
vn 0.5348 -0.8256 0.1798
vn 0.1643 -0.9616 0.2197
vn 0.0170 -0.0107 0.9998
vn 0.8012 -0.5807 0.1442
vn 0.0140 -0.0705 0.9974
vn 0.3652 -0.0624 0.9289
vn 0.2568 -0.1259 0.9582
vn 0.8609 -0.4977 0.1055
vn 0.3257 -0.8731 -0.3628
vn 0.9819 -0.1682 0.0866
vn 0.4391 -0.0125 0.8984
vn 0.4531 -0.1017 0.8856
vn 0.9034 -0.0308 0.4278
vn 0.5777 -0.0865 0.8116
vn 0.7259 -0.0211 0.6875
vn 0.7444 -0.0780 0.6632
vn 0.6134 -0.0286 0.7892
vn 0.7135 -0.1202 0.6902
vn 0.4226 0.8133 0.3999
vn 0.6970 0.6179 0.3639
vn 0.6897 0.5457 0.4758
vn 0.8567 -0.1324 0.4985
vn 0.5703 -0.0317 0.8208
vn 0.2259 0.8912 0.3933
vn 0.4234 0.7564 0.4986
vn -0.2828 0.9358 -0.2105
vn -0.6282 0.7596 -0.1686
vn -0.2912 0.9350 -0.2022
vn -0.2284 0.9277 -0.2953
vn -0.3849 0.9146 -0.1237
vn 0.8073 0.5176 0.2835
vn -0.4407 0.8975 0.0152
vn 0.6108 0.7887 0.0697
vn 0.7292 0.6841 -0.0135
vn 0.8324 0.4944 0.2503
vn 0.9471 -0.1367 0.2904
vn 0.9555 -0.0769 0.2847
vn 0.9703 -0.1355 0.2005
vn 0.9818 -0.1599 0.1024
vn 0.9726 -0.2323 0.0054
vn 0.9997 -0.0186 0.0184
vn 0.9999 0.0063 0.0159
vn 0.0357 -0.0277 0.9990
vn 0.6012 0.7937 -0.0926
vn 0.9997 0.0234 0.0043
vn 0.9997 0.0099 -0.0206
vn 0.9941 -0.0231 -0.1060
vn 0.9929 -0.0258 0.1163
vn 0.9791 -0.1703 -0.1113
vn 0.9691 -0.2463 -0.0109
vn 0.9997 0.0080 -0.0225
vn 0.9995 -0.0193 -0.0231
vn 0.1009 -0.0240 -0.9946
vn 0.5631 -0.8023 0.1981
vn 0.6041 -0.7656 0.2212
vn 0.5213 -0.8352 0.1750
vn 0.6626 -0.7042 0.2551
vn 0.5483 0.1880 0.8149
vn 0.6106 0.2354 0.7561
vn 0.4626 0.1259 0.8776
vn 0.0273 0.6031 0.7972
vn -0.0046 0.5626 0.8267
vn -0.1048 0.4223 0.9004
vn 0.7050 0.3124 0.6367
vn 0.1111 -0.7990 0.5910
vn -0.0287 -0.8940 0.4472
vn -0.0213 -0.8900 0.4554
vn -0.1594 -0.9433 0.2913
vn -1.0000 -0.0055 0.0070
vn -0.9998 0.0103 0.0190
vn -0.9999 -0.0092 -0.0121
vn 0.1320 -0.5632 -0.8157
vn -0.9995 -0.0100 -0.0303
vn -0.9989 0.0114 -0.0448
vn 0.0712 0.0051 0.9975
vn 0.0742 0.0060 0.9972
vn 0.0840 0.0090 0.9964
vn -0.9997 0.0244 0.0009
vn -0.5692 0.8166 0.0955
vn -0.5582 0.8259 -0.0802
vn -0.6072 0.7673 0.2061
vn -0.8505 0.4846 0.2044
vn -0.8634 0.4834 0.1442
vn -0.9534 0.1687 0.2501
vn 0.0869 0.0098 0.9962
vn -0.9913 0.0684 0.1122
vn -0.8558 -0.0192 0.5170
vn -0.9559 -0.1427 0.2565
vn -0.8854 0.1917 0.4234
vn -0.7123 0.2037 0.6717
vn -0.7769 0.4872 0.3989
vn -0.4455 0.2534 0.8587
vn -0.5150 0.0394 0.8563
vn -0.4704 0.5250 0.7093
vn -0.6678 0.4968 0.5543
vn -0.6610 0.0571 0.7482
vn -0.5119 0.7480 0.4224
vn -0.3153 0.8148 0.4865
vn -0.1616 0.8094 0.5646
vn -0.2687 0.4928 0.8276
vn -0.2316 0.9101 0.3436
vn -0.1176 0.9085 0.4010
vn 0.2081 0.8766 -0.4339
vn 0.1431 0.7727 -0.6184
vn 0.3451 0.7983 -0.4936
vn 0.2476 0.9388 -0.2393
vn -0.3421 0.9200 0.1910
vn 0.5790 0.7614 -0.2917
vn 0.2499 0.9414 -0.2264
vn 0.7789 -0.1047 -0.6183
vn 0.6556 -0.0517 -0.7533
vn 0.7668 -0.0081 -0.6419
vn 0.5665 -0.1048 -0.8174
vn 0.4977 -0.0483 -0.8660
vn 0.6290 -0.0936 -0.7718
vn 0.3777 -0.0908 -0.9215
vn 0.3273 -0.1002 -0.9396
vn 0.1116 -0.1643 -0.9801
vn 0.2070 -0.0874 -0.9744
vn 0.3438 -0.0296 -0.9386
vn 0.0823 -0.0219 -0.9964
vn 0.2429 -0.0309 -0.9696
vn -0.0868 -0.0158 -0.9961
vn 0.0112 -0.2370 -0.9714
vn -0.0130 -0.2488 -0.9685
vn -0.1102 -0.1685 -0.9795
vn 0.9970 -0.0322 -0.0706
vn -0.0002 -0.0246 -0.9997
vn 0.0432 0.0002 -0.9991
vn 0.0366 0.0030 -0.9993
vn -0.5179 0.6175 -0.5920
vn -0.5233 0.5764 -0.6276
vn -0.5065 0.6752 -0.5363
vn 0.4835 0.6181 -0.6198
vn 0.4700 0.6886 -0.5523
vn 0.4911 0.5560 -0.6706
vn -0.0355 -0.0017 -0.9994
vn 0.7514 -0.6140 -0.2417
vn 0.4964 0.4568 -0.7382
vn -0.1057 0.1824 -0.9775
vn 0.0035 -0.0232 -0.9997
vn 0.0118 0.3866 -0.9222
vn -0.1936 0.5395 -0.8194
vn -0.2962 -0.0907 -0.9508
vn -0.3289 -0.1017 -0.9389
vn -0.9922 -0.0340 -0.1195
vn -0.1985 0.8320 -0.5181
vn -0.0364 0.7184 -0.6946
vn -0.2201 0.8110 -0.5420
vn -0.3814 -0.0239 -0.9241
vn 0.0100 0.9028 0.4300
vn 0.1348 0.9164 0.3769
vn 0.2459 0.8011 0.5456
vn 0.1058 0.8109 0.5755
vn 0.0651 0.8354 -0.5457
vn 0.2473 0.4810 0.8411
vn 0.1700 0.4182 0.8923
vn 0.0172 0.0281 0.9995
vn 0.0097 0.0105 0.9999
vn 0.0007 0.0035 1.0000
vn 0.9920 0.0270 -0.1235
vn 0.9919 0.0272 -0.1239
vn 0.9918 0.0276 -0.1248
vn -0.0293 -0.0007 0.9996
vn -0.0246 -0.0085 0.9997
vn -0.0534 0.7559 0.6525
vn 0.2757 0.1501 0.9495
vn 0.9917 0.0279 -0.1253
vn 0.1148 0.0492 0.9922
vn 0.0028 1.0000 0.0069
vn 0.0002 1.0000 0.0030
vn 0.0017 1.0000 0.0053
vn 0.1931 -0.1304 0.9725
vn -0.1114 -0.1331 0.9848
vn -0.1202 0.0532 0.9913
vn 0.0045 0.9999 0.0094
vn -0.9977 0.0025 -0.0671
vn -0.9981 0.0003 -0.0614
vn -0.9966 0.0081 -0.0818
vn -0.2667 0.1585 0.9507
vn -0.1510 0.4592 0.8754
vn -0.9961 0.0102 -0.0872
vn -0.3947 -0.1224 0.9106
vn -0.6256 -0.1197 0.7709
vn -0.4694 -0.4469 0.7615
vn -0.3137 -0.2714 0.9099
vn -0.1983 -0.4616 0.8647
vn -0.3808 -0.6146 0.6908
vn -0.5079 -0.6100 0.6083
vn -0.5316 -0.5539 0.6408
vn -0.1966 -0.6162 0.7626
vn -0.6367 -0.2761 0.7200
vn -0.0315 -0.9943 0.1017
vn -0.0347 -0.9945 0.0989
vn -0.0316 -0.9955 0.0897
vn 0.0120 -0.9985 -0.0542
vn 0.0121 -0.9956 -0.0929
vn 0.4663 -0.3562 -0.8097
vn 0.2596 -0.7398 -0.6207
vn 0.3702 -0.3868 -0.8446
vn 0.5939 -0.0350 -0.8038
vn 0.2192 -0.9499 -0.2229
vn 0.3166 -0.8693 -0.3796
vn 0.4113 -0.7530 -0.5136
vn 0.5334 -0.7827 -0.3208
vn -0.6175 -0.6830 0.3902
vn -0.5928 -0.5846 0.5540
vn -0.5930 -0.5840 0.5543
vn -0.5911 -0.6390 0.4923
vn -0.7449 -0.6017 0.2882
vn 0.5248 -0.7765 -0.3488
vn 0.7141 -0.6316 -0.3020
vn -0.0451 -0.9987 0.0258
vn 0.0099 -0.9995 0.0287
vn 0.0051 -0.9996 0.0290
vn -0.7583 -0.6371 0.1384
vn -0.0259 -0.9997 0.0010
vn -0.8829 -0.4412 -0.1609
vn -0.7853 -0.6086 -0.1136
vn -0.1331 -0.9904 -0.0367
vn -0.9012 -0.4307 0.0482
vn -0.9256 -0.1384 -0.3522
vn -0.8227 -0.4554 -0.3404
vn -0.9757 -0.1408 -0.1681
vn -0.8365 -0.1379 -0.5304
vn -0.7375 -0.4291 -0.5215
vn -0.7090 -0.6171 -0.3414
vn -0.2021 -0.9725 -0.1157
vn -0.1272 -0.9915 -0.0264
vn -0.1343 -0.9900 -0.0434
vn -0.6402 -0.5779 -0.5061
vn 0.7471 -0.6199 0.2399
vn 0.7460 -0.6544 0.1236
vn 0.6692 -0.6840 0.2905
vn 0.6342 -0.7086 0.3094
vn 0.7521 -0.6522 0.0949
vn 0.3684 -0.8763 0.3105
vn 0.1776 -0.9750 0.1336
vn 0.1928 -0.9701 0.1476
vn 0.9211 -0.0282 0.3882
vn 0.8776 -0.0791 0.4727
vn 0.8351 -0.0248 0.5496
vn 0.5016 -0.7473 0.4357
vn 0.7721 -0.6352 0.0199
vn -0.7575 -0.2298 -0.6111
vn -0.6694 -0.4889 -0.5593
vn 0.6811 -0.3868 -0.6217
vn 0.6412 -0.4977 -0.5841
vn 0.7277 -0.0663 -0.6826
vn 0.7294 0.2435 -0.6393
vn 0.5821 -0.6291 -0.5152
vn 0.6018 -0.5748 -0.5545
vn -0.5018 -0.6622 0.5566
vn -0.5292 -0.6253 0.5736
vn -0.5766 -0.5228 0.6279
vn 0.5094 -0.4972 0.7024
vn 0.8041 -0.4629 0.3731
vn 0.6442 -0.4359 0.6284
vn 0.8155 -0.3531 0.4586
vn 0.4450 -0.3696 0.8157
vn -0.5848 -0.4996 0.6390
vn 0.3053 -0.1863 0.9339
vn 0.4398 -0.0958 0.8929
vn -0.6710 -0.1124 0.7329
vn -0.6779 -0.0446 0.7338
vn -0.6111 0.3666 0.7016
vn -0.6168 0.3656 0.6970
vn 0.4818 0.0599 0.8742
vn -0.5409 0.5488 0.6374
vn 0.6680 0.1302 0.7326
vn 0.5932 0.1194 0.7962
vn 0.3363 0.0608 0.9398
vn -0.0380 0.9983 -0.0431
vn -0.0627 0.9966 -0.0534
vn -0.0473 0.9988 -0.0142
vn -0.0350 0.9963 -0.0785
vn -0.0474 0.9985 -0.0289
vn 0.7688 0.1262 0.6269
vn 0.9025 0.0801 0.4231
vn -0.0163 0.9938 0.1103
vn -0.0634 0.9980 -0.0040
vn -0.0649 0.9978 0.0134
vn -0.0104 0.9966 -0.0812
vn 0.0477 0.9976 0.0505
vn 0.0550 0.9984 0.0142
vn 0.0346 0.9955 0.0882
vn 0.0481 0.9988 -0.0103
vn 0.0411 0.9987 -0.0302
vn 0.0251 0.9991 -0.0348
vn -0.0637 0.9946 0.0815
vn -0.0540 0.9966 0.0621
vn -0.0353 0.9985 0.0411
vn 0.0274 0.9930 0.1147
vn 0.0226 0.9981 -0.0566
vn -0.0525 0.9981 0.0319
vn 0.9025 -0.2104 -0.3759
vn 0.8447 0.0223 -0.5348
vn 0.8808 0.0966 -0.4636
vn 0.6686 0.2024 -0.7155
vn 0.9797 -0.1694 -0.1069
vn 0.9985 0.0532 0.0111
vn 0.4011 0.0934 -0.9113
vn -0.6073 0.4141 -0.6780
vn -0.4979 0.6325 -0.5932
vn -0.5074 0.6209 -0.5976
vn 0.6669 0.4603 0.5860
vn 0.6275 0.5877 0.5107
vn 0.5812 0.6592 0.4772
vn -0.5983 0.4193 -0.6828
vn 0.5279 0.0500 -0.8478
vn -0.6739 -0.0658 -0.7359
vn 0.4553 -0.1364 -0.8798
vn -0.6810 -0.0393 -0.7312
vn -0.5889 -0.4862 -0.6456
vn 0.2894 -0.1764 -0.9408
vn 0.4467 -0.3568 -0.8204
vn 0.4901 -0.4740 -0.7315
vn 0.1888 -0.4747 -0.8596
vn -0.0540 0.0566 -0.9969
vn -0.0015 -0.1467 -0.9892
vn -0.0247 -0.6465 -0.7625
vn -0.1346 -0.4428 -0.8865
vn 0.3763 -0.6687 -0.6413
vn -0.2922 -0.1429 -0.9456
vn -0.3840 -0.3886 -0.8376
vn -0.3460 -0.6285 -0.6966
vn -0.5994 -0.5012 -0.6241
vn -0.6625 -0.6292 -0.4065
vn -0.0329 -0.7785 -0.6267
vn -0.1528 -0.8988 -0.4108
vn 0.3502 -0.8956 -0.2744
vn 0.6480 -0.7245 -0.2351
vn 0.5976 -0.7605 0.2539
vn 0.0804 -0.9013 0.4256
vn 0.1169 -0.9875 -0.1054
vn 0.7711 -0.6311 0.0844
vn 0.8221 -0.5344 -0.1965
vn 0.6968 -0.5404 -0.4717
vn 0.9003 -0.4336 0.0375
vn 0.9454 -0.1496 0.2895
vn 0.8807 -0.1354 0.4539
vn 0.8628 0.0491 0.5032
vn 0.6949 0.3809 -0.6099
vn 0.6287 0.5778 -0.5204
vn 0.6415 0.5561 -0.5284
vn -0.4811 0.6291 0.6106
vn 0.0642 0.9946 0.0813
vn -0.8812 0.4400 0.1726
vn 0.2767 0.4250 -0.8619
vn 0.6727 -0.4256 -0.6053
vn 0.7965 -0.4717 -0.3782
vn -0.5199 -0.6313 -0.5755
vn -0.5823 -0.5046 -0.6374
vn -0.5155 -0.6373 -0.5728
vn 0.6103 -0.5729 0.5471
vn 0.6356 -0.4970 0.5908
vn 0.5522 -0.6620 0.5068
vn 0.6923 -0.3658 0.6220
vn 0.7289 -0.0284 0.6840
vn 0.8860 -0.0661 -0.4590
vn 0.7285 0.2578 0.6347
vn -0.7251 -0.0674 0.6853
vn -0.7522 -0.2033 0.6268
vn -0.8481 -0.1516 0.5077
vn -0.7821 -0.2786 0.5574
vn -0.8886 -0.2753 0.3668
vn 0.6783 -0.6024 0.4208
vn 0.3775 -0.6718 0.6374
vn 0.1450 -0.4549 0.8787
vn 0.0674 -0.6284 0.7749
vn -0.2562 -0.5228 0.8131
vn -0.2903 -0.6897 0.6633
vn -0.3044 -0.3952 0.8667
vn -0.6291 -0.5283 0.5702
vn -0.6372 -0.4471 0.6277
vn -0.8207 -0.3898 0.4178
vn -0.9322 -0.1708 0.3191
vn -0.5227 -0.7550 0.3960
vn -0.7747 -0.5507 0.3107
vn -0.9985 0.0546 0.0079
vn -0.9035 0.0884 0.4194
vn -0.8649 0.0537 0.4991
vn -0.8789 -0.1159 0.4627
vn -0.9332 -0.3508 0.0787
vn -0.9863 -0.1129 -0.1206
vn -0.7644 0.1610 0.6243
vn -0.7288 0.2660 -0.6310
vn -0.6414 0.5342 -0.5507
vn -0.6949 0.3575 -0.6239
vn -0.7308 -0.0419 -0.6813
vn -0.5675 0.1142 0.8154
vn -0.1034 0.9942 0.0304
vn -0.6199 0.6054 -0.4993
vn -0.6755 0.0758 0.7335
vn 0.6088 0.3773 0.6979
vn 0.5195 0.5773 0.6300
vn 0.5132 0.5935 0.6200
vn -0.4817 0.0524 0.8748
vn 0.6279 0.2970 0.7194
vn 0.6805 -0.0774 0.7286
vn -0.3394 -0.1241 0.9324
vn -0.4481 -0.1491 0.8815
vn 0.6184 -0.3911 0.6817
vn 0.5533 -0.5532 0.6228
vn -0.4696 -0.3731 0.8002
vn 0.4604 -0.7004 0.5455
vn 0.5323 -0.6142 0.5826
vn 0.6810 -0.7268 -0.0901
vn 0.5124 -0.4723 -0.7172
vn 0.3000 -0.6218 -0.7234
vn 0.4322 -0.6136 -0.6609
vn 0.6477 -0.1930 -0.7370
vn 0.5056 -0.3623 -0.7830
vn 0.2138 -0.4647 -0.8593
vn 0.6092 -0.0985 -0.7869
vn 0.7301 -0.0548 -0.6812
vn 0.7466 0.1349 -0.6515
vn 0.8445 -0.1468 -0.5150
vn 0.8923 0.1448 -0.4277
vn 0.6927 0.5022 -0.5177
vn 0.7836 0.4511 -0.4273
vn 0.8571 0.4574 -0.2368
vn 0.9614 0.1628 -0.2219
vn 0.8698 0.4637 -0.1689
vn 0.5611 0.8235 -0.0833
vn 0.9999 -0.0039 -0.0136
vn 0.9998 0.0012 -0.0175
vn 0.9998 -0.0079 0.0160
vn 0.9994 0.0274 -0.0201
vn -0.1025 0.0151 -0.9946
vn -0.1006 0.0145 -0.9948
vn -0.0952 0.0127 -0.9954
vn 0.5839 0.8091 0.0661
vn 0.9997 0.0180 -0.0144
vn -0.0042 1.0000 -0.0003
vn 0.0007 1.0000 -0.0036
vn 0.0042 1.0000 -0.0060
vn -0.0934 0.0121 -0.9956
vn 0.9997 0.0236 0.0041
vn -0.0789 0.0073 0.9969
vn -0.0802 0.0078 0.9967
vn -0.0756 0.0060 0.9971
vn -0.0744 0.0055 0.9972
vn 0.0097 0.9999 -0.0097
vn 0.9997 0.0021 0.0242
vn 0.9887 0.0733 0.1305
vn 0.9921 0.0728 -0.1023
vn 0.9762 -0.1591 -0.1474
vn 0.9880 -0.1450 0.0527
vn 0.9489 0.0616 0.3095
vn 0.8927 0.3302 0.3067
vn 0.8754 0.4541 0.1660
vn 0.9600 -0.1503 0.2362
vn 0.9014 -0.1357 0.4112
vn 0.8428 0.1472 0.5176
vn 0.8636 -0.4201 0.2786
vn 0.7660 -0.4666 0.4421
vn 0.7994 -0.1002 0.5924
vn 0.6467 -0.6420 0.4118
vn 0.7887 -0.6034 0.1177
vn 0.8874 -0.4498 0.1013
vn 0.8894 -0.4528 -0.0633
vn 0.8640 -0.4301 -0.2618
vn 0.7841 -0.6098 -0.1151
vn 0.7089 -0.6190 -0.3380
vn 0.7629 -0.4470 -0.4670
vn 0.9444 -0.1231 -0.3048
vn 0.6263 -0.6202 -0.4723
vn 0.6707 -0.5191 -0.5298
vn -0.6602 -0.4346 -0.6126
vn -0.6521 -0.4634 -0.6000
vn 0.7518 -0.2705 -0.6014
vn -0.2435 -0.7290 -0.6398
vn -0.3493 -0.7079 -0.6140
vn -0.5841 -0.6175 -0.5268
vn 0.6370 -0.4236 0.6440
vn 0.3589 -0.8095 0.4646
vn 0.6513 -0.5258 0.5471
vn -0.1669 -0.9806 -0.1026
vn 0.0857 -0.9956 0.0383
vn -0.3720 -0.9208 -0.1174
vn -0.2105 -0.9666 -0.1465
vn -0.1913 -0.9362 -0.2948
vn 0.4537 -0.2220 0.8631
vn 0.2878 -0.4492 0.8458
vn 0.1759 -0.8938 0.4126
vn 0.5628 -0.5099 0.6506
vn 0.0653 -0.4604 0.8853
vn 0.0745 -0.6326 0.7709
vn 0.0322 -0.9991 0.0287
vn -0.0197 -0.9778 -0.2088
vn -0.0105 -0.9670 -0.2547
vn -0.1332 -0.8418 -0.5231
vn -0.3654 -0.4512 -0.8142
vn -0.4694 -0.3962 -0.7891
vn -0.2790 -0.0283 -0.9599
vn -0.4722 -0.7313 -0.4921
vn -0.6798 -0.0280 -0.7328
vn -0.7565 -0.0788 -0.6492
vn -0.5437 -0.0853 -0.8349
vn -0.8242 -0.0281 -0.5656
vn -0.6909 -0.1361 -0.7100
vn -0.8127 -0.1313 -0.5677
vn -0.9029 -0.0882 -0.4207
vn -0.5325 0.6390 -0.5551
vn -0.4034 0.8441 -0.3532
vn -0.4985 0.5290 -0.6867
vn -0.4805 0.4911 -0.7266
vn -0.5448 -0.1177 -0.8303
vn 0.1500 0.9552 0.2551
vn 0.3500 0.9053 0.2406
vn 0.5071 0.8050 0.3079
vn 0.4063 0.7982 0.4447
vn -0.4460 0.8407 -0.3072
vn -0.4099 0.8894 -0.2023
vn 0.4638 0.8787 0.1132
vn -0.8750 -0.1047 -0.4726
vn 0.7419 0.4929 0.4546
vn 0.6427 0.4395 0.6275
vn 0.4587 0.4984 0.7356
vn 0.4866 0.1947 0.8516
vn 0.6949 0.1332 0.7067
vn 0.5441 -0.0410 0.8380
vn 0.7200 -0.1681 0.6733
vn 0.7659 -0.0167 0.6428
vn 0.8612 0.4673 -0.1997
vn -0.1149 0.3660 0.9235
vn 0.7585 -0.2180 0.6141
vn -0.7427 0.2446 0.6233
vn -0.6539 0.5008 0.5670
vn -0.6281 0.5987 0.4971
vn -0.7079 0.3126 0.6334
vn -0.8292 -0.0463 0.5570
vn -0.6462 -0.5235 0.5553
vn -0.7360 -0.0867 0.6714
vn -0.6426 -0.4921 0.5873
vn -0.9085 -0.1296 -0.3973
vn -0.8684 -0.3710 -0.3290
vn -0.7998 -0.3727 -0.4705
vn -0.8730 0.0907 -0.4792
vn -0.8068 0.0344 -0.5898
vn 0.0516 0.9982 0.0290
vn 0.0317 0.9973 0.0666
vn -0.4691 0.1014 -0.8773
vn -0.6411 0.2078 -0.7388
vn -0.7174 0.1756 -0.6742
vn 0.0555 0.9985 0.0010
vn -0.5265 0.0570 -0.8483
vn 0.5975 0.4294 -0.6773
vn 0.4683 0.6533 -0.5948
vn 0.5165 0.5924 -0.6183
vn 0.6008 0.4152 -0.6831
vn -0.1690 0.9854 0.0228
vn -0.4495 -0.1295 -0.8839
vn 0.6806 -0.0616 -0.7300
vn 0.5991 -0.4437 -0.6665
vn 0.5575 -0.5648 -0.6085
vn 0.6787 0.0116 -0.7343
vn -0.4993 -0.3698 -0.7835
vn 0.5270 -0.6041 -0.5979
vn 0.4595 -0.7225 -0.5166
vn -0.6571 -0.4454 -0.6082
vn -0.5676 -0.6432 0.5140
vn -0.5352 -0.7067 0.4628
vn 0.5956 -0.2346 0.7683
vn -0.8467 -0.5004 -0.1808
vn -0.6829 -0.7268 -0.0730
vn -0.8355 -0.5450 0.0701
vn -0.5070 -0.8138 0.2839
vn 0.6520 0.7346 0.1879
vn -0.9317 -0.0220 -0.3625
vn -0.7358 -0.6375 -0.2284
vn -0.5879 -0.7664 -0.2587
vn 0.0494 -0.6119 -0.7894
vn -0.0102 -0.1394 0.9902
vn -0.1399 0.0676 0.9879
vn 0.0144 0.9956 -0.0927
vn 0.0468 0.9972 -0.0589
vn 0.0646 0.9975 -0.0295
vn -0.6952 -0.1822 0.6954
vn -0.5155 -0.5912 -0.6203
vn -0.9176 0.1477 -0.3691
vn -0.8131 0.1578 -0.5603
vn -0.6696 0.1564 -0.7260
vn -0.6369 0.4837 -0.6003
vn -0.7945 0.4739 -0.3797
vn -0.3371 0.8427 -0.4197
vn -0.6339 0.6538 -0.4132
vn -0.1846 0.8892 -0.4185
vn 0.3334 0.7513 0.5696
vn 0.4194 0.5957 0.6850
vn 0.1023 0.9139 0.3928
vn 0.1012 0.9191 0.3808
vn 0.0450 0.7663 0.6409
vn -0.9207 0.3295 -0.2091
vn -0.9714 0.0594 -0.2300
vn -0.9915 0.0717 -0.1088
vn -0.8875 0.4376 -0.1445
vn 0.0965 0.0129 -0.9952
vn 0.0990 0.0139 -0.9950
vn 0.0907 0.0105 -0.9958
vn 0.0881 0.0096 -0.9961
vn -0.9994 0.0263 -0.0229
vn -0.9998 0.0183 -0.0040
vn 0.0015 1.0000 0.0025
vn -0.0022 1.0000 -0.0000
vn 0.0042 1.0000 0.0042
vn -0.0162 0.9333 -0.3587
vn -0.1025 0.9764 -0.1900
vn 0.0384 0.8885 -0.4572
vn 0.1205 0.7099 0.6939
vn 0.1216 0.7933 -0.5966
vn -0.1756 -0.1329 -0.9755
vn 0.4906 -0.1497 -0.8584
vn 0.5352 -0.1172 -0.8366
vn 0.6016 -0.0652 -0.7962
vn 0.6103 0.7789 -0.1444
vn 0.5164 0.8520 -0.0858
vn 0.4649 0.8837 -0.0551
vn -0.9929 -0.1187 -0.0100
vn 0.0083 0.9999 0.0070
vn 0.7230 -0.6433 -0.2518
vn 0.7232 -0.6648 -0.1869
vn 0.9468 -0.0169 -0.3213
vn 0.8171 -0.0890 -0.5695
vn 0.9404 -0.0816 -0.3300
vn 0.8291 -0.0187 -0.5588
vn 0.9310 -0.1088 -0.3483
vn 0.9710 -0.0992 -0.2173
vn 0.9383 -0.0270 -0.3447
vn 0.8666 -0.0736 -0.4935
vn 0.3762 0.9212 -0.0993
vn 0.5120 0.7910 -0.3348
vn 0.7226 -0.0229 -0.6909
vn -0.0058 0.0229 0.9997
vn 0.0124 0.0172 0.9998
vn -0.7235 0.6836 -0.0965
vn -0.7242 0.6830 -0.0955
vn -0.7069 0.6976 -0.1169
vn 0.8433 0.5362 -0.0361
vn 0.7316 0.6720 0.1149
vn 0.8441 0.5350 -0.0367
vn 0.9089 0.3758 -0.1810
vn 0.5051 -0.8501 0.1490
vn -0.1438 -0.9523 -0.2693
vn -0.7202 -0.6809 0.1327
vn -0.6191 -0.6002 -0.5065
vn -0.6751 -0.5935 -0.4382
vn -0.7012 -0.5883 -0.4027
vn 0.3738 -0.6265 -0.6839
vn -0.5301 0.4893 -0.6925
vn -0.7431 0.6654 -0.0710
vn -0.7211 -0.5834 -0.3738
vn 0.0560 -0.7832 -0.6192
vn 0.1813 0.8696 -0.4593
vn 0.4122 0.9108 -0.0246
vn 0.4575 -0.1727 -0.8723
vn -0.2324 -0.9654 0.1181
vn 0.0813 -0.9798 0.1827
vn -0.0314 -0.0479 0.9984
vn -0.0237 -0.0344 0.9991
vn -0.0120 -0.0093 0.9999
vn -0.0076 -0.0070 0.9999
vn -0.0304 0.0155 0.9994
vn -0.0598 0.0024 0.9982
vn -0.6161 -0.7721 0.1557
vn -0.4236 -0.8679 0.2596
vn -0.6708 -0.7237 0.1619
vn -0.5293 -0.6579 0.5358
vn -0.0538 -0.8495 0.5249
vn -0.2812 -0.1210 0.9520
vn -0.8806 -0.4611 0.1096
vn -0.8833 -0.4625 0.0768
vn -0.3629 -0.0450 0.9308
vn 0.0012 -0.0337 0.9994
vn 0.0083 -0.0442 0.9990
vn -0.0225 -0.0228 0.9995
vn -0.2031 0.0212 0.9789
vn -0.0427 0.0152 0.9990
vn -0.0753 -0.0075 0.9971
vn -0.9800 -0.1806 0.0836
vn -0.9882 -0.1210 0.0934
vn -0.4403 -0.0304 0.8973
vn -0.9903 0.0968 0.0999
vn -0.4309 -0.1097 0.8957
vn -0.4065 -0.1054 0.9075
vn -0.4499 -0.1082 0.8865
vn -0.9858 0.1328 0.1028
vn -0.8972 0.4068 0.1721
vn -0.3084 0.0002 0.9513
vn -0.2511 0.8017 0.5424
vn -0.1474 0.8961 0.4186
vn -0.3363 0.7543 0.5639
vn -0.3521 0.8070 0.4741
vn -0.6050 -0.1072 0.7890
vn -0.1081 0.8648 0.4903
vn 0.1654 0.9533 -0.2529
vn -0.7364 -0.1066 0.6681
vn -0.7591 -0.0451 0.6494
vn -0.1264 0.5980 0.7914
vn -0.1506 0.2687 0.9514
vn -0.3300 -0.0001 0.9440
vn -0.0347 0.0561 0.9978
vn -0.6159 0.7127 0.3358
vn -0.5943 0.7529 0.2826
vn -0.6935 0.5772 0.4311
vn -0.0046 0.0002 1.0000
vn -0.0294 -0.0799 0.9964
vn 0.0143 -0.0187 0.9997
vn -0.0302 0.0149 0.9994
vn -0.9156 0.3591 0.1811
vn -0.2758 0.1483 0.9497
vn 0.9966 -0.0052 0.0828
vn 0.9994 -0.0296 0.0169
vn 0.9994 -0.0359 -0.0000
vn 0.7773 -0.5855 0.2303
vn 0.7849 -0.5384 0.3068
vn 0.7383 -0.6721 0.0558
vn 0.0315 0.0346 0.9989
vn 0.7059 -0.7073 -0.0377
vn -0.0103 0.0019 0.9999
vn -0.0061 -0.0030 1.0000
vn -0.0420 -0.0160 0.9990
vn -0.5777 -0.8110 0.0926
vn -0.7295 -0.6688 0.1434
vn -0.6100 -0.7892 0.0713
vn -0.7423 -0.6468 0.1753
vn 0.0063 0.0035 1.0000
vn -0.4728 0.8782 0.0723
vn -0.4652 0.8815 0.0805
vn -0.5015 0.8642 0.0407
vn -0.0181 -0.0154 0.9997
vn -0.9187 0.3749 0.1245
vn -0.9124 0.3845 0.1400
vn -0.9265 0.3618 0.1035
vn 0.0031 0.0042 1.0000
vn -0.9042 0.3963 0.1594
vn -0.0003 -0.0003 1.0000
vn -0.0317 -0.0244 0.9992
vn -0.0248 0.0253 0.9994
vn -0.4342 0.8937 0.1131
vn -0.0698 0.0068 0.9975
vn -0.1375 -0.0448 0.9895
vn 0.9937 -0.0654 0.0913
vn 0.2542 -0.9671 0.0059
vn 0.3578 -0.9327 -0.0461
vn 0.4481 -0.8891 -0.0932
vn 0.0077 0.0289 0.9996
vn 0.5983 0.8012 0.0096
vn 0.8136 0.5738 -0.0939
vn 0.7440 0.6658 -0.0566
vn -0.0000 -0.0011 1.0000
vn -0.0000 -0.0006 1.0000
vn 0.0001 -0.0009 1.0000
vn 0.0004 -0.0025 1.0000
vn 0.4785 0.8763 0.0565
vn -0.5845 0.8112 0.0175
vn -0.5074 0.8614 -0.0237
vn -0.6405 0.7664 0.0495
vn -0.4518 0.8906 -0.0517
vn 0.0364 -0.0159 0.9992
vn 0.0379 -0.0303 0.9988
vn 0.0379 0.0079 0.9992
vn -0.9296 -0.3686 -0.0028
vn -0.9004 -0.4334 -0.0381
vn -0.9166 -0.3994 -0.0194
vn -0.8876 -0.4577 -0.0518
vn -0.0002 -0.0009 1.0000
vn 0.1462 -0.9875 0.0582
vn 0.8444 0.5203 0.1278
vn 0.7329 0.6719 0.1066
vn 0.5937 0.7951 0.1243
vn 0.9029 0.4272 0.0479
vn 0.9734 -0.2183 0.0695
vn 0.9753 -0.1579 0.1545
vn 0.9676 -0.1018 0.2309
vn 0.0190 0.0321 0.9993
vn 0.4791 0.8750 0.0701
vn 0.4442 0.8909 0.0950
vn -0.0022 0.0107 0.9999
vn -0.0009 0.0041 1.0000
vn 0.0114 -0.0000 0.9999
vn 0.5889 -0.8072 0.0415
vn 0.5146 -0.8564 0.0424
vn 0.6985 -0.7117 0.0744
vn 0.3922 -0.9083 0.1456
vn -0.6795 -0.7204 0.1390
vn -0.7035 -0.7059 0.0826
vn -0.6585 -0.7299 0.1833
vn 0.7342 -0.6607 0.1561
vn 0.9619 -0.2730 -0.0116
vn 0.5101 -0.8506 0.1278
vn 0.5140 -0.8491 0.1217
vn 0.5023 -0.8534 0.1397
vn 0.5203 -0.8467 0.1111
vn -0.8919 -0.4403 0.1028
vn -0.8919 -0.4405 0.1025
vn -0.8920 -0.4401 0.1032
vn -0.8920 -0.4404 0.1020
vn -0.4720 -0.8766 0.0935
vn -0.4800 -0.8732 0.0848
vn -0.4710 -0.8770 0.0945
vn -0.4631 -0.8803 0.1030
vn -0.2254 -0.0033 0.9743
vn -0.9929 0.0124 0.1183
vn -0.9948 0.0397 0.0937
vn -0.9948 0.0403 0.0931
vn -0.9954 0.0648 0.0709
vn -0.0495 0.9919 0.1171
vn -0.0370 0.9939 0.1043
vn -0.0371 0.9938 0.1046
vn 0.0029 0.0048 1.0000
vn 0.0047 -0.0010 1.0000
vn 0.0053 0.0020 1.0000
vn -0.0002 0.0063 1.0000
vn -0.0254 0.9953 0.0929
vn 0.8184 0.5674 0.0911
vn 0.8197 0.5649 0.0952
vn 0.8165 0.5709 0.0854
vn 0.8214 0.5614 0.1007
vn 0.0123 0.1164 0.9931
vn 0.0247 0.0394 0.9989
vn 0.0142 0.0497 0.9987
vn 0.2004 0.9754 0.0915
vn 0.1948 0.9758 0.0998
vn 0.2049 0.9751 0.0848
vn 0.2107 0.9746 0.0762
vn 0.4286 -0.9025 0.0423
vn 0.1013 -0.9930 -0.0609
vn 0.2173 -0.9758 -0.0257
vn -0.8049 -0.5860 0.0935
vn -0.8322 -0.5500 0.0705
vn -0.7835 -0.6116 0.1104
vn -0.8575 -0.5123 0.0470
vn 0.0010 0.0004 1.0000
vn 0.0012 0.0009 1.0000
vn 0.0008 -0.0002 1.0000
vn -0.7277 0.6820 -0.0725
vn -0.2530 0.9559 0.1492
vn 0.9909 0.1293 0.0373
vn 0.9981 -0.0558 -0.0260
vn 0.9650 0.2499 0.0792
vn 0.3534 0.9336 -0.0589
vn 0.9831 -0.1709 -0.0654
vn 0.5337 -0.8421 0.0783
vn 0.0021 0.0059 1.0000
vn 0.9943 0.0038 0.1068
vn 0.0009 -0.0066 1.0000
vn -0.4417 -0.8947 0.0660
vn -0.4220 -0.9023 0.0876
vn -0.0339 -0.0343 0.9988
vn 0.0273 -0.0393 0.9989
vn 0.7044 -0.7021 0.1042
vn 0.7090 -0.6970 0.1073
vn 0.8517 -0.5137 0.1035
vn 0.8496 -0.5182 0.0983
vn 0.0097 -0.1510 0.9885
vn 0.5239 -0.8461 0.0981
vn 0.5241 -0.8460 0.0979
vn 0.6558 0.7501 0.0847
vn 0.6543 0.7512 0.0873
vn 0.6515 0.7530 0.0920
vn 0.6582 0.7485 0.0807
vn -0.0039 -0.0059 1.0000
vn -0.0004 0.0008 1.0000
vn -0.0005 -0.0001 1.0000
vn -0.0036 -0.0081 1.0000
vn -0.6744 0.7301 0.1102
vn -0.8351 0.5414 0.0978
vn -0.8337 0.5441 0.0943
vn -0.6722 0.7320 0.1106
vn -0.4720 0.8741 0.1148
vn 0.0016 -0.0023 1.0000
vn -0.9928 -0.0558 0.1064
vn -0.9941 -0.0467 0.0977
vn -0.0013 -0.0077 1.0000
vn 0.0017 -0.0043 1.0000
vn -0.4696 0.8750 0.1172
vn -0.9952 -0.0385 0.0897
vn -0.0728 0.0127 0.9973
vn -0.0221 -0.9923 0.1222
vn -0.0219 -0.9922 0.1225
vn -0.0317 -0.9931 0.1133
vn -0.0117 -0.9912 0.1320
vn 0.5430 -0.8376 -0.0595
vn 0.9716 0.2185 -0.0907
vn 0.9305 -0.3523 0.0997
vn -0.2996 -0.9512 0.0737
vn -0.4670 -0.8842 0.0069
vn -0.2058 -0.9726 0.1082
vn -0.0002 -0.0001 1.0000
vn 0.0002 -0.0007 1.0000
vn -0.0002 0.0009 1.0000
vn -0.5706 -0.8203 -0.0385
vn -0.9806 0.1836 0.0691
vn -0.9920 0.1202 0.0387
vn -0.9977 0.0664 0.0133
vn -0.9701 0.2256 0.0892
vn 0.1236 0.9912 0.0473
vn 0.0097 0.9999 -0.0078
vn -0.1092 0.9919 -0.0651
vn 0.2361 0.9664 0.1019
vn 0.4850 0.8687 0.1012
vn 0.4803 0.8706 0.1068
vn 0.9945 -0.0242 0.1020
vn -0.0078 0.0054 1.0000
vn -0.0084 -0.0005 1.0000
vn -0.0004 -0.0017 1.0000
vn -0.0087 -0.0109 0.9999
vn -0.6195 -0.7417 0.2570
vn 0.0735 -0.9920 -0.1026
vn -0.9213 -0.0153 0.3885
vn -0.1591 0.7404 0.6531
vn 0.2688 -0.1666 0.9487
s 1
f 1//1 4//2 2//3
f 1//1 2//3 7//4
f 3//5 8//6 1//1
f 3//5 1//1 5//7
f 8//6 4//2 1//1
f 6//8 5//9 1//10
f 1//1 7//4 6//11
f 4//2 8//6 9//12
f 11//13 9//14 8//15
f 3//16 10//17 8//18
f 11//19 8//18 10//17
f 11//13 10//20 12//21
f 14//22 11//13 12//21
f 11//13 13//23 15//24
f 13//23 11//13 14//22
f 11//13 15//24 9//14
f 15//24 16//25 9//14
f 15//24 17//26 16//25
f 15//24 20//27 17//26
f 13//23 18//28 15//24
f 18//28 19//29 15//24
f 15//24 19//29 21//30
f 15//24 21//30 20//27
f 20//27 21//30 22//31
f 23//32 22//31 21//30
f 21//30 25//33 23//32
f 19//29 24//34 21//30
f 21//30 24//34 25//33
f 23//32 25//33 26//35
f 26//35 25//33 27//36
f 27//36 25//33 28//37
f 25//33 29//38 28//37
f 29//38 25//33 30//39
f 25//33 31//40 30//39
f 25//33 33//41 31//40
f 33//41 25//33 32//42
f 24//34 32//42 25//33
f 34//43 31//40 33//41
f 34//43 33//41 35//44
f 36//45 35//46 33//47
f 33//48 37//48 36//48
f 33//49 38//50 37//51
f 32//52 38//50 33//49
f 37//51 38//50 36//53
f 36//53 38//50 39//54
f 24//55 38//50 32//52
f 24//55 39//56 38//50
f 36//53 39//54 40//57
f 41//58 40//59 39//60
f 39//60 42//61 41//58
f 43//62 42//61 39//60
f 43//62 39//60 24//63
f 44//64 42//65 43//66
f 44//67 43//68 46//69
f 24//34 45//70 43//68
f 43//68 45//70 47//71
f 43//68 47//71 46//69
f 48//72 46//69 47//71
f 48//72 47//71 49//73
f 47//71 45//70 49//73
f 18//28 49//73 45//70
f 49//73 18//28 50//74
f 49//73 50//74 51//75
f 52//76 49//73 51//75
f 48//72 49//73 52//76
f 53//77 54//78 52//76
f 53//77 52//76 51//75
f 52//76 54//78 48//72
f 48//72 54//78 55//79
f 54//78 56//80 55//79
f 58//81 56//80 54//78
f 57//82 54//78 53//77
f 57//82 58//81 54//78
f 57//82 59//83 58//81
f 58//81 59//83 62//84
f 58//85 61//86 60//87
f 56//88 58//85 60//87
f 64//89 61//90 58//91
f 58//81 62//84 63//92
f 63//92 64//89 58//91
f 65//93 61//94 64//95
f 64//95 67//96 65//93
f 63//92 66//97 64//89
f 67//98 64//89 66//97
f 67//98 69//99 68//100
f 68//101 65//102 67//103
f 67//98 66//97 69//99
f 74//104 70//105 69//106
f 68//100 69//99 70//107
f 69//108 66//109 72//110
f 74//104 69//106 71//104
f 71//104 69//106 73//111
f 69//108 72//110 73//112
f 75//113 74//114 76//115
f 75//116 78//117 74//118
f 76//115 74//114 71//119
f 78//120 77//121 74//104
f 74//104 77//121 70//105
f 79//122 78//117 75//116
f 78//120 80//123 77//121
f 79//124 81//124 78//124
f 82//125 80//123 78//120
f 81//126 82//125 78//120
f 83//127 84//128 82//125
f 81//126 83//127 82//125
f 84//129 85//130 82//131
f 86//132 82//133 85//134
f 86//132 80//135 82//133
f 86//132 88//136 80//135
f 88//137 86//132 87//138
f 87//138 86//132 85//134
f 77//139 80//135 88//136
f 88//137 89//140 77//141
f 89//140 88//137 87//138
f 77//141 89//140 70//142
f 89//140 87//138 90//143
f 89//144 56//145 60//146
f 89//144 60//146 91//147
f 56//80 89//140 90//143
f 89//140 91//148 68//149
f 89//140 68//149 70//142
f 91//150 60//151 92//152
f 93//153 91//150 92//152
f 68//154 91//150 93//153
f 65//155 93//156 61//86
f 61//86 93//156 92//157
f 68//101 93//158 65//102
f 61//86 92//157 60//87
f 55//79 56//80 90//143
f 55//79 90//143 94//159
f 94//159 90//143 87//138
f 94//159 87//138 85//130
f 94//159 85//130 96//160
f 95//161 94//159 98//162
f 95//161 55//79 94//159
f 94//159 96//160 97//163
f 97//163 98//162 94//159
f 98//162 100//164 95//161
f 98//165 99//166 100//167
f 97//168 99//166 98//165
f 95//161 100//164 101//169
f 99//170 101//169 100//164
f 101//169 46//69 95//161
f 46//69 101//169 102//171
f 102//172 101//173 103//174
f 103//175 101//169 99//170
f 99//176 104//177 103//178
f 104//179 102//172 103//174
f 104//180 108//181 105//182
f 104//180 105//182 106//183
f 106//183 102//171 104//180
f 107//184 104//180 97//163
f 107//184 108//181 104//180
f 99//176 97//185 104//177
f 108//186 111//187 105//188
f 110//189 109//190 108//191
f 108//186 109//192 111//187
f 110//193 108//181 107//184
f 112//194 113//195 111//196
f 112//197 111//198 116//199
f 111//196 113//195 105//200
f 109//201 114//202 111//198
f 111//198 114//202 115//203
f 111//198 115//203 116//199
f 116//204 119//205 113//206
f 116//204 113//206 112//207
f 116//199 115//203 117//208
f 117//209 118//210 116//211
f 116//211 118//210 119//212
f 118//213 113//214 119//215
f 106//183 118//213 121//216
f 106//183 105//182 118//213
f 118//213 105//182 113//214
f 120//217 118//218 117//219
f 120//217 121//220 118//218
f 121//216 34//43 106//183
f 34//43 121//216 122//221
f 123//222 122//223 121//224
f 123//222 121//224 120//225
f 123//226 120//227 124//228
f 123//226 124//228 126//229
f 122//230 123//231 125//232
f 125//232 123//231 126//233
f 34//234 126//235 124//236
f 125//237 126//235 34//234
f 34//43 122//221 125//238
f 120//227 115//203 124//228
f 124//228 128//239 127//240
f 127//241 34//241 124//241
f 124//228 115//203 128//239
f 128//239 132//242 129//243
f 128//239 129//243 131//244
f 127//240 128//239 130//245
f 130//245 128//239 131//244
f 115//203 132//242 128//239
f 134//246 133//247 132//242
f 132//242 133//247 129//243
f 115//203 134//246 132//242
f 137//248 135//249 134//246
f 134//246 135//249 133//247
f 136//250 137//248 134//246
f 115//203 136//250 134//246
f 139//251 135//249 137//248
f 138//252 139//251 137//248
f 138//252 137//248 136//250
f 139//251 142//253 135//249
f 140//254 139//251 138//252
f 140//254 141//255 139//251
f 139//251 141//255 142//253
f 142//253 144//256 143//257
f 135//249 142//253 143//257
f 142//253 146//258 144//256
f 141//255 145//259 142//253
f 145//259 146//258 142//253
f 146//258 148//260 144//256
f 147//261 146//258 145//259
f 147//261 148//260 146//258
f 149//262 148//260 150//263
f 149//262 151//264 148//260
f 150//263 148//260 147//261
f 151//264 144//256 148//260
f 152//265 144//256 151//264
f 152//265 151//264 153//266
f 153//266 151//264 149//262
f 153//266 149//262 154//267
f 156//268 153//266 154//267
f 155//269 152//265 153//266
f 155//269 153//266 156//268
f 159//270 156//268 154//267
f 157//271 155//269 156//268
f 157//271 156//268 158//272
f 158//272 156//268 159//270
f 159//270 154//267 160//273
f 159//270 160//273 162//274
f 161//275 158//272 159//270
f 161//275 159//270 162//274
f 165//276 162//274 163//277
f 162//274 160//273 163//277
f 164//278 162//274 166//279
f 164//278 161//275 162//274
f 166//279 162//274 165//276
f 166//280 168//280 167//280
f 166//281 167//281 164//281
f 165//282 168//282 166//282
f 168//283 169//284 167//285
f 169//286 168//287 165//288
f 170//289 169//286 165//288
f 171//290 169//286 170//289
f 171//290 172//291 169//286
f 167//285 169//284 173//292
f 172//293 173//293 169//293
f 167//294 173//294 174//294
f 175//295 174//296 173//297
f 175//298 173//299 172//300
f 176//301 174//296 175//295
f 175//302 177//302 176//302
f 178//303 177//303 175//303
f 175//298 172//300 178//304
f 178//305 172//291 171//290
f 178//306 171//306 177//306
f 177//307 179//308 176//309
f 171//310 179//311 177//312
f 180//313 181//313 179//313
f 180//314 179//315 182//316
f 176//309 179//308 181//317
f 171//310 183//318 179//311
f 182//319 179//319 183//319
f 184//320 183//321 170//289
f 170//289 183//321 171//290
f 184//320 182//322 183//321
f 185//323 182//323 184//323
f 184//324 186//325 185//326
f 170//327 186//325 184//324
f 190//328 186//329 187//330
f 186//331 189//332 187//333
f 170//327 188//334 186//325
f 190//335 185//326 186//325
f 186//325 188//334 189//336
f 190//337 191//338 195//339
f 193//340 191//338 190//337
f 185//326 190//335 192//341
f 190//335 194//342 192//341
f 190//328 187//330 193//343
f 195//344 194//342 190//335
f 196//345 195//346 198//347
f 196//348 194//342 195//344
f 191//338 197//349 195//339
f 197//350 198//347 195//346
f 198//347 199//351 202//352
f 199//351 198//347 197//350
f 200//353 196//345 198//347
f 201//354 200//353 198//347
f 198//347 202//352 201//354
f 206//355 202//352 203//356
f 203//356 202//352 204//357
f 204//357 202//352 199//351
f 202//352 206//355 205//358
f 201//354 202//352 205//358
f 53//77 206//355 57//82
f 207//359 206//355 53//77
f 57//82 206//355 203//356
f 205//358 206//355 207//359
f 50//74 207//359 53//77
f 207//359 50//74 205//358
f 205//358 208//360 201//354
f 205//358 209//361 208//360
f 50//74 209//361 205//358
f 14//22 208//360 209//361
f 209//361 13//23 14//22
f 50//74 210//362 209//361
f 210//362 18//28 209//361
f 209//361 18//28 13//23
f 210//362 50//74 18//28
f 201//354 208//360 200//353
f 208//360 213//363 211//364
f 208//360 211//364 212//365
f 200//353 208//360 212//365
f 208//360 14//22 213//363
f 213//363 214//366 211//364
f 12//21 214//366 213//363
f 213//363 14//22 12//21
f 214//366 218//367 211//364
f 214//368 6//11 7//4
f 216//369 214//368 7//4
f 214//368 215//370 6//11
f 214//366 12//21 215//371
f 217//372 214//368 216//369
f 214//366 217//373 218//367
f 218//367 220//374 211//364
f 219//375 218//376 217//377
f 218//367 219//378 220//374
f 212//365 220//374 221//379
f 212//365 211//364 220//374
f 221//379 220//374 222//380
f 220//374 219//378 222//381
f 223//382 222//381 219//378
f 224//383 222//380 223//384
f 221//379 222//380 224//383
f 224//383 223//384 225//385
f 224//383 225//385 226//386
f 227//387 224//383 226//386
f 227//387 221//379 224//383
f 226//386 230//388 227//387
f 221//379 227//387 212//365
f 227//387 228//389 212//365
f 227//390 229//390 228//390
f 227//391 230//392 229//393
f 230//388 231//394 233//395
f 230//388 234//396 231//394
f 230//397 233//398 232//399
f 230//392 232//400 229//393
f 230//388 226//386 235//401
f 230//388 235//401 234//396
f 236//402 235//403 225//404
f 226//386 225//385 235//401
f 237//405 235//403 236//402
f 237//405 238//406 235//403
f 238//407 234//396 235//401
f 240//408 238//406 237//405
f 239//409 234//410 238//411
f 239//412 238//406 240//408
f 237//413 242//414 240//415
f 241//416 239//412 240//408
f 242//417 241//418 240//419
f 164//278 242//414 161//275
f 237//413 161//275 242//414
f 242//420 243//421 174//296
f 174//296 194//422 242//420
f 242//423 164//423 243//423
f 242//417 194//424 241//418
f 164//425 167//425 243//425
f 167//426 174//296 243//421
f 241//416 244//427 239//412
f 196//348 244//428 241//429
f 241//429 194//342 196//348
f 245//430 239//430 244//430
f 245//431 244//431 196//431
f 239//432 245//433 231//434
f 245//433 196//435 231//434
f 239//409 231//436 234//410
f 236//437 246//438 237//413
f 246//438 247//439 237//413
f 237//413 247//439 161//275
f 247//439 158//272 161//275
f 247//439 157//271 158//272
f 248//440 157//271 247//439
f 246//438 248//440 247//439
f 248//440 155//269 157//271
f 250//441 248//440 246//438
f 249//442 155//269 248//440
f 250//441 249//442 248//440
f 251//443 250//441 246//438
f 251//443 252//444 250//441
f 252//444 249//442 250//441
f 253//445 252//446 254//447
f 255//448 252//446 253//445
f 251//443 254//449 252//444
f 249//450 252//446 255//448
f 255//451 256//452 257//453
f 256//452 255//451 253//454
f 257//453 258//455 255//451
f 258//456 249//450 255//448
f 249//442 258//457 155//269
f 258//457 259//458 155//269
f 258//457 261//459 259//458
f 260//460 258//455 257//453
f 260//460 261//461 258//455
f 263//462 261//463 260//464
f 261//459 262//465 259//458
f 261//459 263//466 262//465
f 264//467 265//468 263//469
f 263//469 266//470 264//467
f 265//471 262//465 263//466
f 266//472 263//462 260//464
f 268//473 266//474 260//475
f 267//476 264//467 266//470
f 268//473 267//477 266//474
f 268//478 272//478 269//478
f 268//479 269//480 270//481
f 268//473 260//475 257//473
f 268//473 257//473 271//482
f 270//483 267//477 268//473
f 271//484 272//484 268//484
f 271//485 273//485 272//485
f 273//486 216//105 272//487
f 272//487 216//105 7//488
f 272//487 7//488 269//489
f 223//490 274//491 273//486
f 273//486 274//491 216//105
f 275//492 223//490 273//486
f 275//492 273//486 278//493
f 276//494 273//495 271//496
f 276//494 277//497 273//495
f 278//493 273//486 277//498
f 278//499 282//500 279//501
f 278//499 279//501 251//443
f 278//499 251//443 275//502
f 278//493 277//498 280//503
f 280//504 281//505 278//499
f 281//505 282//500 278//499
f 283//506 282//500 281//505
f 282//507 283//508 284//509
f 285//510 282//507 284//509
f 279//511 282//512 285//513
f 279//511 285//513 286//514
f 286//514 285//513 287//515
f 285//516 284//516 288//516
f 287//517 285//518 288//519
f 287//517 288//519 267//520
f 267//520 288//519 284//521
f 276//522 286//514 287//515
f 276//522 287//515 270//483
f 270//483 287//515 267//477
f 256//452 253//454 286//523
f 286//524 253//445 289//525
f 276//522 256//526 286//514
f 279//527 286//524 289//525
f 254//447 279//527 289//525
f 253//445 254//447 289//525
f 267//520 284//521 265//528
f 284//509 283//508 265//529
f 281//505 290//530 283//506
f 283//506 290//530 265//471
f 291//531 290//530 281//505
f 291//531 292//532 290//530
f 292//532 293//533 290//530
f 290//530 293//533 265//471
f 293//533 262//465 265//471
f 293//533 294//534 262//465
f 292//532 294//534 293//533
f 262//465 294//534 297//535
f 292//532 295//536 294//534
f 295//536 296//537 294//534
f 296//537 297//535 294//534
f 262//465 297//535 259//458
f 259//458 297//535 152//265
f 296//537 298//538 297//535
f 297//535 298//538 152//265
f 298//538 144//256 152//265
f 143//257 144//256 298//538
f 143//257 298//538 299//539
f 299//539 298//538 296//537
f 135//249 143//257 299//539
f 135//249 299//539 300//540
f 300//540 299//539 296//537
f 301//541 300//540 295//536
f 300//540 296//537 295//536
f 135//249 300//540 133//247
f 133//247 300//540 301//541
f 301//541 295//536 292//532
f 129//243 301//541 302//542
f 129//243 133//247 301//541
f 302//542 301//541 292//532
f 303//543 302//542 292//532
f 131//244 302//542 303//543
f 131//244 129//243 302//542
f 303//543 292//532 291//531
f 306//544 131//244 303//543
f 304//545 303//543 291//531
f 305//546 303//543 304//545
f 306//544 303//543 305//546
f 307//547 306//548 28//549
f 308//550 306//551 307//552
f 28//549 306//548 305//553
f 308//550 309//554 306//551
f 309//555 131//244 306//544
f 308//230 310//230 309//230
f 310//556 131//244 309//555
f 310//557 312//558 311//559
f 310//556 311//560 131//244
f 312//230 310//230 308//230
f 311//559 312//558 29//561
f 29//38 312//562 308//563
f 130//245 131//244 311//560
f 311//564 30//565 130//566
f 311//564 29//567 30//565
f 29//38 308//563 307//568
f 28//37 29//38 307//568
f 304//569 313//570 305//571
f 305//571 313//570 28//572
f 28//37 313//573 27//36
f 27//36 313//573 314//574
f 313//575 304//576 314//577
f 316//578 314//574 315//579
f 314//577 318//580 315//581
f 317//582 314//574 316//578
f 27//36 314//574 317//582
f 314//577 304//576 318//580
f 315//581 318//580 280//503
f 318//583 281//505 280//504
f 318//583 291//531 281//505
f 304//545 291//531 318//583
f 319//584 27//36 317//582
f 17//26 319//584 317//582
f 17//26 317//582 316//578
f 26//35 27//36 319//584
f 319//585 20//585 320//585
f 319//586 320//587 322//588
f 17//26 20//27 319//584
f 26//589 319//590 321//591
f 321//591 319//590 322//592
f 320//587 20//593 322//588
f 20//594 22//595 322//596
f 322//596 22//595 321//597
f 321//598 23//598 26//598
f 321//599 22//599 23//599
f 323//600 17//26 316//578
f 315//579 323//600 316//578
f 324//601 16//25 323//600
f 16//25 17//26 323//600
f 324//601 323//600 315//579
f 325//602 9//602 324//602
f 9//603 16//25 324//601
f 325//604 324//605 326//606
f 326//607 324//601 315//579
f 326//606 327//608 325//604
f 326//607 315//579 327//609
f 2//3 325//604 327//608
f 328//610 2//230 327//611
f 328//610 327//611 280//503
f 280//503 327//611 315//581
f 269//489 2//230 328//610
f 270//612 328//613 277//614
f 270//481 269//480 328//615
f 328//610 280//503 277//498
f 2//3 4//2 325//604
f 4//2 9//12 325//616
f 279//501 254//449 251//443
f 270//612 277//614 276//617
f 271//482 256//526 276//522
f 236//402 223//490 275//492
f 275//502 251//443 236//437
f 219//375 217//377 274//618
f 219//378 274//619 223//382
f 216//620 274//618 217//377
f 271//482 257//473 256//526
f 269//489 7//488 2//230
f 265//468 264//467 267//476
f 259//458 152//265 155//269
f 236//437 251//443 246//438
f 236//402 225//404 223//490
f 196//345 233//395 231//394
f 200//353 329//621 233//395
f 196//345 200//353 233//395
f 232//399 233//398 329//622
f 232//623 329//624 229//625
f 329//624 228//626 229//625
f 200//353 212//365 329//621
f 212//365 228//389 329//621
f 6//627 215//371 330//628
f 330//628 215//371 12//21
f 330//628 331//629 6//627
f 10//20 330//630 12//21
f 10//20 331//631 330//630
f 5//632 331//631 10//20
f 5//9 6//8 331//633
f 204//357 188//634 332//635
f 204//357 332//635 334//636
f 204//357 199//351 188//634
f 333//637 204//357 334//636
f 333//637 335//638 204//357
f 204//357 335//638 203//356
f 336//639 335//638 337//640
f 59//83 335//638 336//639
f 335//638 338//641 337//640
f 335//638 333//637 338//641
f 203//356 335//638 59//83
f 339//642 337//643 338//644
f 338//645 333//646 339//647
f 339//647 333//646 340//648
f 341//649 337//643 339//642
f 341//650 339//651 340//652
f 342//575 341//650 340//652
f 342//653 343//654 341//655
f 341//655 343//654 344//656
f 341//655 344//656 345//657
f 337//640 341//655 345//657
f 345//657 344//656 348//658
f 347//659 345//657 346//660
f 345//657 348//658 346//660
f 347//659 336//639 345//657
f 336//639 337//640 345//657
f 346//660 348//658 349//661
f 350//662 349//663 348//664
f 350//662 348//664 352//665
f 352//665 348//664 351//666
f 344//656 351//667 348//658
f 165//276 163//277 352//668
f 163//277 354//669 352//668
f 352//665 351//666 355//670
f 352//668 353//671 350//672
f 352//668 354//669 353//671
f 352//665 355//670 165//673
f 351//667 356//674 355//675
f 355//676 356//677 357//678
f 355//670 357//679 165//673
f 357//678 356//677 359//680
f 357//679 170//681 165//673
f 170//681 357//679 358//682
f 358//683 357//683 359//683
f 358//684 359//685 188//334
f 359//685 332//686 188//334
f 356//687 332//686 359//685
f 188//334 170//327 358//684
f 356//674 351//667 343//654
f 332//635 356//674 343//654
f 354//669 360//688 353//671
f 361//689 360//688 354//669
f 163//277 361//689 354//669
f 361//689 362//690 360//688
f 361//689 363//691 362//690
f 160//273 363//691 361//689
f 163//277 160//273 361//689
f 363//691 154//267 364//692
f 363//691 364//692 362//690
f 160//273 154//267 363//691
f 154//267 150//263 364//692
f 364//692 150//263 147//261
f 362//690 364//692 365//693
f 365//693 364//692 147//261
f 365//693 366//694 367//695
f 365//693 147//261 366//694
f 360//688 362//690 365//693
f 360//688 365//693 369//696
f 365//693 367//695 368//697
f 369//696 365//693 368//697
f 353//671 360//688 369//696
f 353//671 369//696 370//698
f 369//696 368//697 371//699
f 370//698 369//696 371//699
f 373//700 371//701 368//702
f 372//703 370//698 371//699
f 373//700 372//704 371//701
f 374//705 372//704 373//700
f 376//706 374//707 373//708
f 375//709 373//710 368//711
f 376//712 373//710 375//709
f 377//713 376//714 76//715
f 76//715 376//714 375//715
f 377//713 378//716 376//714
f 378//717 374//707 376//706
f 377//713 380//718 378//716
f 378//719 379//719 374//719
f 381//720 379//721 378//722
f 381//720 378//722 380//723
f 383//724 382//725 381//726
f 382//727 384//728 381//729
f 381//720 380//723 383//730
f 384//731 379//721 381//720
f 384//731 387//732 379//721
f 382//727 385//733 384//728
f 385//734 386//734 384//734
f 384//735 386//736 83//737
f 387//738 384//735 83//737
f 388//739 387//738 83//737
f 388//739 370//698 387//738
f 372//703 387//738 370//698
f 387//740 372//704 374//705
f 379//741 387//740 374//705
f 388//486 81//126 71//104
f 388//486 71//104 73//111
f 388//486 73//111 349//663
f 388//486 349//663 350//662
f 350//672 370//698 388//739
f 388//486 83//127 81//126
f 386//736 385//742 389//743
f 83//737 386//736 389//743
f 389//743 392//744 390//745
f 391//746 389//743 390//745
f 83//737 389//743 391//746
f 389//743 385//742 392//744
f 390//745 392//744 138//252
f 385//742 393//747 392//744
f 392//744 140//254 138//252
f 393//747 140//254 392//744
f 393//747 394//748 141//255
f 394//749 393//750 396//751
f 393//747 141//255 140//254
f 393//750 385//752 395//753
f 396//751 393//750 395//753
f 395//754 397//755 396//751
f 396//751 397//755 394//749
f 79//756 398//757 397//758
f 79//756 397//758 383//759
f 398//760 394//749 397//755
f 397//755 395//754 383//761
f 398//760 400//762 394//749
f 75//763 398//757 79//756
f 75//763 399//473 398//757
f 399//764 400//762 398//760
f 366//694 400//765 367//695
f 400//765 366//694 141//255
f 400//765 141//255 394//748
f 399//764 367//766 400//762
f 75//763 375//715 399//473
f 367//767 399//768 375//769
f 383//724 395//770 382//725
f 382//771 395//753 385//752
f 391//746 390//745 401//772
f 83//737 391//746 401//772
f 401//773 84//128 83//127
f 401//772 114//202 109//201
f 390//745 114//202 401//772
f 402//774 110//775 401//773
f 401//773 110//775 84//128
f 401//772 109//201 402//776
f 110//189 402//777 109//190
f 390//745 138//252 114//202
f 377//713 383//759 380//718
f 79//756 383//759 377//713
f 377//778 71//779 81//780
f 76//781 71//779 377//778
f 377//782 81//782 79//782
f 367//767 375//769 368//783
f 76//715 375//715 75//763
f 350//672 353//671 370//698
f 366//694 147//261 145//259
f 366//694 145//259 141//255
f 343//654 351//667 344//656
f 73//784 346//660 349//785
f 403//786 347//659 346//660
f 62//84 336//639 347//659
f 66//97 62//84 347//659
f 66//97 347//659 403//786
f 72//787 66//787 403//787
f 403//786 404//788 72//110
f 404//788 403//786 346//660
f 404//788 346//660 73//784
f 404//788 73//112 72//110
f 342//789 334//789 343//789
f 332//635 343//654 334//636
f 342//790 340//791 334//792
f 334//792 340//791 333//793
f 62//84 59//83 336//639
f 57//82 203//356 59//83
f 405//794 199//795 191//796
f 199//795 197//797 191//796
f 188//634 199//351 189//798
f 189//799 199//799 405//799
f 187//333 189//332 405//800
f 191//796 187//801 405//794
f 181//802 192//803 194//422
f 181//802 194//422 176//301
f 176//301 194//422 174//296
f 193//804 187//801 191//796
f 181//802 180//805 192//803
f 192//806 180//806 185//806
f 185//807 180//314 182//316
f 154//267 149//262 150//263
f 114//202 138//252 136//250
f 114//202 136//250 115//203
f 407//808 127//240 130//245
f 130//809 30//810 406//811
f 130//809 406//811 407//812
f 406//230 408//230 407//230
f 408//813 127//240 407//808
f 408//814 31//815 127//816
f 408//814 409//817 31//815
f 409//230 408//230 406//230
f 30//39 409//818 406//819
f 30//39 31//40 409//818
f 127//820 31//820 34//820
f 115//203 120//227 117//208
f 107//184 84//129 110//193
f 96//160 107//184 97//163
f 96//160 84//129 107//184
f 106//183 35//44 410//821
f 106//183 34//43 35//44
f 106//183 410//821 44//67
f 106//183 46//69 102//171
f 46//69 106//183 44//67
f 410//822 35//823 411//824
f 44//64 410//822 411//824
f 412//825 411//825 35//825
f 411//824 412//826 41//827
f 44//64 411//824 42//65
f 42//65 411//824 41//827
f 36//45 412//828 35//46
f 413//829 41//827 412//826
f 36//45 413//830 412//828
f 40//831 413//830 36//45
f 413//832 40//59 41//58
f 96//160 85//130 84//129
f 95//161 46//69 48//72
f 48//72 55//79 95//161
f 66//97 63//92 62//84
f 53//77 51//75 50//74
f 19//29 45//70 24//34
f 18//28 45//70 19//29
f 5//7 10//833 3//5
f 417//834 415//835 414//836
f 414//836 415//835 422//837
f 416//838 414//839 421//840
f 416//838 417//841 414//839
f 414//839 419//842 418//843
f 421//840 414//839 418//843
f 420//844 419//842 414//839
f 414//839 422//845 420//844
f 423//846 420//847 422//848
f 423//846 422//848 424//849
f 424//850 422//850 415//850
f 425//851 423//852 424//853
f 424//854 427//855 425//856
f 424//857 415//857 426//857
f 426//858 427//855 424//854
f 425//859 427//860 430//861
f 428//862 427//863 431//864
f 429//865 427//866 428//867
f 430//868 427//866 429//865
f 426//869 432//869 427//869
f 431//870 427//871 432//872
f 432//872 434//873 431//870
f 432//874 426//875 417//841
f 433//876 432//874 417//841
f 433//876 434//877 432//874
f 434//878 435//879 436//880
f 419//842 435//881 434//882
f 431//870 434//873 436//883
f 419//884 434//884 433//884
f 435//879 439//885 436//880
f 436//886 437//887 428//862
f 436//886 438//888 437//887
f 439//889 438//888 436//886
f 428//862 431//864 436//886
f 438//888 439//889 440//890
f 435//891 440//892 439//893
f 423//852 440//892 435//891
f 440//894 441//895 438//896
f 441//897 440//898 425//859
f 440//892 423//852 425//851
f 441//899 429//900 442//230
f 438//896 441//895 442//901
f 441//897 425//859 430//861
f 430//902 429//900 441//899
f 442//903 443//904 444//905
f 443//904 442//903 429//906
f 442//903 444//905 437//907
f 438//896 442//901 437//908
f 443//909 447//910 444//911
f 445//912 444//911 447//910
f 444//913 445//914 446//915
f 437//907 444//905 446//916
f 443//917 448//917 447//917
f 445//918 447//919 448//920
f 446//921 448//922 443//923
f 448//922 446//921 449//924
f 449//925 445//918 448//920
f 446//915 445//914 449//926
f 429//906 446//916 443//904
f 446//916 429//906 428//927
f 437//907 446//916 428//927
f 419//842 420//844 435//881
f 423//928 435//881 420//844
f 450//929 433//876 417//841
f 450//929 452//930 433//876
f 452//931 451//932 433//933
f 433//933 451//932 419//934
f 453//935 452//930 450//929
f 453//935 454//936 452//930
f 454//937 457//938 452//931
f 452//931 455//939 456//940
f 452//931 457//938 455//939
f 452//931 456//940 451//932
f 454//937 460//941 457//938
f 458//942 457//942 459//942
f 455//939 457//938 458//943
f 459//944 457//944 460//944
f 462//945 460//941 454//937
f 462//945 461//946 460//941
f 460//941 461//946 459//947
f 463//948 461//946 462//945
f 462//949 467//950 463//951
f 454//936 466//952 462//953
f 462//954 465//954 464//954
f 464//955 467//956 462//957
f 462//958 466//959 465//960
f 467//950 468//961 463//951
f 469//962 468//963 467//956
f 467//956 464//955 469//962
f 469//964 464//965 470//966
f 473//967 469//968 470//969
f 468//970 469//971 471//972
f 472//973 471//974 469//975
f 472//976 469//968 473//967
f 478//230 473//230 474//230
f 473//977 477//978 474//979
f 473//967 470//969 475//980
f 476//981 473//977 475//982
f 473//977 476//981 477//978
f 472//230 473//230 478//230
f 478//983 471//974 472//973
f 478//983 480//984 471//974
f 479//985 478//986 474//987
f 480//988 478//986 479//985
f 466//959 480//989 465//960
f 481//990 480//989 466//959
f 482//991 480//992 481//993
f 480//992 482//991 471//994
f 479//995 465//996 480//997
f 482//998 483//999 453//935
f 481//1000 483//999 482//998
f 484//1001 482//1002 453//1003
f 485//1004 482//1002 484//1001
f 482//1005 485//1006 486//1007
f 471//1008 482//1005 486//1007
f 486//1009 485//1009 468//1009
f 468//970 471//972 486//1010
f 484//1001 487//1011 485//1004
f 487//1012 468//961 485//1013
f 488//1014 463//951 487//1012
f 489//1015 488//1014 487//1012
f 489//1015 487//1012 490//1016
f 463//951 468//961 487//1012
f 490//1016 487//1012 484//1017
f 489//230 490//230 416//230
f 416//230 490//230 491//230
f 490//1016 484//1017 491//1018
f 491//1018 492//1019 450//929
f 491//1018 484//1017 492//1019
f 491//1018 450//929 493//1020
f 416//230 491//230 493//230
f 493//1020 450//929 417//841
f 493//1020 417//841 416//838
f 492//1021 453//1003 450//1022
f 484//1001 453//1003 492//1021
f 416//230 494//230 489//230
f 494//1023 488//1014 489//1015
f 416//230 497//230 494//230
f 494//1023 495//1024 488//1014
f 494//1025 496//1026 495//1027
f 497//1028 496//1026 494//1025
f 500//230 497//230 416//230
f 497//1028 498//1029 496//1026
f 497//1028 499//1030 498//1029
f 500//1031 499//1030 497//1028
f 416//230 502//230 500//230
f 500//1031 501//1032 499//1030
f 502//1033 501//1032 500//1031
f 502//1033 503//1034 501//1032
f 504//1035 503//1034 502//1033
f 504//230 502//230 416//230
f 504//1035 505//1036 503//1034
f 421//840 505//1036 504//1035
f 416//230 421//230 504//230
f 418//843 506//1037 505//1036
f 505//1036 506//1037 507//1038
f 421//840 418//843 505//1036
f 505//1036 507//1038 503//1034
f 506//1039 508//1040 507//1041
f 511//1042 507//1041 508//1040
f 509//1043 510//1044 507//1038
f 513//1045 509//1043 507//1038
f 507//1038 510//1044 503//1034
f 511//1042 512//1046 507//1041
f 512//1047 513//1047 507//1047
f 514//1048 513//1048 516//1048
f 513//1049 514//1050 509//1051
f 512//1052 515//1053 513//1054
f 513//1055 515//1055 516//1055
f 516//1056 517//1057 520//1058
f 517//1057 516//1056 519//1059
f 518//1060 516//1061 515//1062
f 519//1063 516//1061 518//1060
f 516//1056 520//1058 514//1064
f 514//1064 520//1058 521//1065
f 520//1066 524//1067 521//1068
f 517//1069 522//1070 520//1071
f 522//1072 523//1073 520//1066
f 520//1066 523//1073 524//1067
f 524//1067 525//1074 521//1068
f 525//1074 524//1067 528//1075
f 524//1076 526//1077 528//1078
f 524//1079 527//1080 526//1081
f 523//1082 527//1080 524//1079
f 528//1075 522//1072 525//1074
f 522//1072 528//1075 523//1073
f 527//1083 528//1084 529//1085
f 527//1083 523//1086 528//1084
f 528//1078 526//1077 529//1087
f 527//1088 529//1088 526//1088
f 530//1089 521//1090 525//1091
f 525//1091 532//1092 530//1089
f 532//230 525//230 531//230
f 531//230 525//230 522//230
f 532//1093 533//1093 530//1093
f 534//1094 533//1095 532//1096
f 531//1097 534//1094 532//1096
f 536//1098 533//1099 534//1100
f 531//1097 519//1101 534//1094
f 519//1102 535//1103 534//1104
f 534//1104 535//1103 536//1105
f 535//1106 539//1106 536//1106
f 537//1107 533//1099 536//1098
f 536//1108 538//1109 537//1110
f 539//1111 538//1111 536//1111
f 503//1112 539//1113 501//1114
f 538//1115 539//1113 503//1112
f 535//1103 518//1116 539//1117
f 501//1032 539//1118 518//1119
f 510//1120 537//1110 538//1109
f 503//1034 510//1044 538//1121
f 533//1122 537//1123 509//1051
f 510//1120 509//1124 537//1110
f 518//1116 535//1103 519//1102
f 514//1050 533//1122 509//1051
f 533//1125 514//1064 530//1126
f 517//1069 531//1127 522//1070
f 519//1128 531//1127 517//1069
f 530//1126 514//1064 521//1065
f 518//1119 512//1052 501//1032
f 512//1052 518//1119 515//1053
f 541//1129 512//1046 511//1042
f 501//1032 512//1052 499//1030
f 499//1030 512//1052 540//1130
f 512//1046 541//1129 540//1131
f 542//1132 543//1133 541//1129
f 541//1129 511//1042 542//1132
f 540//1134 541//1134 543//1134
f 543//1133 542//1132 544//1135
f 546//1136 543//1137 544//1138
f 545//1139 540//1140 543//1141
f 546//1142 545//1142 543//1142
f 547//1143 546//1144 548//1145
f 546//1144 547//1143 545//1139
f 546//1136 544//1138 548//1146
f 550//1147 548//1145 549//1148
f 548//1149 544//1149 549//1149
f 552//1150 548//1145 550//1147
f 547//1143 548//1145 551//1151
f 551//1151 548//1145 552//1150
f 553//1152 552//1150 550//1147
f 553//1152 554//1153 552//1150
f 555//1154 551//1154 552//1154
f 555//1155 552//1155 554//1155
f 556//1156 551//1151 555//1157
f 555//1157 558//1158 556//1156
f 555//1157 557//1159 558//1158
f 554//1153 557//1159 555//1157
f 561//1160 559//1161 558//1162
f 558//1162 559//1161 560//1163
f 558//1164 560//1164 556//1164
f 561//1160 558//1162 495//1024
f 495//1024 558//1162 557//1165
f 561//1166 565//1167 559//1168
f 495//1024 562//1169 561//1160
f 563//1170 561//1171 562//1172
f 563//1170 564//1173 561//1171
f 561//1166 564//1174 565//1167
f 559//1175 565//1176 560//1177
f 566//1178 565//1179 564//1180
f 566//1178 567//1181 565//1179
f 560//1177 565//1176 567//1182
f 560//1183 567//1184 568//1185
f 569//1186 568//1185 567//1184
f 570//1187 569//1188 567//1181
f 567//1181 571//1189 570//1187
f 567//1181 566//1178 571//1189
f 566//1190 572//1191 571//1192
f 572//1193 573//1194 571//1195
f 571//1195 573//1194 574//1196
f 571//1195 574//1196 570//1197
f 575//1198 574//1198 573//1198
f 579//1199 574//1199 575//1199
f 574//1196 576//1200 570//1197
f 576//1200 574//1196 578//1201
f 574//1202 577//1203 578//1204
f 574//1202 579//1205 577//1203
f 575//1206 580//1207 579//1208
f 580//1207 577//1209 579//1208
f 578//1210 580//1210 573//1210
f 575//1211 573//1211 580//1211
f 578//1212 577//1212 580//1212
f 576//1200 578//1201 572//1193
f 572//1193 578//1201 573//1194
f 581//230 576//230 572//230
f 576//1213 582//1214 570//1215
f 581//1216 582//1214 576//1213
f 584//1217 582//1218 583//1219
f 583//1220 582//1221 581//1222
f 585//1223 582//1218 584//1217
f 582//1224 585//1225 568//1185
f 569//1186 582//1224 568//1185
f 582//1226 569//1188 570//1187
f 587//1227 585//1227 584//1227
f 585//1228 586//1229 568//1230
f 586//1229 585//1228 498//1231
f 498//1231 585//1228 587//1232
f 587//1233 562//1234 496//1235
f 498//1236 587//1233 496//1235
f 562//1237 587//1237 584//1237
f 588//1238 586//1229 498//1231
f 586//1229 556//1239 568//1230
f 556//1239 586//1229 588//1238
f 588//1238 589//1240 556//1239
f 590//1241 589//1240 588//1238
f 588//1238 498//1231 590//1241
f 499//1030 540//1130 590//1241
f 499//1242 590//1242 498//1242
f 590//1241 540//1130 589//1240
f 551//1151 589//1243 547//1143
f 556//1156 589//1243 551//1151
f 547//1143 589//1243 545//1139
f 545//1139 589//1243 540//1140
f 583//1244 563//1170 584//1245
f 563//1246 562//1246 584//1246
f 591//1247 583//1220 581//1222
f 564//1173 563//1170 583//1244
f 591//1247 564//1248 583//1220
f 581//230 572//230 591//230
f 564//1249 591//1250 566//1190
f 566//1190 591//1250 572//1191
f 556//1239 560//1251 568//1230
f 495//1252 496//1235 562//1234
f 488//1014 557//1165 463//951
f 554//1153 463//948 557//1159
f 495//1024 557//1165 488//1014
f 553//1152 592//1253 554//1153
f 592//1253 463//948 554//1153
f 592//1253 553//1152 463//948
f 463//948 553//1152 461//946
f 593//1254 553//1152 550//1147
f 461//946 553//1152 593//1254
f 459//947 593//1254 458//943
f 459//947 461//946 593//1254
f 593//1254 594//1255 458//943
f 593//1254 550//1147 594//1255
f 595//1256 594//1256 550//1256
f 596//1257 594//1257 595//1257
f 455//939 458//943 594//1255
f 596//1258 455//1258 594//1258
f 456//1259 596//1259 597//1259
f 596//1260 598//1261 597//1262
f 455//1263 596//1263 456//1263
f 595//1264 598//1261 596//1260
f 600//1265 598//1261 595//1264
f 599//1266 598//1266 600//1266
f 451//1267 598//1267 599//1267
f 451//1268 597//1268 598//1268
f 595//1264 602//1269 600//1265
f 599//1270 600//1270 601//1270
f 601//1271 600//1271 602//1271
f 602//1269 595//1264 603//1272
f 603//1273 604//1273 602//1273
f 602//1274 604//1274 601//1274
f 601//1275 604//1276 506//1039
f 506//1039 604//1276 508//1040
f 508//1040 604//1276 605//1277
f 604//1278 606//1278 605//1278
f 604//1279 603//1280 606//1281
f 544//1135 542//1132 606//1281
f 606//1281 603//1280 544//1135
f 542//1132 605//1282 606//1281
f 542//1132 508//1040 605//1277
f 549//1283 544//1283 603//1283
f 549//1148 603//1272 595//1264
f 506//1039 599//1284 601//1275
f 419//934 451//932 599//1284
f 419//934 599//1284 506//1039
f 456//1285 597//1285 451//1285
f 550//1147 549//1148 595//1264
f 542//1132 511//1042 508//1040
f 418//843 419//842 506//1037
f 483//999 481//1000 453//935
f 481//1000 454//936 453//935
f 481//1000 466//952 454//936
f 479//985 474//987 607//1286
f 465//996 479//995 607//1287
f 474//979 477//978 607//1288
f 607//1287 475//1289 464//965
f 607//1288 608//1290 475//982
f 465//996 607//1287 464//965
f 607//1288 477//978 608//1290
f 475//982 608//1290 476//981
f 609//1291 476//1292 608//1293
f 609//1291 608//1293 610//1294
f 610//1295 608//1296 477//1297
f 611//1298 609//1298 610//1298
f 610//1295 477//1297 611//1299
f 477//1300 609//1301 611//1302
f 476//1303 609//1301 477//1300
f 464//965 475//1289 470//966
f 616//1304 430//1305 612//1306
f 612//1306 430//1305 613//1307
f 613//1308 430//1309 618//1310
f 614//1311 430//1312 616//1313
f 615//1314 430//1309 614//1315
f 430//1309 615//1314 617//1316
f 430//1309 617//1316 618//1310
f 622//1317 613//1308 618//1310
f 619//1318 618//1310 620//1319
f 622//1317 618//1310 619//1318
f 618//1310 621//1320 620//1319
f 618//1310 617//1316 621//1320
f 623//1321 613//1308 622//1317
f 625//1322 623//1321 622//1317
f 624//1323 622//1317 619//1318
f 624//1323 625//1322 622//1317
f 626//1324 625//1322 624//1323
f 629//1325 625//1322 626//1324
f 625//1322 628//1326 623//1321
f 627//1327 628//1326 625//1322
f 629//1325 627//1327 625//1322
f 630//1328 629//1325 626//1324
f 631//1329 627//1327 629//1325
f 632//1330 629//1325 630//1328
f 632//1330 631//1329 629//1325
f 632//1330 630//1328 636//1331
f 633//1332 632//1330 636//1331
f 637//1333 632//1334 633//1335
f 634//1336 635//1337 632//1338
f 637//1339 634//1336 632//1338
f 635//1340 631//1341 632//1342
f 640//1343 637//1333 633//1335
f 638//1344 634//1336 637//1339
f 637//1339 639//1345 638//1344
f 639//1346 637//1333 640//1343
f 640//1343 633//1335 641//1347
f 642//1348 640//1343 641//1347
f 643//1349 639//1350 640//1351
f 643//1352 640//1343 642//1348
f 643//1349 649//1353 644//1354
f 639//1350 643//1349 644//1354
f 649//1353 643//1349 645//1355
f 645//1355 643//1349 648//1356
f 647//1357 643//1358 646//1359
f 643//1358 642//1360 646//1359
f 643//1361 647//1361 648//1361
f 650//1362 644//1362 649//1362
f 650//1363 649//1364 645//1365
f 650//1363 645//1365 651//1366
f 653//1367 650//1368 651//1369
f 652//1370 650//1371 653//1372
f 652//1370 654//1373 650//1371
f 654//1374 644//1374 650//1374
f 652//1375 656//1376 654//1377
f 656//1378 655//1379 654//1380
f 654//1381 655//1381 644//1381
f 657//1382 651//1382 656//1382
f 651//1383 658//1384 656//1385
f 657//1386 656//1376 652//1375
f 656//1378 658//1387 655//1379
f 651//1383 645//1388 658//1384
f 659//1389 658//1390 645//1355
f 655//1391 658//1390 659//1389
f 659//1389 645//1355 648//1356
f 655//1391 659//1389 639//1350
f 648//1356 660//1392 659//1389
f 660//1393 639//1393 659//1393
f 648//1356 647//1357 660//1392
f 663//1394 660//1392 647//1357
f 661//1395 660//1392 663//1394
f 661//1395 662//1396 660//1392
f 662//1396 638//1344 660//1392
f 639//1345 660//1392 638//1344
f 663//1394 647//1357 664//1397
f 664//1398 665//1399 663//1400
f 665//1399 661//1401 663//1400
f 665//1399 671//1402 666//1403
f 665//1399 666//1403 661//1401
f 667//1404 671//1405 665//1406
f 668//1407 667//1404 665//1406
f 669//1408 668//1407 665//1406
f 669//1409 665//1409 670//1409
f 670//1410 665//1399 664//1398
f 671//1402 672//1411 666//1403
f 671//1402 675//1412 672//1411
f 667//1404 673//1413 671//1405
f 673//1414 674//1414 671//1414
f 671//1402 674//1415 675//1412
f 675//1416 676//1417 672//1418
f 675//1416 677//1419 676//1417
f 678//1420 677//1419 675//1416
f 675//1412 674//1415 678//1421
f 678//1420 679//1422 677//1419
f 680//1423 679//1422 678//1420
f 681//1424 680//1423 678//1421
f 674//1415 681//1424 678//1421
f 682//1425 684//1426 681//1427
f 682//1425 681//1427 674//1428
f 681//1424 683//1429 680//1423
f 681//1430 684//1430 683//1430
f 684//1431 685//1432 686//1433
f 684//1434 690//1434 685//1434
f 684//1431 686//1433 687//1435
f 683//1429 684//1431 687//1435
f 682//1425 689//1436 684//1426
f 688//1437 690//1438 684//1426
f 689//1436 688//1437 684//1426
f 690//1439 692//1440 691//1441
f 685//1432 690//1439 691//1441
f 693//1442 692//1443 690//1438
f 688//1437 693//1442 690//1438
f 693//1442 694//1444 692//1443
f 695//1445 694//1446 693//1447
f 696//1448 695//1445 693//1447
f 696//1448 693//1447 688//1449
f 697//1450 695//1445 696//1448
f 617//1316 697//1450 696//1448
f 617//1316 696//1448 621//1320
f 621//1320 696//1448 688//1449
f 702//1451 697//1450 617//1316
f 697//1450 701//1452 695//1445
f 697//1450 700//1453 698//1454
f 697//1450 698//1454 701//1452
f 699//1455 700//1453 697//1450
f 702//1451 699//1455 697//1450
f 702//1451 703//1456 699//1455
f 704//1457 703//1456 702//1451
f 614//1315 704//1457 702//1451
f 614//1315 702//1451 615//1314
f 615//1314 702//1451 617//1316
f 705//1458 703//1456 704//1457
f 706//1459 705//1458 704//1457
f 706//1459 704//1457 614//1315
f 707//1460 705//1458 706//1461
f 708//1462 707//1460 706//1461
f 708//1462 706//1461 711//1463
f 706//1464 709//1465 710//1466
f 616//1467 709//1465 706//1464
f 706//1464 710//1466 711//1468
f 616//1313 706//1469 614//1311
f 708//1462 711//1463 627//1327
f 627//1327 711//1470 628//1326
f 711//1468 710//1466 712//1471
f 712//1471 612//1472 711//1468
f 612//1473 713//1474 711//1475
f 711//1470 713//1476 628//1326
f 623//1321 628//1326 713//1476
f 623//1321 713//1476 613//1308
f 612//1473 613//1477 713//1474
f 612//1472 712//1471 715//1478
f 715//1479 712//1480 714//1481
f 712//1480 716//1482 714//1481
f 710//1483 716//1484 712//1485
f 716//1486 717//1487 714//1488
f 716//1486 718//1489 717//1487
f 710//1483 719//1490 716//1484
f 719//1491 718//1492 716//1493
f 720//1494 718//1492 719//1491
f 721//1495 720//1495 719//1495
f 709//1496 719//1497 710//1498
f 709//1496 721//1499 719//1497
f 721//1500 709//1501 715//1502
f 721//1500 715//1502 714//1503
f 721//1504 722//1504 720//1504
f 714//1505 722//1505 721//1505
f 723//1506 722//1507 717//1508
f 725//1509 722//1507 723//1506
f 726//1510 720//1511 722//1507
f 726//1510 722//1507 724//1512
f 724//1512 722//1507 725//1509
f 714//1513 717//1513 722//1513
f 727//1514 726//1510 731//1515
f 727//1514 720//1511 726//1510
f 726//1510 724//1512 728//1516
f 726//1510 728//1516 729//1517
f 730//1518 726//1510 729//1517
f 731//1515 726//1510 730//1519
f 727//1514 731//1515 732//1520
f 732//1520 731//1515 733//1521
f 733//1522 731//1523 730//1524
f 732//1520 733//1521 734//1525
f 734//1525 733//1521 735//1526
f 730//1524 729//1527 733//1522
f 733//1522 736//1528 735//1529
f 733//1522 729//1527 736//1528
f 738//1530 737//1531 736//1532
f 737//1533 735//1529 736//1528
f 739//1534 738//1530 736//1532
f 739//1534 736//1532 728//1516
f 728//1516 736//1532 729//1517
f 739//1535 741//1536 738//1537
f 740//1538 741//1536 739//1535
f 740//1538 739//1535 728//1539
f 738//1540 741//1541 745//1542
f 745//1542 741//1541 742//1543
f 743//1544 742//1545 741//1546
f 741//1546 744//1547 743//1544
f 740//1548 744//1547 741//1546
f 745//1549 746//1550 738//1530
f 746//1550 745//1549 747//1551
f 745//1552 742//1553 748//1554
f 747//1551 745//1549 749//1555
f 748//1554 749//1556 745//1552
f 749//1557 750//1558 751//1559
f 748//1560 750//1558 749//1557
f 747//1551 749//1555 751//1561
f 751//1561 758//1562 752//1563
f 752//1563 759//1564 751//1561
f 750//1565 753//1566 751//1567
f 751//1567 753//1566 754//1568
f 751//1561 759//1564 747//1551
f 755//1569 751//1561 754//1570
f 755//1569 756//1571 751//1561
f 751//1561 756//1571 757//1572
f 757//1572 758//1562 751//1561
f 761//1573 760//1574 759//1574
f 759//1574 760//1574 763//1575
f 752//1563 762//1576 759//1564
f 762//1577 761//1578 759//1579
f 747//1551 759//1564 763//1580
f 763//1581 760//1582 764//1583
f 763//1580 764//1584 747//1551
f 768//1585 764//1584 765//1586
f 764//1583 766//1587 765//1587
f 764//1583 767//1588 766//1587
f 764//1583 760//1582 767//1588
f 747//1551 764//1584 768//1585
f 737//1531 769//1589 768//1585
f 770//1590 768//1590 769//1590
f 771//1591 768//1591 770//1591
f 768//1585 765//1586 737//1531
f 771//1592 747//1592 768//1592
f 772//1593 773//1594 771//1593
f 772//1593 771//1593 770//1595
f 773//1596 747//1596 771//1596
f 772//1597 746//1597 773//1597
f 773//1598 746//1598 747//1598
f 772//1599 769//1599 746//1599
f 770//1600 769//1600 772//1600
f 738//1530 746//1550 769//1589
f 738//1530 769//1589 737//1531
f 774//1601 767//1602 760//1603
f 775//1604 767//1602 774//1601
f 775//1604 776//1605 767//1602
f 776//1605 766//1606 767//1602
f 766//1607 776//1608 765//1609
f 765//1609 776//1608 778//1610
f 777//1611 776//1612 775//1613
f 778//1614 776//1612 777//1611
f 781//1615 765//1586 778//1616
f 778//1616 779//1617 781//1615
f 779//1617 778//1616 780//1618
f 780//1618 778//1616 777//1619
f 782//1620 785//1621 781//1622
f 784//1623 782//1620 781//1622
f 783//1624 765//1586 781//1615
f 781//1622 785//1621 783//1625
f 781//1615 779//1617 784//1626
f 685//1432 786//1627 785//1628
f 685//1432 785//1628 686//1433
f 783//1625 785//1621 786//1629
f 686//1630 785//1621 782//1620
f 783//1625 786//1629 737//1533
f 737//1533 786//1629 787//1631
f 786//1627 685//1432 691//1441
f 691//1441 787//1632 786//1627
f 691//1441 788//1633 787//1632
f 735//1529 787//1631 788//1634
f 737//1533 787//1631 735//1529
f 691//1441 789//1635 788//1633
f 734//1525 788//1633 789//1635
f 734//1525 735//1526 788//1633
f 790//1636 791//1637 789//1635
f 790//1636 789//1635 692//1638
f 792//1639 789//1635 791//1637
f 734//1525 789//1635 792//1639
f 692//1638 789//1635 691//1441
f 792//1640 793//1641 796//1642
f 792//1639 791//1637 793//1643
f 734//1525 792//1639 794//1644
f 794//1645 792//1640 795//1646
f 792//1640 796//1642 795//1646
f 796//1647 798//1648 797//1649
f 795//1650 796//1647 797//1649
f 796//1647 799//1651 798//1648
f 793//1641 799//1652 796//1642
f 799//1651 800//1653 798//1648
f 799//1652 802//1654 800//1655
f 801//1656 802//1654 799//1652
f 793//1641 801//1656 799//1652
f 801//1657 803//1658 802//1659
f 802//1659 803//1658 808//1660
f 804//1661 807//1662 802//1663
f 802//1664 808//1664 804//1664
f 802//1654 805//1665 800//1655
f 802//1663 806//1666 805//1667
f 807//1662 806//1666 802//1663
f 810//1668 808//1660 809//1669
f 809//1669 808//1660 803//1658
f 810//1668 811//1670 808//1660
f 812//1671 808//1660 811//1670
f 804//1661 808//1660 812//1671
f 812//1671 814//1672 813//1673
f 812//1671 813//1673 807//1662
f 812//1671 807//1662 804//1661
f 805//1667 814//1672 812//1671
f 811//1674 805//1674 812//1674
f 814//1672 805//1667 806//1666
f 815//1675 814//1676 806//1677
f 816//1678 814//1676 815//1675
f 816//1679 813//1680 814//1681
f 818//1682 817//1683 816//1684
f 817//1685 813//1680 816//1679
f 818//1686 816//1687 819//1688
f 815//1689 819//1688 816//1687
f 822//1690 818//1691 819//1692
f 819//1693 815//1693 821//1693
f 820//1694 819//1692 821//1695
f 822//1690 819//1692 820//1694
f 822//1696 826//1697 823//1698
f 823//1699 818//1691 822//1690
f 800//1653 822//1700 820//1701
f 822//1700 824//1702 825//1703
f 800//1653 824//1702 822//1700
f 826//1704 822//1700 825//1703
f 826//1704 825//1703 828//1705
f 826//1697 827//1706 823//1698
f 826//1704 828//1705 827//1707
f 828//1705 829//1708 830//1709
f 828//1705 831//1710 829//1708
f 827//1707 828//1705 830//1709
f 825//1703 831//1710 828//1705
f 831//1710 833//1711 829//1708
f 825//1703 832//1712 831//1710
f 832//1712 833//1711 831//1710
f 833//1711 834//1713 836//1714
f 835//1715 834//1713 833//1711
f 838//1716 835//1715 833//1711
f 833//1711 837//1717 829//1708
f 833//1711 836//1714 837//1717
f 832//1712 838//1716 833//1711
f 839//1718 840//1719 838//1716
f 824//1702 839//1718 838//1716
f 840//1719 835//1715 838//1716
f 824//1702 838//1716 832//1712
f 840//1719 841//1720 842//1721
f 843//1722 841//1720 840//1719
f 840//1719 842//1721 835//1715
f 843//1722 840//1719 839//1718
f 843//1722 844//1723 841//1720
f 845//1724 844//1725 843//1726
f 847//1727 845//1724 843//1726
f 846//1728 843//1722 839//1718
f 847//1727 843//1726 846//1729
f 849//1730 847//1727 846//1729
f 848//1731 847//1732 849//1733
f 850//1734 847//1732 848//1731
f 850//1734 845//1735 847//1732
f 851//1736 850//1734 848//1731
f 852//1737 850//1734 851//1736
f 853//1738 850//1734 852//1737
f 853//1738 845//1735 850//1734
f 856//1739 854//1740 853//1738
f 853//1738 854//1740 855//1741
f 853//1738 855//1741 845//1735
f 852//1737 856//1739 853//1738
f 857//1742 856//1739 861//1743
f 860//1744 856//1739 857//1742
f 862//1745 856//1739 858//1746
f 858//1746 856//1739 859//1747
f 860//1744 859//1747 856//1739
f 861//1743 856//1739 852//1737
f 854//1748 856//1748 862//1748
f 858//1746 864//1749 862//1745
f 863//1750 862//1745 864//1749
f 862//1745 863//1750 854//1751
f 865//1752 863//1753 864//1754
f 865//1755 864//1756 866//1757
f 858//1746 866//1758 864//1749
f 867//1759 866//1759 868//1759
f 865//1755 866//1757 867//1760
f 869//1761 868//1762 866//1758
f 866//1758 858//1746 869//1761
f 869//1761 870//1763 868//1762
f 870//1763 869//1761 873//1764
f 872//1765 871//1766 869//1761
f 871//1766 873//1764 869//1761
f 869//1761 859//1747 872//1765
f 859//1767 869//1767 858//1767
f 873//1764 874//1768 876//1769
f 873//1764 875//1770 874//1768
f 870//1763 873//1764 876//1769
f 871//1766 875//1771 873//1764
f 876//1772 874//1773 877//1774
f 876//1772 877//1774 878//1775
f 844//1723 876//1772 878//1775
f 854//1776 876//1769 844//1725
f 854//1776 870//1763 876//1769
f 878//1775 877//1774 879//1777
f 878//1775 879//1777 884//1778
f 880//1779 883//1780 878//1781
f 878//1782 884//1783 880//1784
f 878//1781 883//1780 881//1785
f 878//1781 881//1785 882//1786
f 844//1723 878//1775 882//1787
f 884//1778 879//1777 885//1788
f 884//1783 886//1789 880//1784
f 884//1778 885//1788 886//1790
f 889//1791 880//1792 886//1793
f 886//1790 885//1788 887//1794
f 886//1790 887//1794 888//1795
f 890//1796 886//1790 888//1795
f 890//1797 889//1791 886//1793
f 889//1798 890//1799 892//1800
f 891//1801 892//1802 890//1796
f 891//1801 890//1796 888//1795
f 841//1720 882//1787 892//1802
f 841//1720 892//1802 842//1721
f 889//1798 892//1800 882//1803
f 842//1721 892//1802 891//1801
f 834//1713 891//1801 836//1714
f 836//1714 891//1801 893//1804
f 891//1801 888//1795 893//1804
f 842//1721 891//1801 834//1713
f 836//1714 893//1804 894//1805
f 894//1805 893//1804 896//1806
f 893//1804 895//1807 896//1806
f 893//1804 888//1795 895//1807
f 896//1806 895//1807 901//1808
f 896//1806 902//1809 897//1810
f 899//1811 896//1806 897//1810
f 896//1806 898//1812 902//1809
f 896//1806 901//1808 898//1812
f 896//1806 899//1811 900//1813
f 900//1813 894//1805 896//1806
f 897//1814 902//1815 903//1816
f 902//1815 898//1817 903//1816
f 903//1816 898//1817 861//1818
f 903//1819 861//1820 904//1821
f 903//1819 904//1821 905//1822
f 906//1823 903//1824 905//1825
f 907//1826 903//1824 906//1823
f 907//1827 897//1828 903//1829
f 908//1830 897//1828 907//1827
f 911//1831 908//1830 907//1827
f 907//1826 906//1823 909//1832
f 910//1833 907//1826 909//1832
f 912//1834 907//1835 910//1836
f 911//1831 907//1827 912//1837
f 912//1834 910//1836 810//1838
f 915//1839 912//1837 913//1840
f 913//1841 912//1834 810//1838
f 914//1842 911//1831 912//1837
f 915//1839 914//1842 912//1837
f 916//1843 915//1839 918//1844
f 916//1843 917//1845 915//1839
f 918//1844 915//1839 913//1840
f 917//1845 914//1842 915//1839
f 919//1846 916//1843 918//1844
f 919//1846 918//1844 920//1847
f 920//1847 918//1844 921//1848
f 918//1844 913//1840 921//1848
f 921//1849 913//1841 922//1850
f 921//1849 922//1850 923//1851
f 694//1444 921//1849 923//1851
f 920//1847 921//1848 694//1852
f 923//1853 809//1854 924//1855
f 925//1856 923//1853 924//1855
f 923//1853 922//1857 809//1854
f 694//1444 923//1851 692//1443
f 692//1858 923//1859 925//1860
f 924//1861 926//1862 925//1863
f 692//1858 925//1860 790//1864
f 925//1863 791//1637 790//1636
f 925//1863 926//1862 791//1637
f 793//1643 791//1637 926//1862
f 793//1643 926//1862 801//1657
f 801//1657 926//1862 803//1658
f 924//1861 803//1658 926//1862
f 809//1669 803//1658 924//1861
f 922//1857 810//1865 809//1854
f 913//1841 810//1838 922//1850
f 927//1866 919//1846 920//1847
f 928//1867 927//1866 920//1847
f 928//1867 920//1847 694//1852
f 928//1868 930//1869 929//1870
f 929//1870 927//1871 928//1868
f 931//1872 928//1868 694//1873
f 930//1869 928//1868 931//1872
f 931//1874 694//1875 934//1876
f 933//1877 932//1878 931//1879
f 932//1878 930//1880 931//1879
f 935//1881 933//1877 931//1879
f 934//1876 935//1882 931//1874
f 936//1883 933//1877 935//1881
f 936//1883 935//1881 937//1884
f 701//1885 935//1882 934//1876
f 701//1885 937//1886 935//1882
f 937//1886 698//1887 938//1888
f 937//1886 701//1885 698//1887
f 936//1883 937//1884 938//1889
f 938//1888 698//1887 939//1890
f 941//1891 938//1889 939//1892
f 936//1883 938//1889 940//1893
f 940//1893 938//1889 941//1891
f 942//1894 941//1895 945//1896
f 942//1894 940//1897 941//1895
f 945//1896 941//1895 943//1898
f 941//1891 944//1899 943//1900
f 939//1892 944//1899 941//1891
f 948//1901 942//1894 945//1896
f 945//1896 946//1902 947//1903
f 945//1896 943//1898 946//1902
f 948//1901 945//1896 947//1903
f 948//1901 955//1904 942//1894
f 948//1901 949//1905 958//1906
f 948//1901 959//1907 949//1905
f 948//1901 950//1908 951//1909
f 948//1901 958//1906 950//1908
f 951//1909 957//1910 948//1901
f 948//1901 947//1903 952//1911
f 948//1901 952//1911 960//1912
f 953//1913 954//1914 948//1901
f 960//1912 953//1913 948//1901
f 948//1901 954//1914 959//1907
f 948//1901 956//1915 955//1904
f 948//1901 957//1910 956//1915
f 952//1911 961//1916 960//1912
f 960//1912 961//1916 953//1913
f 964//1917 962//1918 961//1919
f 965//1920 961//1919 962//1918
f 947//1903 961//1916 952//1911
f 947//1903 946//1902 961//1916
f 963//1921 961//1919 946//1922
f 964//1917 961//1919 963//1921
f 965//1920 953//1923 961//1919
f 967//1924 965//1925 966//1926
f 962//1927 966//1928 965//1929
f 968//1930 965//1925 967//1924
f 953//1923 965//1920 968//1931
f 967//1924 969//1932 968//1930
f 968//1931 969//1933 953//1923
f 900//1934 969//1932 967//1924
f 900//1934 970//1935 969//1932
f 971//1936 969//1933 970//1937
f 971//1936 953//1923 969//1933
f 971//1936 972//1938 974//1939
f 971//1936 970//1937 972//1938
f 971//1936 954//1940 953//1923
f 973//1941 954//1940 971//1936
f 973//1941 971//1936 974//1939
f 974//1939 975//1942 977//1943
f 975//1942 974//1939 976//1944
f 974//1939 972//1938 976//1944
f 974//1939 977//1943 973//1941
f 978//1945 973//1941 977//1943
f 979//1946 978//1945 977//1943
f 977//1943 980//1947 979//1946
f 980//1947 977//1943 975//1942
f 980//1947 981//1948 979//1946
f 980//1947 983//1949 981//1948
f 980//1947 975//1942 984//1950
f 980//1947 982//1951 983//1949
f 982//1951 980//1947 984//1950
f 982//1951 984//1950 985//1952
f 975//1942 976//1944 984//1950
f 984//1950 976//1944 985//1952
f 988//1953 985//1952 976//1944
f 986//1954 985//1952 988//1953
f 987//1955 985//1952 986//1954
f 982//1951 985//1952 987//1956
f 986//1954 988//1953 989//1957
f 991//1958 989//1957 988//1953
f 988//1953 976//1944 990//1959
f 991//1958 988//1953 990//1959
f 989//1957 991//1958 992//1960
f 991//1958 990//1959 964//1917
f 964//1917 963//1921 991//1958
f 991//1958 963//1921 992//1960
f 992//1960 932//1878 989//1957
f 963//1921 993//1961 992//1960
f 992//1960 993//1961 932//1878
f 930//1880 932//1878 993//1961
f 993//1961 929//1962 930//1880
f 963//1921 946//1922 993//1961
f 943//1900 994//1963 993//1961
f 943//1900 993//1961 946//1922
f 994//1963 929//1962 993//1961
f 927//1871 929//1870 994//1964
f 994//1964 995//1965 927//1871
f 994//1964 944//1966 995//1965
f 944//1899 994//1963 943//1900
f 698//1887 995//1967 939//1890
f 944//1968 939//1968 995//1968
f 995//1969 698//1969 700//1969
f 927//1970 995//1970 700//1970
f 990//1959 976//1944 972//1938
f 964//1917 990//1959 996//1971
f 990//1959 972//1938 996//1971
f 996//1971 997//1972 964//1917
f 972//1938 970//1937 996//1971
f 996//1973 899//1974 897//1975
f 970//1935 899//1974 996//1973
f 897//1976 997//1977 996//1978
f 908//1979 998//1980 997//1977
f 908//1979 997//1977 897//1976
f 964//1917 997//1972 998//1981
f 998//1980 999//1982 962//1927
f 998//1981 962//1918 964//1917
f 999//1982 998//1980 908//1979
f 999//1982 966//1928 962//1927
f 829//1708 966//1983 999//1984
f 1000//1985 999//1984 908//1986
f 829//1708 999//1984 1000//1985
f 1000//1985 908//1986 911//1987
f 830//1709 1000//1985 911//1987
f 830//1709 829//1708 1000//1985
f 989//1957 1001//1988 986//1954
f 989//1957 932//1878 1001//1988
f 933//1877 1001//1988 932//1878
f 1002//1989 1001//1988 933//1877
f 1002//1989 986//1954 1001//1988
f 1003//1990 1002//1989 933//1877
f 1002//1989 1003//1990 1004//1991
f 1002//1989 987//1955 986//1954
f 1002//1989 1004//1991 987//1955
f 1004//1991 1006//1992 1005//1993
f 1005//1993 987//1955 1004//1991
f 1006//1992 1004//1991 1003//1990
f 1006//1992 1003//1990 1007//1994
f 1008//1995 1006//1992 1007//1994
f 1008//1995 1005//1993 1006//1992
f 1008//1995 1010//1996 1009//1997
f 1013//1998 1008//1995 1009//1997
f 1010//1996 1008//1995 1007//1994
f 1012//1999 1005//1993 1008//1995
f 1011//2000 1012//1999 1008//1995
f 1011//2000 1008//1995 1013//1998
f 1015//2001 1013//1998 1014//2002
f 1019//2003 1014//2002 1013//1998
f 1013//1998 1009//1997 1016//2004
f 1013//1998 1018//2005 1011//2000
f 1015//2001 1017//2006 1013//1998
f 1019//2003 1013//1998 1016//2004
f 1013//1998 1017//2006 1018//2005
f 1014//2002 1019//2003 1021//2007
f 1020//2008 1021//2009 1019//2010
f 1016//2011 1020//2008 1019//2010
f 1014//2002 1021//2007 1023//2012
f 1024//2013 1021//2013 1022//2013
f 1020//2008 1022//2014 1021//2009
f 1023//2012 1021//2007 1024//2015
f 1025//2016 1024//2017 1022//2018
f 1023//2012 1024//2015 1025//2019
f 1026//2020 1025//2016 1022//2018
f 1025//2016 1026//2020 1028//2021
f 1023//2012 1025//2019 1027//2022
f 1025//2019 1028//2023 1027//2022
f 1028//2021 1026//2020 1029//2024
f 1028//2021 1029//2024 1030//2025
f 1030//2026 1027//2022 1028//2023
f 1030//2025 1029//2024 1010//2027
f 1030//2026 1007//1994 1027//2022
f 1007//1994 1030//2026 1010//1996
f 1010//2027 1029//2024 1031//2028
f 1029//2029 673//2029 1031//2029
f 1029//2030 682//2031 673//2032
f 1026//2033 1032//2034 1029//2030
f 1029//2030 1032//2034 682//2031
f 619//1318 1033//2035 1032//2034
f 1034//2036 619//1318 1032//2034
f 1032//2034 1033//2035 682//2031
f 1026//2033 1034//2036 1032//2034
f 1026//2033 1022//2037 1034//2036
f 1035//2038 1034//2036 1022//2037
f 1035//2038 624//1323 1034//2036
f 624//1323 619//1318 1034//2036
f 1035//2038 1022//2037 1036//2039
f 1038//2040 1035//2038 1036//2039
f 1037//2041 624//1323 1035//2038
f 1039//2042 1037//2041 1035//2038
f 1039//2042 1035//2038 1038//2040
f 636//1331 1037//2041 1039//2042
f 636//1331 1039//2042 1040//2043
f 1039//2042 1038//2040 1040//2043
f 1041//2044 1040//2043 1038//2040
f 1042//2045 1040//2043 1041//2044
f 1043//2046 1040//2043 1042//2045
f 1043//2046 636//1331 1040//2043
f 1043//2047 652//2048 1044//2049
f 1045//2050 652//2048 1043//2047
f 1043//2051 1042//2052 1045//2053
f 633//1332 636//1331 1043//2046
f 633//1332 1043//2046 1044//2054
f 1045//2050 657//2055 652//2048
f 1045//2056 1046//2057 1047//2058
f 1042//2052 1046//2059 1045//2053
f 1047//2060 657//2055 1045//2050
f 1047//2061 1049//2062 1048//2063
f 1047//2061 1048//2063 1044//2064
f 1047//2058 1046//2057 1049//2065
f 1044//2049 653//2066 1047//2060
f 1047//2060 653//2066 657//2055
f 1049//2067 1046//2068 1050//2069
f 1049//2067 1050//2069 1051//2070
f 1053//2071 1049//2067 1051//2070
f 1052//2072 1048//2073 1049//2067
f 1052//2072 1049//2067 1053//2071
f 1053//2071 1051//2070 1054//2074
f 1053//2071 1054//2074 1056//2075
f 1055//2076 1052//2072 1053//2071
f 1055//2076 1053//2071 1056//2075
f 1056//2075 1059//2077 1057//2078
f 1058//2079 1056//2075 1057//2078
f 1056//2075 1054//2074 1059//2077
f 1055//2076 1056//2075 1058//2079
f 1057//2078 1059//2077 1060//2080
f 1059//2077 669//2081 1060//2080
f 1059//2077 1061//2082 669//2081
f 1054//2074 1061//2082 1059//2077
f 1054//2074 1051//2070 1061//2082
f 1051//2070 1062//2083 1061//2082
f 1061//2082 1062//2083 669//2081
f 1051//2070 1050//2069 1062//2083
f 1050//2069 1063//2084 1062//2083
f 1062//2083 1063//2084 668//2085
f 1062//2083 668//2085 669//2081
f 1063//2084 667//2086 668//2085
f 1063//2084 1064//2087 667//2086
f 1065//2088 1064//2087 1063//2084
f 1050//2069 1065//2088 1063//2084
f 1065//2088 1036//2039 1064//2087
f 1046//2068 1065//2088 1050//2069
f 1046//2068 1041//2044 1065//2088
f 1041//2044 1038//2040 1065//2088
f 1038//2040 1036//2039 1065//2088
f 1064//2087 673//2089 667//2086
f 1064//2087 1066//2090 673//2089
f 1036//2039 1066//2090 1064//2087
f 1066//2091 1016//2011 1009//2092
f 1066//2091 1020//2008 1016//2011
f 1036//2039 1020//2093 1066//2090
f 673//2094 1066//2091 1031//2095
f 1010//2096 1031//2095 1066//2091
f 1066//2091 1009//2092 1010//2096
f 1067//2097 1060//2080 1071//2098
f 1067//2097 1068//2099 1060//2080
f 1060//2100 669//2101 670//2102
f 1060//2100 670//2102 1069//2103
f 1068//2099 1057//2078 1060//2080
f 1070//2104 1060//2100 1069//2103
f 1071//2098 1060//2100 1070//2104
f 1073//2105 1071//2098 1072//2106
f 1072//2106 1071//2098 1075//2107
f 1073//2105 1074//2108 1071//2098
f 1071//2098 1074//2108 1067//2097
f 1075//2107 1071//2098 1070//2104
f 1076//2109 1075//2107 1077//2110
f 1076//2109 1072//2106 1075//2107
f 1075//2107 1078//2111 1077//2112
f 1075//2107 1070//2104 1078//2111
f 860//2113 1078//2111 1079//2114
f 1077//2112 1078//2111 860//2113
f 1078//2115 1080//2116 1079//2117
f 1078//2115 1070//2104 1081//2118
f 1078//2115 1081//2118 1080//2116
f 1081//2119 1083//2120 1082//2121
f 1081//2119 1082//2121 1080//2116
f 1069//2122 1083//2120 1081//2119
f 1070//2104 1069//2103 1081//2118
f 1083//2120 1086//2123 1082//2121
f 1083//2120 1084//2124 1086//2123
f 1085//2125 1084//2124 1083//2120
f 1069//2122 1085//2125 1083//2120
f 1086//2126 1084//2127 1087//2128
f 1088//2129 1086//2126 1087//2128
f 1086//2123 1088//2130 1082//2121
f 1082//2121 1088//2130 871//1766
f 1088//2130 875//1771 871//1766
f 875//1770 1088//2129 1087//2128
f 1087//2131 1091//2132 1089//2133
f 1087//2131 1089//2133 1090//2134
f 874//1773 1087//2131 1090//2134
f 875//1770 1087//2128 874//1768
f 1084//2127 1091//2135 1087//2128
f 642//1348 641//1347 1091//2135
f 1092//2136 642//1348 1091//2135
f 1091//2132 641//2137 1089//2133
f 1084//2127 1092//2136 1091//2135
f 646//1359 642//1360 1092//2138
f 646//1359 1092//2138 1084//2124
f 1090//2134 1089//2133 1093//2139
f 1090//2134 1093//2139 1094//2140
f 874//1773 1090//2134 877//1774
f 877//1774 1090//2134 1095//2141
f 1090//2134 1094//2140 1095//2141
f 1095//2141 1094//2140 1096//2142
f 877//1774 1095//2141 879//1777
f 879//1777 1095//2141 1096//2142
f 1096//2142 1098//2143 1097//2144
f 1096//2142 1097//2144 885//1788
f 879//1777 1096//2142 885//1788
f 1096//2142 1094//2140 1098//2143
f 1097//2144 1098//2143 1099//2145
f 1098//2143 1100//2146 1099//2145
f 1094//2140 1055//2076 1098//2143
f 1098//2143 1055//2076 1058//2079
f 1098//2143 1058//2079 1100//2146
f 1101//2147 1099//2147 1100//2147
f 1100//2148 1102//2148 1101//2148
f 1100//2146 1058//2079 1102//2149
f 1102//2150 1103//2151 1101//2152
f 1103//2151 1102//2150 1104//2153
f 1105//2154 1104//2153 1102//2150
f 1068//2155 1105//2154 1102//2150
f 1102//2149 1058//2079 1057//2078
f 1102//2149 1057//2078 1068//2099
f 1105//2154 1107//2156 1104//2153
f 1105//2154 1068//2155 1106//2157
f 1105//2154 1106//2157 1107//2156
f 1107//2158 1108//2159 1017//2006
f 1106//2160 1108//2159 1107//2158
f 1107//2158 1109//2161 1104//2162
f 1017//2006 1109//2161 1107//2158
f 949//1905 1109//2163 958//1906
f 949//1905 1110//2164 1109//2163
f 1110//2165 1111//2166 1109//2161
f 1109//2161 1103//2167 1104//2162
f 1109//2161 1111//2166 1103//2167
f 958//1906 1109//2163 1015//2168
f 1017//2006 1015//2001 1109//2161
f 1110//2165 1112//2169 1111//2166
f 1099//2170 1101//2171 1111//2172
f 1112//2173 1099//2170 1111//2172
f 1103//2174 1111//2174 1101//2174
f 1110//2165 1113//2175 1112//2169
f 1113//2176 1099//2170 1112//2173
f 978//1945 1113//2175 1110//2165
f 1074//2177 1113//2176 1115//2178
f 1114//2179 1113//2176 1074//2177
f 1113//2176 1114//2179 1099//2170
f 1113//2175 978//1945 979//1946
f 1113//2175 979//1946 1115//2180
f 1067//2181 1115//2178 1116//2182
f 1074//2177 1115//2178 1067//2181
f 981//1948 1116//2183 1115//2180
f 979//1946 981//1948 1115//2180
f 1116//2184 1068//2155 1067//2185
f 1106//2157 1068//2155 1116//2184
f 1116//2183 1108//2159 1106//2160
f 981//1948 1108//2159 1116//2183
f 1097//2144 1114//2186 1073//2105
f 1073//2105 1114//2186 1074//2108
f 1097//2144 1099//2145 1114//2186
f 959//1907 1110//2164 949//1905
f 978//1945 1110//2165 954//1940
f 959//1907 954//1914 1110//2164
f 983//1949 1117//2187 1108//2159
f 981//1948 983//1949 1108//2159
f 1018//2005 1108//2159 1117//2187
f 1018//2005 1017//2006 1108//2159
f 1117//2187 983//1949 1118//2188
f 1119//2189 1117//2187 1118//2188
f 1119//2189 1018//2005 1117//2187
f 1011//2000 1018//2005 1119//2189
f 1011//2000 1119//2189 1118//2188
f 1012//1999 1011//2000 1118//2188
f 1012//1999 1118//2188 982//2190
f 1118//2188 983//1949 982//1951
f 885//1788 1097//2144 1073//2105
f 1094//2140 1093//2139 1055//2076
f 1089//2133 1120//2191 1093//2139
f 1093//2139 1052//2072 1055//2076
f 1093//2139 1120//2191 1052//2072
f 641//2137 1120//2191 1089//2133
f 641//2137 1044//2054 1120//2191
f 1120//2191 1044//2054 1048//2073
f 1120//2191 1048//2073 1052//2072
f 1121//2192 1085//2125 1069//2122
f 647//1357 646//1359 1085//2125
f 1085//2125 646//1359 1084//2124
f 1121//2192 647//1357 1085//2125
f 664//1397 647//1357 1121//2192
f 670//2102 664//2193 1121//2194
f 1069//2103 670//2102 1121//2194
f 1079//2117 1082//2121 872//1765
f 1080//2116 1082//2121 1079//2117
f 1082//2121 871//1766 872//1765
f 1079//2117 872//1765 860//1744
f 861//1818 1077//2112 860//2113
f 898//1817 1077//2112 861//1818
f 901//1808 1076//2109 1077//2110
f 901//1808 1077//2110 898//1812
f 888//1795 1076//2109 901//1808
f 887//1794 1072//2106 1076//2109
f 888//1795 887//1794 1076//2109
f 887//1794 1073//2105 1072//2106
f 885//1788 1073//2105 887//1794
f 1042//2045 1041//2044 1046//2068
f 641//2137 633//1332 1044//2054
f 1044//2049 652//2048 653//2066
f 1037//2041 626//1324 624//1323
f 630//1328 626//1324 1037//2041
f 636//1331 630//1328 1037//2041
f 1036//2039 1022//2037 1020//2093
f 619//1318 620//1319 1033//2035
f 1033//2035 689//2195 682//2031
f 1033//2035 620//1319 689//2195
f 1123//2196 1027//2022 1007//1994
f 1027//2022 1123//2196 1122//2197
f 1023//2012 1027//2022 1122//2197
f 1123//2196 1003//1990 936//1883
f 1007//1994 1003//1990 1123//2196
f 940//1893 1123//2196 936//1883
f 1123//2196 940//1893 1122//2197
f 955//1904 1122//2198 940//1897
f 956//1915 1023//2199 1122//2198
f 956//1915 1122//2198 955//1904
f 951//1909 1014//2200 1023//2199
f 951//1909 1023//2199 957//1910
f 957//1910 1023//2199 956//1915
f 950//1908 1015//2168 1014//2200
f 958//1906 1015//2168 950//1908
f 950//1908 1014//2200 951//1909
f 982//2190 987//1955 1012//1999
f 1012//1999 987//1955 1005//1993
f 1003//1990 933//1877 936//1883
f 978//1945 954//1940 973//1941
f 900//1934 899//1974 970//1935
f 894//1805 900//1813 967//2201
f 967//2201 966//1983 894//1805
f 829//1708 837//1717 966//1983
f 837//1717 894//1805 966//1983
f 955//1904 940//1897 942//1894
f 695//1445 934//2202 694//1446
f 695//1445 701//1452 934//2202
f 700//1453 919//1846 927//1866
f 1124//2203 916//1843 919//1846
f 1125//2204 1124//2203 919//1846
f 1125//2204 919//1846 700//1453
f 1126//2205 1125//2204 700//1453
f 1128//2206 1125//2204 1126//2205
f 1127//2207 1124//2203 1125//2204
f 1128//2206 1127//2207 1125//2204
f 703//1456 1128//2206 1126//2205
f 705//1458 1128//2206 703//1456
f 1129//2208 797//2209 1128//2206
f 1129//2208 1128//2206 705//1458
f 797//2209 1127//2207 1128//2206
f 795//1650 797//1649 1129//2208
f 1130//2210 795//1650 1129//2208
f 1130//2210 1129//2208 705//1458
f 732//2211 795//1646 1130//2212
f 732//2213 1130//2214 707//2215
f 707//1460 1130//2210 705//1458
f 1127//2207 1131//2216 1124//2203
f 798//1648 1131//2216 1127//2207
f 797//2209 798//1648 1127//2207
f 1124//2203 1131//2216 1133//2217
f 1131//2216 1132//2218 1133//2217
f 1131//2216 1134//2219 1132//2218
f 798//1648 1134//2219 1131//2216
f 1135//2220 1132//2221 1134//2222
f 1135//2220 1134//2222 820//2223
f 798//1648 820//1701 1134//2219
f 820//1694 821//1695 1135//2224
f 1135//2224 1136//2225 823//1699
f 1135//2224 821//1695 1136//2225
f 1132//2226 1135//2227 823//2228
f 1137//2229 817//2230 1136//2231
f 1136//2232 817//1683 818//1682
f 821//2233 1137//2229 1136//2231
f 1136//2225 818//1691 823//1699
f 821//2234 815//2234 1137//2234
f 815//2235 807//2236 1137//2237
f 1137//2238 807//2239 817//2240
f 1133//2217 917//1845 916//1843
f 1124//2203 1133//2217 916//1843
f 1133//2217 1138//2241 917//1845
f 1133//2217 1132//2218 1138//2241
f 1138//2241 830//1709 914//1842
f 917//1845 1138//2241 914//1842
f 827//1707 830//1709 1138//2241
f 1132//2218 827//1707 1138//2241
f 1132//2226 823//2228 827//2242
f 703//1456 1126//2205 699//1455
f 699//1455 1126//2205 700//1453
f 830//1709 911//1987 914//1842
f 910//1833 909//1832 1139//2243
f 810//2244 910//1833 1139//2243
f 1139//2245 1140//2246 1141//2247
f 909//2248 1140//2246 1139//2245
f 1139//2245 1141//2247 810//1668
f 1140//2246 848//1731 1141//2247
f 848//1731 1142//2249 1141//2247
f 1141//2247 1142//2249 805//2250
f 810//1668 1141//2247 811//1670
f 805//2250 811//1670 1141//2247
f 1142//2249 1144//2251 805//2250
f 1142//2249 1143//2252 1144//2251
f 848//1731 1143//2252 1142//2249
f 1144//2253 846//1729 800//1655
f 805//1665 1144//2253 800//1655
f 1144//2253 1143//2254 846//1729
f 1143//2254 849//1730 846//1729
f 848//1731 849//1733 1143//2252
f 851//1736 848//1731 1140//2246
f 906//2255 851//1736 1140//2246
f 906//2255 1140//2246 909//2248
f 905//1822 851//1736 906//2255
f 905//1822 852//1737 851//1736
f 904//1821 852//1737 905//1822
f 861//1743 852//1737 904//1821
f 895//1807 888//1795 901//1808
f 837//1717 836//1714 894//1805
f 889//2256 1145//2257 880//1779
f 882//1786 881//1785 889//2256
f 889//2256 881//1785 1145//2257
f 880//1779 1145//2257 883//1780
f 881//2258 865//2259 1145//2260
f 1145//2261 865//2262 867//2263
f 1145//2261 867//2263 883//2264
f 1146//2265 883//2265 867//2265
f 883//2266 1146//2266 881//2266
f 881//2267 1146//2267 1147//2267
f 1146//2268 868//2269 1147//2270
f 867//2271 868//2271 1146//2271
f 1147//2272 863//1753 865//1752
f 881//2258 1147//2273 865//2259
f 1147//2270 868//2269 863//2274
f 844//1723 882//1787 841//1720
f 860//1744 872//1765 859//1747
f 870//1763 854//1751 868//1762
f 863//1750 868//1762 854//1751
f 861//1818 860//2113 857//2275
f 855//2276 854//1776 844//1725
f 845//1724 855//2276 844//1725
f 800//1653 846//1728 824//1702
f 846//1728 839//1718 824//1702
f 835//1715 842//1721 834//1713
f 824//1702 832//1712 825//1703
f 800//1653 820//1701 798//1648
f 817//2240 807//2239 813//2277
f 815//2235 806//2278 807//2236
f 732//2211 794//1645 795//1646
f 732//1520 734//1525 794//1644
f 1149//2279 686//2280 784//1623
f 784//1623 686//2280 782//1620
f 784//1626 779//1617 1148//2281
f 784//1626 1148//2281 1149//2282
f 1149//2282 1150//2283 1153//2284
f 1149//2282 1151//2285 1150//2283
f 1149//2282 1152//2286 1151//2285
f 1149//2282 1148//2281 1152//2286
f 1153//2287 1154//2288 1149//2279
f 1154//2288 686//2280 1149//2279
f 1153//2287 1155//2289 1154//2288
f 1154//2288 1155//2289 687//2290
f 686//2291 1154//2291 687//2291
f 687//1435 1155//2292 683//1429
f 1155//2289 1157//2293 1156//2294
f 1155//2292 1156//2295 680//1423
f 1155//2289 1153//2287 1157//2293
f 683//1429 1155//2292 680//1423
f 1158//2296 1162//2297 1157//2298
f 1153//2284 1158//2296 1157//2298
f 1157//2298 1161//2299 1159//2300
f 1159//2300 1160//2301 1157//2298
f 1163//2302 1157//2293 1160//2303
f 1157//2298 1162//2297 1161//2299
f 1156//2294 1157//2293 1163//2302
f 680//1423 1156//2295 1163//2304
f 680//1423 1163//2304 679//1422
f 1160//2303 1164//2305 1163//2302
f 679//1422 1163//2304 1164//2306
f 1164//2306 1165//2307 1167//2308
f 1164//2305 1166//2309 1165//2310
f 1166//2309 1164//2305 1160//2303
f 679//1422 1164//2306 1167//2308
f 1165//2307 1168//2311 1167//2308
f 1167//2312 1168//2313 1170//2314
f 1169//2315 1167//2312 1170//2314
f 679//1422 1167//2308 1169//2316
f 1168//2313 708//2317 1170//2314
f 1169//2315 1170//2314 631//1341
f 631//1329 1170//2318 627//1327
f 1170//2318 708//1462 627//1327
f 1171//2319 1169//2316 635//2320
f 677//1419 1169//2316 1171//2319
f 679//1422 1169//2316 677//1419
f 635//1340 1169//2315 631//1341
f 677//1419 1171//2319 676//1417
f 676//1417 1171//2319 634//1336
f 1171//2319 635//2320 634//1336
f 1168//2313 1172//2321 708//2317
f 1168//2311 1174//2322 1172//2321
f 1168//2311 1165//2307 1173//2323
f 1168//2311 1173//2323 1174//2322
f 720//1511 1172//2321 1174//2322
f 1174//2322 1175//2324 720//1511
f 1175//2325 1174//2326 1173//2327
f 1175//2324 718//2328 720//1511
f 1175//2324 1176//2329 717//1508
f 1175//2324 1177//2330 1176//2329
f 1175//2324 717//1508 718//2328
f 1177//2330 1175//2324 1166//2331
f 1173//2327 1178//2332 1175//2325
f 1175//2324 1178//2333 1166//2331
f 1173//2327 1165//2310 1178//2332
f 1165//2310 1166//2309 1178//2332
f 1180//2334 1179//2335 1177//2336
f 1177//2337 1179//2338 1181//2339
f 1166//2331 1180//2340 1177//2330
f 1176//2341 1177//2337 1181//2339
f 1181//2342 1184//2343 1182//2344
f 1183//2345 1181//2346 1182//2347
f 1176//2348 1181//2346 1183//2345
f 1179//2349 1184//2343 1181//2342
f 1188//2350 1185//2351 1184//2352
f 1185//2353 1182//2344 1184//2343
f 1187//2354 1184//2355 1186//2356
f 1186//2357 1184//2343 1179//2349
f 1188//2358 1184//2355 1187//2354
f 1187//2359 1190//2360 1188//2361
f 1189//2362 1185//2351 1188//2350
f 1188//2361 1191//2363 1189//2364
f 1190//2360 1191//2363 1188//2361
f 1192//2365 1191//2365 1194//2365
f 1192//2366 1193//2367 1191//2368
f 1189//2364 1191//2363 1193//2369
f 1194//2370 1191//2371 755//2372
f 755//1569 1191//2363 1190//2360
f 1195//2373 1192//2374 1194//2375
f 1195//2373 1194//2375 1196//2376
f 1194//2370 755//2372 1196//2377
f 1196//2378 1197//2379 1195//2380
f 1196//2378 755//2381 1197//2379
f 755//1569 754//1570 1197//2382
f 1197//2382 754//1570 1198//2383
f 1197//2382 1198//2383 1199//2384
f 1195//2385 1197//2386 1200//2387
f 1197//2382 1199//2384 1193//2369
f 1200//2387 1197//2386 1193//2388
f 1200//2389 1192//2374 1195//2373
f 1200//2390 1193//2367 1192//2366
f 1199//2391 1201//2392 1202//2393
f 1199//2391 744//2394 1201//2392
f 1198//2395 744//2396 1199//2397
f 1193//2369 1199//2384 1202//2398
f 1202//2393 1203//2399 723//2400
f 1193//2369 1202//2398 723//1506
f 1202//2393 1201//2392 1203//2399
f 1201//2401 1204//2402 1203//2403
f 725//2404 1203//2405 1204//2406
f 723//2407 1203//2405 725//2404
f 724//2408 1204//2409 740//2410
f 1204//2402 1201//2401 740//1548
f 725//2404 1204//2406 724//2411
f 740//1548 1201//2401 744//1547
f 1198//2395 743//2412 744//2396
f 1198//2413 753//2414 743//2415
f 754//2416 753//2414 1198//2413
f 1193//2369 717//1508 1189//2364
f 723//1506 717//1508 1193//2369
f 1190//2417 1186//2418 1205//2419
f 1187//2420 1186//2418 1190//2417
f 1190//2421 1205//2422 1206//2423
f 1206//2423 1207//2424 1190//2421
f 755//1569 1190//2360 1207//2425
f 1206//2426 1208//2427 1207//2428
f 1207//2428 1208//2427 756//2429
f 755//1569 1207//2425 756//1571
f 1208//2430 1209//2431 756//2432
f 1208//2433 1206//2434 1209//2435
f 1206//2434 1210//2436 1209//2435
f 756//2432 1209//2431 1212//2437
f 1211//2438 1209//2439 1210//2440
f 1212//2441 1209//2439 1211//2438
f 757//1572 1212//2442 1211//2443
f 757//1572 756//1571 1212//2442
f 1211//2443 1159//2300 1214//2444
f 1211//2443 1180//2340 1159//2300
f 1213//2445 1180//2446 1211//2447
f 1211//2447 1210//2448 1213//2445
f 757//1572 1211//2443 1214//2444
f 1215//2449 1214//2450 1159//2451
f 1216//2452 1214//2453 1215//2454
f 1216//2452 757//2455 1214//2453
f 1216//2456 1215//2457 1217//2456
f 1218//2458 1216//2456 1217//2456
f 1216//2459 1162//2459 757//2459
f 1218//2460 1162//2460 1216//2460
f 1217//2461 1161//2462 1218//2463
f 1218//2464 1161//2464 1162//2464
f 1217//2461 1159//2465 1161//2462
f 1215//2449 1159//2451 1217//2466
f 1179//2349 1213//2467 1186//2357
f 1213//2468 1179//2335 1180//2334
f 1213//2467 1210//2436 1186//2357
f 1205//2469 1210//2436 1206//2434
f 1186//2357 1210//2436 1205//2469
f 1185//2470 1189//2471 1183//2345
f 717//1508 1183//2472 1189//2364
f 1185//2470 1183//2345 1182//2347
f 717//1508 1176//2329 1183//2472
f 1159//2300 1180//2340 1166//2331
f 1172//2321 707//2215 708//2317
f 1172//2321 727//1514 707//2215
f 720//1511 727//1514 1172//2321
f 1166//2331 1160//2301 1159//2300
f 1158//2296 1219//2473 1162//2297
f 1162//2297 1219//2473 757//1572
f 1219//2474 1222//2475 1220//2476
f 1220//2476 1221//2477 1219//2474
f 757//1572 1219//2473 1221//2478
f 1219//2474 1223//2479 1222//2475
f 1158//2480 1223//2479 1219//2474
f 1223//2481 1150//2482 1225//2483
f 1223//2481 1158//2484 1150//2482
f 1223//2485 1224//2486 1222//2487
f 1223//2485 1225//2488 1224//2486
f 1151//2489 1225//2490 1150//2491
f 1151//2489 1224//2492 1225//2490
f 1151//2489 1226//2493 1224//2492
f 1222//2487 1224//2486 1226//2494
f 1227//2495 1226//2496 758//2496
f 1227//2497 1220//2498 1226//2494
f 1226//2494 1220//2498 1222//2487
f 1228//2499 1226//2493 1151//2489
f 758//2496 1226//2496 1228//2500
f 752//1563 758//1562 1228//2501
f 1151//2285 752//1563 1228//2501
f 1221//2502 1227//2503 758//2504
f 1220//2505 1227//2503 1221//2502
f 757//1572 1221//2478 758//1562
f 1153//2284 1150//2283 1158//2296
f 1151//2285 1152//2286 752//1563
f 1230//2506 752//2506 1152//2506
f 1229//2507 1152//2507 1148//2507
f 1230//2508 1152//2508 1229//2508
f 1231//2509 752//2510 1230//2511
f 1231//2512 1230//2513 1229//2512
f 1231//2512 1229//2512 1232//2514
f 1231//2509 780//2515 752//2510
f 1231//2516 779//2517 780//2518
f 1232//2519 779//2517 1231//2516
f 1232//2520 1148//2521 779//2522
f 1229//2523 1148//2521 1232//2520
f 737//1531 765//1586 783//1624
f 780//1618 777//1619 752//1563
f 774//2524 762//2525 777//1611
f 752//1563 777//1619 762//1576
f 777//1611 775//1613 774//2524
f 774//2526 761//1578 762//1577
f 774//1601 760//1603 761//2527
f 748//2528 753//2529 750//2530
f 753//2529 748//2528 743//1544
f 743//1544 748//2528 742//1545
f 740//2410 728//2531 724//2408
f 727//1514 732//2213 707//2215
f 616//1467 715//1478 709//1465
f 715//1478 616//1467 612//1472
f 620//1319 688//1449 689//2195
f 620//1319 621//1320 688//1449
f 673//2532 682//1425 674//1428
f 634//1336 662//1396 676//1417
f 666//2533 676//1417 662//1396
f 672//1418 676//1417 666//2533
f 666//2533 662//1396 661//1395
f 638//1344 662//1396 634//1336
f 653//1367 651//1369 657//2534
f 644//1354 655//1391 639//1350
f 417//841 426//875 415//2535
