# Blender 5.0.1
# www.blender.org
o Part_1.003
v -0.755342 -0.758475 -0.411002
v -0.754614 -0.769650 -0.407384
v -0.756717 -0.737150 -0.418234
v -0.490716 -0.769650 -0.407384
v -0.489987 -0.758453 -0.411009
v -0.488614 -0.737150 -0.418234
v -0.743326 -0.935891 -0.363185
v -0.742471 -0.948023 -0.360494
v -0.745434 -0.905655 -0.370213
v -0.747560 -0.874851 -0.377745
v -0.745986 -0.897655 -0.372169
v -0.749546 -0.845747 -0.385271
v -0.749146 -0.851608 -0.383755
v -0.751405 -0.818161 -0.392836
v -0.753148 -0.791969 -0.400473
v -0.751976 -0.809584 -0.395337
v -0.754492 -0.771516 -0.406806
v -0.727702 -1.154136 -0.292485
v -0.727665 -1.154650 -0.290547
v -0.727747 -1.153519 -0.294346
v -0.727950 -1.150716 -0.301078
v -0.727922 -1.151104 -0.300397
v -0.727802 -1.152765 -0.296620
v -0.728155 -1.147875 -0.305678
v -0.728065 -1.149131 -0.303859
v -0.728223 -1.146943 -0.306809
v -0.728512 -1.142943 -0.311057
v -0.728323 -1.145558 -0.308490
v -0.728540 -1.142561 -0.311364
v -0.728982 -1.136449 -0.315724
v -0.728722 -1.140044 -0.313382
v -0.729262 -1.132584 -0.317802
v -0.728992 -1.136307 -0.315816
v -0.729510 -1.129154 -0.319336
v -0.729856 -1.124365 -0.321200
v -0.729550 -1.128600 -0.319584
v -0.730180 -1.119887 -0.322687
v -0.730208 -1.119499 -0.322802
v -0.730834 -1.110830 -0.325245
v -0.730520 -1.115173 -0.324077
v -0.731285 -1.104586 -0.326767
v -0.732404 -1.089085 -0.330348
v -0.731567 -1.100677 -0.327720
v -0.733113 -1.079260 -0.332500
v -0.733295 -1.076728 -0.333037
v -0.737110 -1.023612 -0.344215
v -0.735358 -1.048044 -0.339114
v -0.740719 -0.972895 -0.354979
v -0.737634 -1.016243 -0.345779
v -0.741476 -0.962144 -0.357363
v -0.517665 -1.154650 -0.290547
v -0.508221 -1.023612 -0.344215
v -0.507697 -1.016243 -0.345779
v -0.512036 -1.076728 -0.333037
v -0.509972 -1.048044 -0.339114
v -0.514045 -1.104586 -0.326767
v -0.513763 -1.100677 -0.327720
v -0.512926 -1.089085 -0.330348
v -0.512218 -1.079260 -0.332500
v -0.515123 -1.119499 -0.322802
v -0.514810 -1.115173 -0.324077
v -0.514496 -1.110830 -0.325245
v -0.515821 -1.129154 -0.319336
v -0.515781 -1.128600 -0.319584
v -0.515475 -1.124365 -0.321200
v -0.515151 -1.119887 -0.322687
v -0.516349 -1.136449 -0.315724
v -0.516338 -1.136307 -0.315816
v -0.516069 -1.132584 -0.317802
v -0.516791 -1.142561 -0.311364
v -0.516609 -1.140044 -0.313382
v -0.517108 -1.146943 -0.306809
v -0.517007 -1.145558 -0.308490
v -0.516818 -1.142943 -0.311057
v -0.517381 -1.150716 -0.301078
v -0.517266 -1.149131 -0.303859
v -0.517175 -1.147875 -0.305678
v -0.517529 -1.152765 -0.296620
v -0.517409 -1.151104 -0.300397
v -0.517583 -1.153519 -0.294346
v -0.517628 -1.154136 -0.292485
v -0.504611 -0.972895 -0.354979
v -0.492183 -0.791969 -0.400473
v -0.490839 -0.771516 -0.406806
v -0.493925 -0.818161 -0.392836
v -0.493355 -0.809584 -0.395337
v -0.497770 -0.874851 -0.377745
v -0.496184 -0.851608 -0.383755
v -0.499896 -0.905655 -0.370213
v -0.499344 -0.897655 -0.372169
v -0.502859 -0.948023 -0.360494
v -0.503854 -0.962144 -0.357363
v -0.502005 -0.935891 -0.363185
v -0.495784 -0.845747 -0.385271
v -0.488316 -0.732501 -0.419873
v -0.486960 -0.711127 -0.427700
v -0.488415 -0.734039 -0.419331
v -0.486553 -0.704650 -0.426976
v -0.480940 -0.612040 -0.415932
v -0.479488 -0.586603 -0.412617
v -0.483112 -0.648504 -0.420403
v -0.483858 -0.661017 -0.421937
v -0.473250 -0.470668 -0.396461
v -0.472458 -0.454356 -0.393970
v -0.475720 -0.518508 -0.403407
v -0.477066 -0.543235 -0.406815
v -0.478171 -0.563518 -0.409609
v -0.468276 -0.363594 -0.379642
v -0.466967 -0.331422 -0.374246
v -0.470468 -0.412952 -0.387604
v -0.471597 -0.436618 -0.391261
v -0.470928 -0.422816 -0.389154
v -0.464365 -0.262369 -0.362405
v -0.462665 -0.209605 -0.353148
v -0.466769 -0.326562 -0.373431
v -0.466239 -0.313516 -0.371243
v -0.462665 0.345350 -0.353148
v -0.463570 0.370071 -0.358244
v -0.463892 0.377796 -0.359851
v -0.465635 0.419496 -0.368526
v -0.466784 0.443130 -0.373387
v -0.471605 0.532288 -0.391240
v -0.472954 0.554736 -0.395575
v -0.468130 0.470802 -0.379078
v -0.470392 0.512102 -0.387341
v -0.468057 0.469292 -0.378768
v -0.477074 0.616271 -0.406790
v -0.478765 0.640278 -0.411022
v -0.474228 0.574247 -0.399186
v -0.475676 0.596424 -0.403292
v -0.481781 0.680350 -0.417727
v -0.483113 0.697140 -0.420403
v -0.484359 0.712851 -0.422908
v -0.652191 -0.391166 -0.556658
v -0.651971 -0.378675 -0.559956
v -0.593385 -0.379554 -0.559733
v -0.651837 -0.365931 -0.563047
v -0.593578 -0.365931 -0.563047
v -0.593482 -0.372737 -0.561391
v -0.593102 -0.392876 -0.556186
v -0.652252 -0.393487 -0.555997
v -0.652957 -0.415408 -0.549528
v -0.652513 -0.403408 -0.553174
v -0.592708 -0.405890 -0.552438
v -0.593083 -0.393491 -0.556009
v -0.652419 -0.399850 -0.554187
v -0.653221 -0.420735 -0.547812
v -0.592201 -0.418100 -0.548675
v -0.592181 -0.418588 -0.548524
v -0.590638 -0.443020 -0.540322
v -0.654284 -0.438707 -0.541831
v -0.654237 -0.437965 -0.542082
v -0.653541 -0.427172 -0.545740
v -0.592062 -0.420738 -0.547821
v -0.591499 -0.430966 -0.544475
v -0.655151 -0.449325 -0.538067
v -0.658840 -0.479873 -0.526471
v -0.586708 -0.477218 -0.527531
v -0.586605 -0.477816 -0.527292
v -0.657675 -0.472015 -0.529565
v -0.588272 -0.466146 -0.531824
v -0.657217 -0.468305 -0.530982
v -0.656331 -0.461120 -0.533726
v -0.655207 -0.450020 -0.537821
v -0.590065 -0.449320 -0.538052
v -0.589875 -0.451411 -0.537298
v -0.589571 -0.454746 -0.536096
v -0.665650 -0.513531 -0.512617
v -0.582418 -0.499418 -0.518549
v -0.582292 -0.499910 -0.518343
v -0.659262 -0.482714 -0.525352
v -0.586249 -0.479873 -0.526471
v -0.584849 -0.487963 -0.523242
v -0.661114 -0.493226 -0.521100
v -0.584502 -0.489752 -0.522517
v -0.663252 -0.503564 -0.516823
v -0.661367 -0.494450 -0.520594
v -0.580012 -0.508809 -0.514619
v -0.683766 -0.563774 -0.490575
v -0.559372 -0.556828 -0.493680
v -0.555030 -0.563741 -0.490590
v -0.563839 -0.549036 -0.497147
v -0.563731 -0.549224 -0.497063
v -0.567735 -0.541484 -0.500488
v -0.571225 -0.533883 -0.503828
v -0.571002 -0.534368 -0.503615
v -0.682802 -0.561773 -0.491471
v -0.574371 -0.526102 -0.507217
v -0.678520 -0.552016 -0.495823
v -0.674686 -0.542322 -0.500118
v -0.679304 -0.553802 -0.495026
v -0.665700 -0.513738 -0.512530
v -0.578583 -0.513529 -0.512611
v -0.577469 -0.517207 -0.511047
v -0.577231 -0.517994 -0.510712
v -0.668478 -0.523762 -0.508229
v -0.666183 -0.515484 -0.511781
v -0.672088 -0.535009 -0.503332
v -0.671606 -0.533653 -0.503928
v -0.714326 -0.619044 -0.465859
v -0.529553 -0.601549 -0.473637
v -0.523806 -0.610927 -0.469456
v -0.531176 -0.599024 -0.474767
v -0.534756 -0.593666 -0.477168
v -0.541566 -0.583644 -0.481663
v -0.538182 -0.588540 -0.479465
v -0.546338 -0.576741 -0.484762
v -0.522128 -0.613911 -0.468133
v -0.553948 -0.565464 -0.489819
v -0.687667 -0.571869 -0.486949
v -0.555010 -0.563774 -0.490575
v -0.693349 -0.582726 -0.482075
v -0.688126 -0.572746 -0.486555
v -0.707881 -0.608103 -0.470713
v -0.700758 -0.595917 -0.476158
v -0.700322 -0.595171 -0.476492
v -0.735255 -0.657680 -0.449128
v -0.733255 -0.653578 -0.450864
v -0.735384 -0.658072 -0.448962
v -0.737517 -0.662595 -0.447072
v -0.504541 -0.650735 -0.452074
v -0.504538 -0.650744 -0.452070
v -0.500502 -0.661708 -0.447433
v -0.512919 -0.631423 -0.460418
v -0.508864 -0.640244 -0.456580
v -0.714949 -0.620102 -0.465389
v -0.518470 -0.620418 -0.465250
v -0.513500 -0.630159 -0.460968
v -0.519242 -0.619044 -0.465859
v -0.724641 -0.637200 -0.457907
v -0.721532 -0.631538 -0.460365
v -0.727630 -0.642645 -0.455543
v -0.737513 -0.662585 -0.447076
v -0.500213 -0.662591 -0.447067
v -0.746696 -0.684418 -0.438119
v -0.496832 -0.672905 -0.442786
v -0.496743 -0.673176 -0.442674
v -0.493250 -0.685174 -0.437804
v -0.490014 -0.697717 -0.432843
v -0.740142 -0.668298 -0.444687
v -0.744629 -0.678981 -0.440303
v -0.489701 -0.699093 -0.432316
v -0.489491 -0.700012 -0.431963
v -0.752234 -0.700009 -0.431956
v -0.748749 -0.689818 -0.435951
v -0.756915 -0.734047 -0.419350
v -0.752531 -0.700876 -0.431616
v -0.754671 -0.707879 -0.428945
v -0.757875 -0.718967 -0.424774
v -0.755995 -0.712213 -0.427291
v -0.758778 -0.704650 -0.423519
v -0.780347 -0.279853 -0.371731
v -0.779978 -0.290050 -0.373581
v -0.779320 -0.307586 -0.376590
v -0.778610 -0.325798 -0.379559
v -0.782552 -0.213360 -0.357568
v -0.782128 -0.227129 -0.360962
v -0.782665 -0.209605 -0.356575
v -0.781660 -0.241719 -0.364234
v -0.781146 -0.257091 -0.367415
v -0.780586 -0.273210 -0.370526
v -0.777030 -0.364174 -0.385395
v -0.775285 -0.403727 -0.390932
v -0.777036 -0.364037 -0.385374
v -0.773522 -0.441342 -0.395836
v -0.778383 -0.331423 -0.380433
v -0.777848 -0.344666 -0.382493
v -0.769549 -0.519660 -0.405139
v -0.767745 -0.552969 -0.408783
v -0.772774 -0.456472 -0.397687
v -0.771610 -0.480007 -0.400567
v -0.767653 -0.554603 -0.408952
v -0.772879 -0.454356 -0.397428
v -0.764943 -0.602541 -0.413912
v -0.765844 -0.586603 -0.412263
v -0.761952 -0.653108 -0.418819
v -0.761628 -0.658370 -0.419299
v -0.651837 0.345350 -0.563047
v -0.593578 0.345350 -0.563047
v -0.593542 0.369727 -0.562329
v -0.593522 0.383688 -0.561981
v -0.592780 0.954080 -0.553060
v -0.592546 1.144829 -0.551151
v -0.592511 1.157783 -0.550870
v -0.592779 1.047665 -0.553069
v -0.592705 1.086472 -0.552418
v -0.592979 0.917844 -0.554910
v -0.592862 1.004747 -0.553789
v -0.593020 0.877841 -0.555329
v -0.593062 0.836455 -0.555762
v -0.593189 0.686764 -0.557168
v -0.593129 0.759637 -0.556482
v -0.592201 1.234766 -0.548676
v -0.593220 0.650638 -0.557547
v -0.593249 0.617400 -0.557895
v -0.592270 1.221397 -0.549127
v -0.593384 0.487998 -0.559705
v -0.593378 0.492609 -0.559634
v -0.593313 0.551224 -0.558723
v -0.593460 0.427545 -0.560891
v -0.593488 0.407833 -0.561381
v -0.591523 1.326413 -0.544603
v -0.590793 1.407668 -0.541046
v -0.590422 1.434865 -0.539398
v -0.592147 1.245157 -0.548325
v -0.589885 1.464911 -0.537285
v -0.591450 1.348988 -0.544214
v -0.590989 1.393333 -0.541915
v -0.591594 1.332079 -0.544995
v -0.591975 1.278246 -0.547207
v -0.591617 1.329500 -0.545114
v -0.587128 1.562410 -0.528611
v -0.589027 1.501977 -0.534211
v -0.588264 1.530524 -0.531824
v -0.589732 1.473429 -0.536685
v -0.586601 1.573846 -0.527300
v -0.589728 1.473693 -0.536667
v -0.588976 1.506223 -0.534042
v -0.582283 1.559657 -0.518356
v -0.582863 1.563836 -0.519345
v -0.586320 1.579928 -0.526603
v -0.584602 1.576348 -0.522724
v -0.586017 1.586505 -0.525849
v -0.578784 1.534374 -0.512823
v -0.577460 1.524760 -0.511060
v -0.580963 1.550137 -0.516103
v -0.573692 1.497318 -0.506448
v -0.572540 1.488876 -0.505238
v -0.576393 1.517014 -0.509640
v -0.567140 1.449139 -0.499954
v -0.563721 1.423726 -0.497073
v -0.571000 1.477588 -0.503619
v -0.570630 1.474880 -0.503230
v -0.558410 1.383894 -0.492971
v -0.555018 1.358083 -0.490594
v -0.563121 1.419263 -0.496567
v -0.551642 1.332242 -0.488271
v -0.545353 1.283482 -0.484123
v -0.552708 1.340507 -0.488974
v -0.537066 1.217521 -0.478732
v -0.534752 1.198603 -0.477177
v -0.541554 1.253248 -0.481652
v -0.534020 1.192627 -0.476685
v -0.531606 1.172890 -0.475063
v -0.526349 1.128889 -0.471345
v -0.522121 1.092591 -0.468146
v -0.521289 1.085444 -0.467516
v -0.518989 1.065154 -0.465634
v -0.516421 1.042493 -0.463532
v -0.512918 1.010656 -0.460404
v -0.507255 0.957876 -0.454954
v -0.506101 0.946668 -0.453706
v -0.511744 0.999986 -0.459355
v -0.504550 0.931617 -0.452029
v -0.498839 0.874694 -0.445384
v -0.496843 0.853791 -0.442739
v -0.502954 0.916124 -0.450304
v -0.491169 0.792662 -0.434668
v -0.489710 0.775960 -0.432277
v -0.495064 0.835152 -0.440380
v -0.494911 0.833551 -0.440177
v -0.487616 0.751995 -0.428846
v -0.487051 0.745350 -0.427861
v -0.588112 1.535720 -0.531349
v -0.621858 1.839692 -0.414304
v -0.623472 1.839692 -0.414304
v -0.623336 1.840647 -0.411866
v -0.621994 1.840647 -0.411866
v -0.622998 1.843021 -0.405273
v -0.622665 1.845350 -0.398442
v -0.622333 1.843021 -0.405273
v -0.621160 1.834798 -0.425751
v -0.624171 1.834798 -0.425751
v -0.624072 1.835489 -0.424343
v -0.623692 1.838156 -0.418223
v -0.621259 1.835489 -0.424343
v -0.621639 1.838156 -0.418223
v -0.620847 1.832601 -0.430228
v -0.624484 1.832601 -0.430228
v -0.620398 1.829456 -0.435879
v -0.624933 1.829456 -0.435879
v -0.620396 1.829440 -0.435904
v -0.624935 1.829440 -0.435904
v -0.625422 1.826024 -0.441299
v -0.619607 1.823913 -0.444312
v -0.625723 1.823913 -0.444312
v -0.619908 1.826024 -0.441299
v -0.625798 1.823390 -0.444986
v -0.626298 1.819886 -0.449500
v -0.619533 1.823390 -0.444986
v -0.618551 1.816507 -0.453328
v -0.626779 1.816507 -0.453328
v -0.619033 1.819886 -0.449500
v -0.617744 1.810851 -0.459115
v -0.627586 1.810851 -0.459115
v -0.626917 1.815539 -0.454425
v -0.617296 1.807709 -0.461900
v -0.628034 1.807709 -0.461900
v -0.618413 1.815539 -0.454425
v -0.617024 1.805800 -0.463592
v -0.628306 1.805800 -0.463592
v -0.615882 1.797789 -0.469683
v -0.629448 1.797789 -0.469683
v -0.629081 1.800365 -0.467875
v -0.616249 1.800365 -0.467875
v -0.630836 1.788051 -0.476032
v -0.629928 1.794428 -0.472041
v -0.615403 1.794428 -0.472041
v -0.614494 1.788051 -0.476032
v -0.614229 1.786189 -0.477073
v -0.631102 1.786189 -0.477073
v -0.612325 1.772822 -0.484026
v -0.633013 1.772769 -0.484049
v -0.633006 1.772822 -0.484026
v -0.613506 1.781117 -0.479908
v -0.631824 1.781117 -0.479908
v -0.635233 1.757174 -0.490553
v -0.634276 1.763903 -0.487939
v -0.611055 1.763903 -0.487939
v -0.612317 1.772769 -0.484049
v -0.635648 1.754256 -0.491687
v -0.610098 1.757174 -0.490553
v -0.637142 1.743756 -0.495318
v -0.609682 1.754256 -0.491687
v -0.608189 1.743756 -0.495318
v -0.607525 1.739084 -0.496799
v -0.637806 1.739084 -0.496799
v -0.639795 1.725075 -0.500913
v -0.638037 1.737453 -0.497316
v -0.607293 1.737453 -0.497316
v -0.605535 1.725074 -0.500914
v -0.640884 1.717399 -0.502911
v -0.643902 1.696108 -0.508038
v -0.641746 1.711329 -0.504490
v -0.603585 1.711327 -0.504491
v -0.601428 1.696105 -0.508039
v -0.644556 1.691484 -0.509003
v -0.604446 1.717399 -0.502911
v -0.648643 1.662563 -0.514655
v -0.646280 1.679302 -0.511546
v -0.599050 1.679298 -0.511547
v -0.596688 1.662563 -0.514655
v -0.649166 1.658853 -0.515344
v -0.600774 1.691484 -0.509003
v -0.649167 1.658850 -0.515345
v -0.596164 1.658853 -0.515344
v -0.652249 1.636959 -0.518946
v -0.596158 1.658812 -0.515351
v -0.593071 1.636883 -0.518957
v -0.591050 1.622477 -0.521059
v -0.654281 1.622477 -0.521059
v -0.589787 1.613478 -0.522371
v -0.655527 1.613596 -0.522355
v -0.659127 1.587842 -0.525687
v -0.658779 1.579927 -0.526599
v -0.657089 1.536259 -0.531297
v -0.656927 1.530524 -0.531822
v -0.657203 1.539454 -0.530968
v -0.658049 1.563296 -0.528514
v -0.656244 1.506509 -0.534018
v -0.655507 1.473428 -0.536672
v -0.654460 1.407668 -0.541044
v -0.654778 1.431792 -0.539598
v -0.655440 1.470412 -0.536914
v -0.653810 1.348622 -0.544231
v -0.654233 1.390379 -0.542079
v -0.653683 1.332078 -0.544956
v -0.654235 1.390549 -0.542070
v -0.653431 1.299364 -0.546390
v -0.653122 1.245159 -0.548370
v -0.652867 1.184117 -0.550195
v -0.652750 1.144829 -0.551134
v -0.653120 1.244862 -0.548381
v -0.652522 1.047665 -0.553097
v -0.652665 1.116120 -0.551820
v -0.652376 0.949676 -0.554531
v -0.652302 0.877841 -0.555336
v -0.652504 1.039005 -0.553258
v -0.652412 0.974438 -0.554178
v -0.652226 0.787888 -0.556221
v -0.652290 0.866344 -0.555465
v -0.652171 0.713586 -0.556911
v -0.652124 0.650638 -0.557538
v -0.652065 0.575595 -0.558399
v -0.652119 0.642941 -0.557615
v -0.652008 0.511283 -0.559317
v -0.651989 0.492610 -0.559653
v -0.651947 0.449807 -0.560421
v -0.651885 0.391016 -0.561759
v -0.651877 0.383687 -0.561966
v -0.688126 1.374750 -0.486555
v -0.692582 1.340820 -0.482713
v -0.687599 1.378769 -0.487010
v -0.683925 1.406429 -0.490392
v -0.680358 1.433060 -0.493905
v -0.676902 1.458661 -0.497583
v -0.679304 1.440869 -0.495027
v -0.674254 1.478161 -0.500631
v -0.672791 1.488876 -0.502448
v -0.703364 1.256763 -0.474143
v -0.709005 1.211532 -0.469866
v -0.697887 1.299828 -0.478404
v -0.700768 1.277179 -0.476163
v -0.693692 1.332242 -0.481811
v -0.721737 1.105374 -0.460205
v -0.724638 1.079886 -0.457891
v -0.720716 1.114133 -0.460995
v -0.714794 1.164029 -0.465507
v -0.711308 1.192627 -0.468131
v -0.736838 0.969618 -0.447722
v -0.737518 0.963032 -0.447083
v -0.729715 1.035262 -0.453840
v -0.726314 1.065151 -0.456553
v -0.748942 0.849226 -0.435739
v -0.746685 0.872313 -0.438096
v -0.739206 0.946665 -0.445493
v -0.743214 0.907819 -0.441721
v -0.754675 0.786744 -0.428949
v -0.758279 0.745350 -0.424216
v -0.750241 0.835149 -0.434218
v -0.754100 0.793342 -0.429703
v -0.671750 1.496506 -0.503742
v -0.672083 1.494066 -0.503328
v -0.669327 1.514179 -0.507011
v -0.665524 1.541778 -0.512821
v -0.666176 1.537054 -0.511774
v -0.666989 1.531164 -0.510468
v -0.663815 1.554121 -0.515785
v -0.662172 1.565965 -0.518912
v -0.660597 1.577292 -0.522228
v -0.661371 1.571727 -0.520598
v -0.760972 0.712851 -0.420320
v -0.781665 0.372573 -0.364202
v -0.781456 0.377796 -0.365471
v -0.780962 0.390182 -0.368479
v -0.782223 0.357723 -0.360238
v -0.782665 0.345350 -0.356575
v -0.777453 0.465912 -0.383922
v -0.777272 0.469292 -0.384518
v -0.778877 0.437158 -0.378476
v -0.780084 0.410787 -0.373070
v -0.780341 0.404746 -0.371724
v -0.775799 0.496862 -0.389382
v -0.774989 0.511229 -0.391799
v -0.777020 0.474016 -0.385351
v -0.772857 0.547019 -0.397542
v -0.772787 0.548113 -0.397707
v -0.770450 0.584558 -0.403199
v -0.769704 0.595685 -0.404812
v -0.771112 0.574247 -0.401645
v -0.767634 0.625188 -0.408925
v -0.766824 0.636739 -0.410535
v -0.763550 0.680350 -0.416262
v -0.653638 1.317769 -0.545180
v -0.656315 1.506441 -0.533777
v -0.657059 1.534989 -0.531391
v -0.761624 0.704625 -0.419293
v -0.756703 -0.737370 -0.028135
v -0.756708 -0.737293 -0.028135
v -0.756717 -0.737150 -0.028135
v -0.756503 -0.740486 -0.028135
v -0.756305 -0.743566 -0.028135
v -0.756091 -0.746894 -0.028135
v -0.755881 -0.750149 -0.028135
v -0.755358 -0.758221 -0.028135
v -0.754614 -0.769650 -0.028135
v -0.755492 -0.756157 -0.028135
v -0.755681 -0.753248 -0.028135
v -0.489972 -0.758221 -0.028135
v -0.489838 -0.756157 -0.028135
v -0.489650 -0.753248 -0.028135
v -0.489450 -0.750149 -0.028135
v -0.488628 -0.737370 -0.028135
v -0.488828 -0.740486 -0.028135
v -0.488623 -0.737293 -0.028135
v -0.488614 -0.737150 -0.028135
v -0.489025 -0.743566 -0.028135
v -0.489240 -0.746894 -0.028135
v -0.490716 -0.769650 -0.028135
v -0.754257 -0.774905 -0.028135
v -0.754285 -0.774509 -0.028135
v -0.741508 -0.961728 -0.028135
v -0.754351 -0.773546 -0.028135
v -0.754369 -0.773297 -0.028135
v -0.754417 -0.772601 -0.028135
v -0.754464 -0.771911 -0.028135
v -0.754475 -0.771741 -0.028135
v -0.754528 -0.770956 -0.028135
v -0.754544 -0.770718 -0.028135
v -0.754576 -0.770239 -0.028135
v -0.754611 -0.769699 -0.028135
v -0.740968 -0.969271 -0.028135
v -0.740973 -0.969202 -0.028135
v -0.740978 -0.969132 -0.028135
v -0.740995 -0.968896 -0.028135
v -0.740997 -0.968866 -0.028135
v -0.740984 -0.969048 -0.028135
v -0.741006 -0.968744 -0.028135
v -0.741012 -0.968659 -0.028135
v -0.741016 -0.968601 -0.028135
v -0.741022 -0.968515 -0.028135
v -0.741033 -0.968369 -0.028135
v -0.741034 -0.968350 -0.028135
v -0.741043 -0.968221 -0.028135
v -0.741055 -0.968052 -0.028135
v -0.741056 -0.968045 -0.028135
v -0.741068 -0.967880 -0.028135
v -0.741078 -0.967736 -0.028135
v -0.741080 -0.967713 -0.028135
v -0.741092 -0.967543 -0.028135
v -0.741105 -0.967368 -0.028135
v -0.741106 -0.967353 -0.028135
v -0.741118 -0.967189 -0.028135
v -0.741129 -0.967027 -0.028135
v -0.741146 -0.966799 -0.028135
v -0.741156 -0.966657 -0.028135
v -0.741186 -0.966245 -0.028135
v -0.741211 -0.965902 -0.028135
v -0.741217 -0.965814 -0.028135
v -0.741287 -0.964843 -0.028135
v -0.741344 -0.964046 -0.028135
v -0.741361 -0.963810 -0.028135
v -0.741456 -0.962466 -0.028135
v -0.741479 -0.962144 -0.028135
v -0.727665 -1.154650 -0.028135
v -0.525440 -1.154650 -0.028135
v -0.517665 -1.154650 -0.028135
v -0.503987 -0.964046 -0.028135
v -0.503970 -0.963810 -0.028135
v -0.504114 -0.965814 -0.028135
v -0.504044 -0.964843 -0.028135
v -0.504185 -0.966799 -0.028135
v -0.504174 -0.966657 -0.028135
v -0.504145 -0.966245 -0.028135
v -0.504120 -0.965902 -0.028135
v -0.504225 -0.967353 -0.028135
v -0.504213 -0.967189 -0.028135
v -0.504201 -0.967027 -0.028135
v -0.504252 -0.967736 -0.028135
v -0.504251 -0.967713 -0.028135
v -0.504238 -0.967543 -0.028135
v -0.504226 -0.967368 -0.028135
v -0.504275 -0.968052 -0.028135
v -0.504275 -0.968045 -0.028135
v -0.504263 -0.967880 -0.028135
v -0.504297 -0.968350 -0.028135
v -0.504287 -0.968221 -0.028135
v -0.504315 -0.968601 -0.028135
v -0.504309 -0.968515 -0.028135
v -0.504298 -0.968369 -0.028135
v -0.504334 -0.968866 -0.028135
v -0.504325 -0.968744 -0.028135
v -0.504319 -0.968659 -0.028135
v -0.504347 -0.969048 -0.028135
v -0.504336 -0.968896 -0.028135
v -0.504353 -0.969132 -0.028135
v -0.504363 -0.969271 -0.028135
v -0.504358 -0.969202 -0.028135
v -0.503874 -0.962466 -0.028135
v -0.490755 -0.770239 -0.028135
v -0.490719 -0.769699 -0.028135
v -0.490802 -0.770956 -0.028135
v -0.490787 -0.770718 -0.028135
v -0.490914 -0.772601 -0.028135
v -0.490867 -0.771911 -0.028135
v -0.490979 -0.773546 -0.028135
v -0.490962 -0.773297 -0.028135
v -0.491074 -0.774905 -0.028135
v -0.503822 -0.961728 -0.028135
v -0.503852 -0.962144 -0.028135
v -0.491046 -0.774509 -0.028135
v -0.490855 -0.771741 -0.028135
v -0.488386 -0.733589 -0.028135
v -0.488395 -0.733736 -0.028135
v -0.488397 -0.733769 -0.028135
v -0.488396 -0.733747 -0.028135
v -0.487958 -0.726875 -0.028135
v -0.488168 -0.730182 -0.028135
v -0.488383 -0.733544 -0.028135
v -0.487561 -0.720625 -0.028135
v -0.487754 -0.723674 -0.028135
v -0.486553 -0.704650 -0.028135
v -0.487274 -0.716094 -0.028135
v -0.487383 -0.717817 -0.028135
v -0.486372 -0.701632 -0.028135
v -0.486411 -0.702302 -0.028135
v -0.486467 -0.703243 -0.028135
v -0.486486 -0.703560 -0.028135
v -0.479284 -0.583055 -0.028135
v -0.479306 -0.583513 -0.028135
v -0.479374 -0.584821 -0.028135
v -0.479410 -0.585479 -0.028135
v -0.479473 -0.586604 -0.028135
v -0.479439 -0.586009 -0.028135
v -0.472286 -0.450875 -0.028135
v -0.472325 -0.451825 -0.028135
v -0.472387 -0.453227 -0.028135
v -0.472418 -0.453878 -0.028135
v -0.472400 -0.453500 -0.028135
v -0.472441 -0.454357 -0.028135
v -0.466816 -0.327755 -0.028135
v -0.466869 -0.329400 -0.028135
v -0.466940 -0.331285 -0.028135
v -0.466924 -0.330911 -0.028135
v -0.466945 -0.331423 -0.028135
v -0.462665 -0.209605 -0.028135
v -0.462665 0.328643 -0.028135
v -0.462665 0.345350 -0.028135
v -0.463834 0.376820 -0.028135
v -0.463861 0.377567 -0.028135
v -0.467929 0.466592 -0.028135
v -0.463871 0.377797 -0.028135
v -0.467982 0.467859 -0.028135
v -0.468016 0.468549 -0.028135
v -0.474132 0.573114 -0.028135
v -0.474168 0.573727 -0.028135
v -0.474032 0.571358 -0.028135
v -0.474098 0.572550 -0.028135
v -0.474030 0.571313 -0.028135
v -0.468052 0.469292 -0.028135
v -0.481659 0.678687 -0.028135
v -0.481703 0.679321 -0.028135
v -0.481581 0.677541 -0.028135
v -0.474203 0.574248 -0.028135
v -0.481621 0.678152 -0.028135
v -0.481781 0.680350 -0.028135
v -0.482675 0.691787 -0.028135
v -0.482838 0.693851 -0.028135
v -0.483068 0.696760 -0.028135
v -0.483315 0.699858 -0.028135
v -0.484342 0.712636 -0.028135
v -0.484090 0.709520 -0.028135
v -0.484351 0.712747 -0.028135
v -0.484359 0.712850 -0.028135
v -0.483842 0.706440 -0.028135
v -0.483575 0.703112 -0.028135
v -0.758057 -0.716092 -0.028135
v -0.757948 -0.717814 -0.028135
v -0.757770 -0.720623 -0.028135
v -0.757577 -0.723672 -0.028135
v -0.757373 -0.726874 -0.028135
v -0.757162 -0.730180 -0.028135
v -0.756948 -0.733543 -0.028135
v -0.756933 -0.733769 -0.028135
v -0.756935 -0.733747 -0.028135
v -0.756941 -0.733642 -0.028135
v -0.758778 -0.704650 -0.028135
v -0.778442 -0.329952 -0.028135
v -0.778431 -0.330249 -0.028135
v -0.778412 -0.330752 -0.028135
v -0.778392 -0.331266 -0.028135
v -0.778510 -0.327915 -0.028135
v -0.778496 -0.328354 -0.028135
v -0.782665 -0.209605 -0.028135
v -0.778514 -0.327792 -0.028135
v -0.778481 -0.328809 -0.028135
v -0.778466 -0.329276 -0.028135
v -0.778449 -0.329757 -0.028135
v -0.773003 -0.451880 -0.028135
v -0.772954 -0.452987 -0.028135
v -0.773003 -0.451876 -0.028135
v -0.772906 -0.454009 -0.028135
v -0.778386 -0.331423 -0.028135
v -0.773043 -0.450935 -0.028135
v -0.773027 -0.451321 -0.028135
v -0.765954 -0.584859 -0.028135
v -0.765907 -0.585736 -0.028135
v -0.772856 -0.455034 -0.028135
v -0.772887 -0.454413 -0.028135
v -0.766010 -0.583793 -0.028135
v -0.765905 -0.585778 -0.028135
v -0.772889 -0.454357 -0.028135
v -0.765835 -0.587010 -0.028135
v -0.758935 -0.702048 -0.028135
v -0.765858 -0.586604 -0.028135
v -0.758857 -0.703353 -0.028135
v -0.758849 -0.703487 -0.028135
v -0.484634 0.716232 -0.028135
v -0.485198 0.723124 -0.028135
v -0.484927 0.719818 -0.028135
v -0.484652 0.716455 -0.028135
v -0.485462 0.726326 -0.028135
v -0.485714 0.729374 -0.028135
v -0.487051 0.745350 -0.028135
v -0.486090 0.733905 -0.028135
v -0.485947 0.732182 -0.028135
v -0.494930 0.833710 -0.028135
v -0.494966 0.834123 -0.028135
v -0.495057 0.835114 -0.028135
v -0.494863 0.832941 -0.028135
v -0.494878 0.833110 -0.028135
v -0.505866 0.944463 -0.028135
v -0.505915 0.944970 -0.028135
v -0.506013 0.945956 -0.028135
v -0.505823 0.944005 -0.028135
v -0.495061 0.835152 -0.028135
v -0.506050 0.946319 -0.028135
v -0.518834 1.063913 -0.028135
v -0.518914 1.064643 -0.028135
v -0.518702 1.062679 -0.028135
v -0.506113 0.946928 -0.028135
v -0.506086 0.946669 -0.028135
v -0.518807 1.063666 -0.028135
v -0.533739 1.190387 -0.028135
v -0.533835 1.191211 -0.028135
v -0.533952 1.192193 -0.028135
v -0.519043 1.065771 -0.028135
v -0.519024 1.065611 -0.028135
v -0.518973 1.065156 -0.028135
v -0.551313 1.329731 -0.028135
v -0.534072 1.193174 -0.028135
v -0.534022 1.192760 -0.028135
v -0.551412 1.330524 -0.028135
v -0.534006 1.192629 -0.028135
v -0.551496 1.331187 -0.028135
v -0.572498 1.488585 -0.028135
v -0.572506 1.488642 -0.028135
v -0.572339 1.487409 -0.028135
v -0.572352 1.487504 -0.028135
v -0.572164 1.486084 -0.028135
v -0.551704 1.332794 -0.028135
v -0.551655 1.332420 -0.028135
v -0.551632 1.332243 -0.028135
v -0.572238 1.486646 -0.028135
v -0.572425 1.488044 -0.028135
v -0.596615 1.662046 -0.028135
v -0.596677 1.662488 -0.028135
v -0.596574 1.661760 -0.028135
v -0.596446 1.660840 -0.028135
v -0.596475 1.661052 -0.028135
v -0.596549 1.661582 -0.028135
v -0.596677 1.662488 -0.028135
v -0.596369 1.660286 -0.028135
v -0.596397 1.660488 -0.028135
v -0.596271 1.659577 -0.028135
v -0.596294 1.659744 -0.028135
v -0.596212 1.659150 -0.028135
v -0.572562 1.489051 -0.028135
v -0.572538 1.488876 -0.028135
v -0.596322 1.659950 -0.028135
v -0.596409 1.660577 -0.028135
v -0.597356 1.667265 -0.028135
v -0.597376 1.667411 -0.028135
v -0.597328 1.667073 -0.028135
v -0.597336 1.667125 -0.028135
v -0.597293 1.666825 -0.028135
v -0.597298 1.666857 -0.028135
v -0.597316 1.666990 -0.028135
v -0.597260 1.666592 -0.028135
v -0.597260 1.666593 -0.028135
v -0.597279 1.666725 -0.028135
v -0.597227 1.666364 -0.028135
v -0.597230 1.666382 -0.028135
v -0.597241 1.666460 -0.028135
v -0.597194 1.666131 -0.028135
v -0.597210 1.666242 -0.028135
v -0.597169 1.665955 -0.028135
v -0.597190 1.666100 -0.028135
v -0.597156 1.665863 -0.028135
v -0.597126 1.665654 -0.028135
v -0.597148 1.665807 -0.028135
v -0.597116 1.665584 -0.028135
v -0.597080 1.665328 -0.028135
v -0.597103 1.665494 -0.028135
v -0.597073 1.665281 -0.028135
v -0.597055 1.665153 -0.028135
v -0.597026 1.664951 -0.028135
v -0.597026 1.664949 -0.028135
v -0.596996 1.664739 -0.028135
v -0.596974 1.664584 -0.028135
v -0.596964 1.664517 -0.028135
v -0.596931 1.664280 -0.028135
v -0.596916 1.664176 -0.028135
v -0.596849 1.663705 -0.028135
v -0.596872 1.663870 -0.028135
v -0.596911 1.664140 -0.028135
v -0.596785 1.663254 -0.028135
v -0.596830 1.663575 -0.028135
v -0.596771 1.663158 -0.028135
v -0.596687 1.662564 -0.028135
v -0.596736 1.662906 -0.028135
v -0.622665 1.845350 -0.028135
v -0.673222 1.485662 -0.028135
v -0.673123 1.486419 -0.028135
v -0.673111 1.486507 -0.028135
v -0.693675 1.332429 -0.028135
v -0.673031 1.487115 -0.028135
v -0.672953 1.487693 -0.028135
v -0.672931 1.487861 -0.028135
v -0.672879 1.488240 -0.028135
v -0.672823 1.488652 -0.028135
v -0.672793 1.488876 -0.028135
v -0.694041 1.329548 -0.028135
v -0.693913 1.330573 -0.028135
v -0.711273 1.193051 -0.028135
v -0.693855 1.331030 -0.028135
v -0.693791 1.331532 -0.028135
v -0.693699 1.332243 -0.028135
v -0.711631 1.190043 -0.028135
v -0.711563 1.190638 -0.028135
v -0.711539 1.190841 -0.028135
v -0.726319 1.065494 -0.028135
v -0.711403 1.191984 -0.028135
v -0.711325 1.192629 -0.028135
v -0.726621 1.062754 -0.028135
v -0.726604 1.062913 -0.028135
v -0.726436 1.064464 -0.028135
v -0.726357 1.065156 -0.028135
v -0.739204 0.947054 -0.028135
v -0.739479 0.944316 -0.028135
v -0.750238 0.835492 -0.028135
v -0.739423 0.944884 -0.028135
v -0.739244 0.946669 -0.028135
v -0.739339 0.945744 -0.028135
v -0.750469 0.832921 -0.028135
v -0.750378 0.833963 -0.028135
v -0.750269 0.835152 -0.028135
v -0.750364 0.834127 -0.028135
v -0.648595 1.662906 -0.028135
v -0.648559 1.663158 -0.028135
v -0.648500 1.663575 -0.028135
v -0.648482 1.663705 -0.028135
v -0.648546 1.663254 -0.028135
v -0.648420 1.664140 -0.028135
v -0.648458 1.663870 -0.028135
v -0.648415 1.664176 -0.028135
v -0.648357 1.664584 -0.028135
v -0.648366 1.664517 -0.028135
v -0.648400 1.664280 -0.028135
v -0.648305 1.664949 -0.028135
v -0.648335 1.664739 -0.028135
v -0.648258 1.665281 -0.028135
v -0.648276 1.665153 -0.028135
v -0.648305 1.664951 -0.028135
v -0.648227 1.665494 -0.028135
v -0.648214 1.665584 -0.028135
v -0.648251 1.665328 -0.028135
v -0.648183 1.665807 -0.028135
v -0.648175 1.665863 -0.028135
v -0.648204 1.665654 -0.028135
v -0.648141 1.666100 -0.028135
v -0.648136 1.666131 -0.028135
v -0.648162 1.665955 -0.028135
v -0.648121 1.666242 -0.028135
v -0.648103 1.666364 -0.028135
v -0.648101 1.666382 -0.028135
v -0.648090 1.666460 -0.028135
v -0.648071 1.666592 -0.028135
v -0.648071 1.666593 -0.028135
v -0.648052 1.666725 -0.028135
v -0.648038 1.666825 -0.028135
v -0.648033 1.666857 -0.028135
v -0.648014 1.666990 -0.028135
v -0.648002 1.667073 -0.028135
v -0.647995 1.667125 -0.028135
v -0.647975 1.667265 -0.028135
v -0.647954 1.667411 -0.028135
v -0.649130 1.659061 -0.028135
v -0.649123 1.659114 -0.028135
v -0.672778 1.488984 -0.028135
v -0.649070 1.659502 -0.028135
v -0.649001 1.659999 -0.028135
v -0.648987 1.660101 -0.028135
v -0.649019 1.659872 -0.028135
v -0.648951 1.660366 -0.028135
v -0.648916 1.660618 -0.028135
v -0.648899 1.660740 -0.028135
v -0.648882 1.660857 -0.028135
v -0.648851 1.661079 -0.028135
v -0.648781 1.661584 -0.028135
v -0.648756 1.661760 -0.028135
v -0.648654 1.662488 -0.028135
v -0.648654 1.662488 -0.028135
v -0.648716 1.662048 -0.028135
v -0.648643 1.662564 -0.028135
v -0.758279 0.745350 -0.028135
v -0.759240 0.733908 -0.028135
v -0.759383 0.732185 -0.028135
v -0.759617 0.729377 -0.028135
v -0.760404 0.719819 -0.028135
v -0.760678 0.716457 -0.028135
v -0.760697 0.716232 -0.028135
v -0.760972 0.712850 -0.028135
v -0.760132 0.723126 -0.028135
v -0.759869 0.726328 -0.028135
v -0.760989 0.712635 -0.028135
v -0.760976 0.712796 -0.028135
v -0.761489 0.706439 -0.028135
v -0.761241 0.709519 -0.028135
v -0.761756 0.703111 -0.028135
v -0.762016 0.699857 -0.028135
v -0.762656 0.691786 -0.028135
v -0.763550 0.680350 -0.028135
v -0.762493 0.693850 -0.028135
v -0.762262 0.696759 -0.028135
v -0.763749 0.677559 -0.028135
v -0.763731 0.677841 -0.028135
v -0.763710 0.678141 -0.028135
v -0.763655 0.678926 -0.028135
v -0.763634 0.679229 -0.028135
v -0.771298 0.571359 -0.028135
v -0.771290 0.571495 -0.028135
v -0.771256 0.572146 -0.028135
v -0.771233 0.572547 -0.028135
v -0.771175 0.573524 -0.028135
v -0.771173 0.573554 -0.028135
v -0.771128 0.574248 -0.028135
v -0.777400 0.466635 -0.028135
v -0.777385 0.467015 -0.028135
v -0.777366 0.467451 -0.028135
v -0.777358 0.467630 -0.028135
v -0.777323 0.468393 -0.028135
v -0.777283 0.469199 -0.028135
v -0.777278 0.469292 -0.028135
v -0.781496 0.376830 -0.028135
v -0.781483 0.377205 -0.028135
v -0.781466 0.377644 -0.028135
v -0.781460 0.377797 -0.028135
v -0.782665 0.345350 -0.028135
v -0.782665 0.328812 -0.028135
vn -0.6963 -0.2578 -0.6699
vn -0.9979 -0.0645 -0.0000
vn -0.7002 -0.2652 -0.6628
vn -0.9979 -0.0640 -0.0000
vn -0.3650 -0.3283 -0.8712
vn -0.9979 -0.0642 -0.0000
vn -0.9979 -0.0643 -0.0000
vn -0.9979 -0.0650 -0.0000
vn -0.9979 -0.0648 -0.0000
vn -0.9979 -0.0646 -0.0000
vn 0.9979 -0.0648 -0.0000
vn 0.5088 -0.2900 -0.8106
vn 0.9979 -0.0647 -0.0000
vn 0.9979 -0.0646 -0.0000
vn 0.9979 -0.0644 -0.0000
vn 0.9979 -0.0641 -0.0000
vn 0.9980 -0.0640 -0.0000
vn 0.9979 -0.0643 -0.0000
vn 0.7002 -0.2652 -0.6629
vn 0.9979 -0.0642 -0.0000
vn 0.9979 -0.0650 -0.0000
vn -0.7015 -0.2044 -0.6827
vn -0.9976 -0.0696 0.0008
vn -0.9976 -0.0698 0.0009
vn -0.4990 -0.2207 -0.8380
vn -0.9977 -0.0681 0.0001
vn -0.7014 -0.2112 -0.6807
vn -0.9976 -0.0689 0.0006
vn -0.7014 -0.2190 -0.6783
vn -0.9976 -0.0686 0.0005
vn -0.9977 -0.0682 0.0004
vn -0.6999 -0.2149 -0.6811
vn -0.7012 -0.2277 -0.6756
vn -0.9977 -0.0682 0.0003
vn -0.9977 -0.0678 0.0002
vn -0.6996 -0.2233 -0.6787
vn -0.7011 -0.2374 -0.6724
vn -0.9978 -0.0669 0.0001
vn -0.6991 -0.2426 -0.6726
vn -0.9978 -0.0666 0.0001
vn -0.3904 -0.2890 -0.8741
vn -0.9978 -0.0665 -0.0000
vn -0.5052 -0.2854 -0.8144
vn -0.9979 -0.0649 -0.0000
vn -0.9978 -0.0656 -0.0000
vn -0.8489 -0.5147 -0.1203
vn -0.9975 -0.0710 -0.0000
vn -0.6752 -0.7107 -0.1976
vn -0.9975 -0.0712 0.0001
vn -0.6821 -0.6987 -0.2158
vn -0.6842 -0.6454 -0.3396
vn -0.9976 -0.0695 -0.0002
vn -0.9975 -0.0710 0.0001
vn -0.6717 -0.6710 -0.3139
vn -0.9975 -0.0713 0.0001
vn -0.6762 -0.6048 -0.4206
vn -0.9974 -0.0723 0.0003
vn -0.9974 -0.0719 0.0001
vn -0.6865 -0.5807 -0.4376
vn -0.6748 -0.6378 -0.3713
vn -0.6776 -0.5142 -0.5257
vn -0.9974 -0.0720 0.0003
vn -0.9975 -0.0702 0.0003
vn -0.6900 -0.4825 -0.5395
vn -0.9975 -0.0708 0.0002
vn -0.6753 -0.5646 -0.4744
vn -0.6716 -0.6975 -0.2498
vn -0.6918 -0.4289 -0.5809
vn -0.9974 -0.0722 0.0002
vn -0.9978 -0.0658 -0.0006
vn -0.6865 -0.3585 -0.6326
vn -0.9976 -0.0687 -0.0001
vn -0.9974 -0.0717 0.0004
vn -0.6952 -0.3347 -0.6361
vn -0.9973 -0.0738 0.0007
vn -0.6918 -0.2861 -0.6630
vn -0.9974 -0.0726 0.0005
vn -0.9974 -0.0719 0.0003
vn -0.6941 -0.2600 -0.6713
vn -0.9976 -0.0696 0.0005
vn -0.6983 -0.2484 -0.6714
vn -0.9975 -0.0708 0.0004
vn -0.6894 -0.3181 -0.6508
vn -0.6964 -0.2245 -0.6816
vn -0.9974 -0.0721 0.0003
vn -0.6993 -0.2167 -0.6811
vn -0.9974 -0.0721 0.0004
vn -0.6991 -0.2031 -0.6856
vn -0.9974 -0.0719 0.0002
vn -0.6993 -0.1982 -0.6868
vn -0.9974 -0.0716 0.0001
vn -0.7001 -0.1959 -0.6867
vn -0.6978 -0.2111 -0.6845
vn -0.8791 -0.1582 -0.4496
vn -0.9975 -0.0708 -0.0000
vn -0.8822 -0.1573 -0.4438
vn -0.6958 -0.2406 -0.6767
vn -0.6799 -0.4607 -0.5706
vn -0.7002 -0.1956 -0.6867
vn -0.4025 -0.2216 -0.8882
vn -0.9975 -0.0706 -0.0000
vn -0.9975 -0.0703 -0.0000
vn -0.9974 -0.0716 -0.0000
vn -0.9974 -0.0718 0.0003
vn -0.9975 -0.0701 -0.0000
vn -0.0000 -1.0000 -0.0000
vn 0.7002 -0.1956 -0.6867
vn 0.9975 -0.0710 -0.0000
vn 0.7129 -0.1929 -0.6742
vn 0.6999 -0.1947 -0.6872
vn 0.9974 -0.0716 0.0001
vn 0.7001 -0.1958 -0.6866
vn 0.6978 -0.2111 -0.6845
vn 0.9974 -0.0725 0.0004
vn 0.6994 -0.2166 -0.6811
vn 0.6991 -0.2031 -0.6856
vn 0.9974 -0.0722 0.0003
vn 0.6993 -0.1983 -0.6868
vn 0.9974 -0.0721 0.0002
vn 0.6957 -0.2405 -0.6769
vn 0.9974 -0.0727 0.0004
vn 0.6979 -0.2489 -0.6716
vn 0.6964 -0.2248 -0.6815
vn 0.9974 -0.0716 0.0003
vn 0.6896 -0.3184 -0.6505
vn 0.9973 -0.0738 0.0007
vn 0.6950 -0.3351 -0.6362
vn 0.6919 -0.2856 -0.6631
vn 0.9973 -0.0730 0.0005
vn 0.6935 -0.2597 -0.6720
vn 0.9974 -0.0717 0.0003
vn 0.6830 -0.4063 -0.6069
vn 0.9971 -0.0758 0.0003
vn 0.6920 -0.4284 -0.5811
vn 0.6864 -0.3580 -0.6330
vn 0.9973 -0.0738 0.0003
vn 0.9974 -0.0717 0.0004
vn 0.9973 -0.0738 0.0005
vn 0.9974 -0.0719 0.0003
vn 0.9974 -0.0717 0.0001
vn 0.6799 -0.4607 -0.5705
vn 0.9974 -0.0725 0.0002
vn 0.6897 -0.4830 -0.5395
vn 0.9975 -0.0713 0.0002
vn 0.6754 -0.5647 -0.4743
vn 0.9975 -0.0710 0.0001
vn 0.6864 -0.5810 -0.4375
vn 0.6774 -0.5141 -0.5262
vn 0.6749 -0.6378 -0.3711
vn 0.9974 -0.0721 0.0001
vn 0.6839 -0.6459 -0.3394
vn 0.6761 -0.6047 -0.4209
vn 0.9974 -0.0723 0.0003
vn 0.6712 -0.6713 -0.3143
vn 0.6718 -0.6971 -0.2503
vn 0.6824 -0.6985 -0.2153
vn 0.9974 -0.0720 -0.0002
vn 0.9974 -0.0719 0.0001
vn 0.9974 -0.0716 -0.0000
vn 0.8489 -0.5147 -0.1203
vn 0.9974 -0.0718 0.0003
vn 0.6752 -0.7107 -0.1977
vn 0.9975 -0.0708 -0.0000
vn 0.7012 -0.1984 -0.6848
vn 0.9978 -0.0656 -0.0000
vn 0.9978 -0.0664 0.0001
vn 0.7011 -0.2374 -0.6723
vn 0.6991 -0.2426 -0.6726
vn 0.6996 -0.2232 -0.6787
vn 0.9977 -0.0683 0.0004
vn 0.7014 -0.2190 -0.6783
vn 0.6999 -0.2149 -0.6811
vn 0.9976 -0.0689 0.0006
vn 0.7014 -0.2112 -0.6807
vn 0.4990 -0.2207 -0.8380
vn 0.9976 -0.0693 0.0008
vn 0.9977 -0.0681 0.0001
vn 0.9975 -0.0701 -0.0000
vn 0.7015 -0.2044 -0.6827
vn 0.9976 -0.0696 0.0009
vn 0.9976 -0.0687 0.0005
vn 0.7013 -0.2277 -0.6756
vn 0.9977 -0.0682 0.0003
vn 0.9977 -0.0677 0.0002
vn 0.9978 -0.0663 -0.0000
vn 0.3904 -0.2890 -0.8741
vn 0.9978 -0.0665 -0.0000
vn 0.9975 -0.0706 -0.0000
vn 0.9980 -0.0636 -0.0000
vn 0.9980 -0.0638 -0.0000
vn 0.9975 -0.0704 -0.0000
vn 0.9642 -0.0304 -0.2635
vn 0.9980 -0.0635 -0.0000
vn 0.9980 -0.0637 -0.0000
vn 0.9980 -0.0634 -0.0000
vn 0.9980 -0.0633 -0.0000
vn 0.9980 -0.0629 -0.0000
vn 0.9980 -0.0632 -0.0000
vn 0.5315 -0.2946 -0.7942
vn 0.9980 -0.0630 -0.0000
vn 0.9741 -0.0297 -0.2242
vn 0.9983 -0.0583 0.0005
vn 0.9983 -0.0585 0.0005
vn 0.9678 -0.0304 -0.2499
vn 0.9982 -0.0595 0.0002
vn 0.9981 -0.0616 -0.0000
vn 0.9609 -0.0242 -0.2758
vn 0.9982 -0.0606 0.0001
vn 0.9852 -0.0253 -0.1694
vn 0.9987 -0.0504 0.0009
vn 0.9987 -0.0504 0.0010
vn 0.9821 -0.0269 -0.1865
vn 0.9986 -0.0531 0.0003
vn 0.9819 -0.0277 -0.1872
vn 0.9985 -0.0544 0.0001
vn 0.9784 -0.0284 -0.2045
vn 0.9983 -0.0583 -0.0000
vn 0.9784 -0.0293 -0.2048
vn 0.9984 -0.0557 -0.0000
vn 0.9908 -0.0214 -0.1334
vn 0.9991 -0.0424 0.0007
vn 0.9991 -0.0429 0.0007
vn 0.9894 -0.0229 -0.1433
vn 0.9990 -0.0456 0.0002
vn 0.9879 -0.0240 -0.1530
vn 0.9988 -0.0484 -0.0000
vn 0.9877 -0.0243 -0.1547
vn 0.9989 -0.0474 -0.0000
vn 0.9987 -0.0508 -0.0000
vn 0.9877 -0.0246 -0.1543
vn 0.9945 -0.0173 -0.1036
vn 0.9994 -0.0335 0.0006
vn 0.9994 -0.0348 0.0005
vn 0.9928 -0.0195 -0.1182
vn 0.9992 -0.0405 -0.0001
vn 0.9926 -0.0204 -0.1195
vn 0.9993 -0.0386 -0.0000
vn 0.9991 -0.0426 -0.0001
vn 0.9926 -0.0205 -0.1200
vn 0.9934 -0.0123 -0.1137
vn 0.9994 -0.0351 -0.0000
vn 1.0000 -0.0000 -0.0000
vn 0.9993 0.0371 -0.0000
vn 0.9939 0.0138 -0.1093
vn 0.9993 0.0368 -0.0000
vn 0.9992 0.0392 -0.0000
vn 0.9950 0.0199 -0.0980
vn 0.9990 0.0437 -0.0001
vn 0.9949 0.0212 -0.0986
vn 0.9991 0.0435 0.0005
vn 0.9931 0.0227 -0.1152
vn 0.9930 0.0245 -0.1158
vn 0.9990 0.0455 0.0004
vn 0.9980 0.0626 0.0001
vn 0.9882 0.0304 -0.1502
vn 0.9852 0.0317 -0.1684
vn 0.9881 0.0287 -0.1511
vn 0.9987 0.0518 0.0018
vn 0.9909 0.0260 -0.1319
vn 0.9986 0.0536 -0.0000
vn 0.9930 0.0251 -0.1152
vn 0.9986 0.0519 0.0017
vn 0.9983 0.0578 0.0006
vn 0.9771 0.0371 -0.2093
vn 0.9975 0.0703 0.0005
vn 0.9814 0.0358 -0.1887
vn 0.9977 0.0681 -0.0001
vn 0.9851 0.0333 -0.1689
vn 0.9977 0.0678 0.0009
vn 0.9813 0.0341 -0.1895
vn 0.9977 0.0682 0.0009
vn 0.9971 0.0765 -0.0000
vn 0.9973 0.0728 0.0002
vn 0.9988 0.0486 -0.0000
vn 0.9969 0.0784 -0.0000
vn 0.9728 0.0396 -0.2283
vn 0.9969 0.0788 -0.0000
vn 0.9969 0.0791 -0.0000
vn 0.9968 0.0794 -0.0001
vn 0.9968 0.0805 -0.0001
vn 0.9968 0.0796 -0.0001
vn 0.9969 0.0787 -0.0000
vn 0.9723 0.0405 -0.2301
vn 0.9968 0.0801 -0.0001
vn 0.9968 0.0798 -0.0001
vn -0.6723 -0.1803 -0.7180
vn -0.6816 -0.1692 -0.7119
vn 0.6766 -0.1691 -0.7167
vn -0.8590 -0.1101 -0.5000
vn 0.8548 -0.1049 -0.5082
vn 0.6869 -0.1626 -0.7083
vn 0.6677 -0.1812 -0.7221
vn -0.6745 -0.1815 -0.7156
vn -0.6510 -0.1986 -0.7326
vn -0.6622 -0.1900 -0.7248
vn 0.6571 -0.1914 -0.7291
vn 0.6702 -0.1926 -0.7167
vn -0.6743 -0.1857 -0.7147
vn -0.6530 -0.2021 -0.7299
vn 0.6583 -0.1969 -0.7265
vn 0.6455 -0.2003 -0.7371
vn 0.6162 -0.2136 -0.7581
vn -0.6241 -0.2118 -0.7520
vn -0.6417 -0.2107 -0.7374
vn -0.6381 -0.2060 -0.7419
vn 0.6453 -0.2054 -0.7358
vn 0.6321 -0.2077 -0.7465
vn -0.6246 -0.2163 -0.7504
vn -0.5752 -0.2235 -0.7869
vn 0.5527 -0.2235 -0.8028
vn 0.5533 -0.2243 -0.8022
vn -0.5728 -0.2239 -0.7885
vn 0.5769 -0.2215 -0.7862
vn -0.5931 -0.2233 -0.7735
vn -0.5916 -0.2209 -0.7754
vn -0.6086 -0.2169 -0.7633
vn 0.6178 -0.2161 -0.7561
vn 0.6175 -0.2162 -0.7562
vn 0.5981 -0.2180 -0.7712
vn -0.5102 -0.2255 -0.8299
vn 0.4946 -0.2255 -0.8393
vn 0.4938 -0.2248 -0.8400
vn -0.5526 -0.2259 -0.8023
vn 0.5531 -0.2243 -0.8023
vn 0.5377 -0.2246 -0.8127
vn -0.5311 -0.2275 -0.8162
vn 0.5219 -0.2250 -0.8228
vn -0.5081 -0.2283 -0.8305
vn -0.5312 -0.2276 -0.8161
vn 0.4645 -0.2251 -0.8565
vn -0.3719 -0.2238 -0.9009
vn 0.3111 -0.2209 -0.9244
vn 0.4578 -0.1076 -0.8825
vn 0.3309 -0.2216 -0.9173
vn 0.3301 -0.2191 -0.9182
vn 0.3539 -0.2227 -0.9084
vn 0.3791 -0.2239 -0.8979
vn 0.3783 -0.2211 -0.8989
vn -0.3717 -0.2260 -0.9004
vn 0.4051 -0.2246 -0.8862
vn -0.3928 -0.2265 -0.8913
vn -0.4149 -0.2277 -0.8809
vn -0.3922 -0.2253 -0.8919
vn -0.4846 -0.2286 -0.8443
vn 0.4653 -0.2235 -0.8565
vn 0.4643 -0.2235 -0.8570
vn 0.4342 -0.2249 -0.8723
vn -0.4604 -0.2285 -0.8578
vn -0.4847 -0.2278 -0.8445
vn -0.4370 -0.2269 -0.8703
vn -0.4372 -0.2284 -0.8699
vn -0.3223 -0.2180 -0.9212
vn 0.3152 -0.2174 -0.9238
vn 0.3336 -0.2163 -0.9176
vn 0.3052 -0.2171 -0.9272
vn 0.2971 -0.2181 -0.9296
vn 0.2901 -0.2180 -0.9319
vn 0.2968 -0.2170 -0.9300
vn 0.2901 -0.2187 -0.9317
vn 0.3338 -0.2185 -0.9170
vn 0.2957 -0.2199 -0.9296
vn -0.3543 -0.2246 -0.9077
vn 0.3717 -0.1740 -0.9119
vn -0.3384 -0.2233 -0.9141
vn -0.3537 -0.2227 -0.9085
vn -0.3239 -0.2190 -0.9204
vn -0.3269 -0.2196 -0.9192
vn -0.3278 -0.2213 -0.9185
vn -0.3666 -0.2116 -0.9060
vn -0.3568 -0.2105 -0.9102
vn 0.0004 -0.3887 -0.9214
vn -0.3680 -0.2103 -0.9057
vn 0.3982 -0.2192 -0.8907
vn 0.4212 -0.2164 -0.8808
vn 0.4428 -0.2151 -0.8705
vn 0.3762 -0.2197 -0.9001
vn 0.3991 -0.2162 -0.8911
vn -0.3272 -0.2161 -0.9199
vn 0.3544 -0.2169 -0.9096
vn 0.3765 -0.2163 -0.9008
vn 0.3342 -0.2190 -0.9167
vn -0.3346 -0.2146 -0.9176
vn -0.3351 -0.2144 -0.9175
vn -0.3470 -0.2123 -0.9135
vn -0.3684 -0.2118 -0.9052
vn 0.4411 -0.2158 -0.8711
vn -0.4016 -0.2057 -0.8924
vn 0.4437 -0.2173 -0.8694
vn 0.4638 -0.2136 -0.8598
vn 0.4829 -0.2116 -0.8497
vn 0.5013 -0.2084 -0.8398
vn -0.3839 -0.2078 -0.8997
vn -0.4024 -0.2054 -0.8921
vn 0.5041 -0.2068 -0.8385
vn 0.5025 -0.2062 -0.8396
vn -0.4194 -0.2017 -0.8851
vn -0.4211 -0.2030 -0.8840
vn -0.6828 -0.4067 -0.6070
vn -0.0000 -0.2044 -0.9789
vn 0.3924 -0.2254 -0.8917
vn -0.0000 -0.2165 -0.9763
vn -0.0000 -0.2958 -0.9553
vn 0.3650 -0.3254 -0.8723
vn -0.0000 -0.3384 -0.9410
vn 0.0007 -0.3329 -0.9430
vn -0.4398 -0.1999 -0.8755
vn 0.0010 -0.3382 -0.9411
vn -0.4492 -0.1971 -0.8714
vn -0.5263 -0.2863 -0.8007
vn -0.4564 -0.1956 -0.8680
vn -0.0000 -0.4076 -0.9132
vn -0.9980 -0.0631 -0.0000
vn -0.9471 -0.0294 -0.3197
vn -0.9980 -0.0633 -0.0000
vn -0.9980 -0.0632 -0.0000
vn -0.9980 -0.0635 -0.0000
vn -0.9980 -0.0634 -0.0000
vn -0.9980 -0.0637 -0.0000
vn -0.9980 -0.0636 -0.0000
vn -0.9980 -0.0639 -0.0000
vn -0.9980 -0.0629 -0.0000
vn -0.9981 -0.0621 -0.0000
vn -0.9993 -0.0362 0.0003
vn -0.9941 -0.0185 -0.1072
vn -0.9993 -0.0367 0.0002
vn -0.9929 -0.0192 -0.1171
vn -0.9993 -0.0382 0.0001
vn -0.9992 -0.0400 -0.0000
vn -0.9995 -0.0315 0.0015
vn -0.9974 -0.0158 -0.0702
vn -0.9995 -0.0324 0.0012
vn -0.9976 -0.0122 -0.0687
vn -0.9995 -0.0326 0.0010
vn -0.9994 -0.0351 -0.0000
vn -0.9980 -0.0153 -0.0613
vn -0.9967 -0.0164 -0.0796
vn -0.9994 -0.0334 0.0009
vn -0.9959 -0.0169 -0.0893
vn -0.9994 -0.0343 0.0006
vn -0.9949 -0.0174 -0.0996
vn -0.9994 -0.0357 0.0004
vn -0.9950 -0.0181 -0.0980
vn -0.9990 -0.0437 0.0018
vn -0.9849 -0.0230 -0.1714
vn -0.9990 -0.0456 0.0002
vn -0.9991 -0.0426 0.0025
vn -0.9881 -0.0215 -0.1525
vn -0.9814 -0.0245 -0.1904
vn -0.9988 -0.0481 -0.0000
vn -0.9916 -0.0205 -0.1275
vn -0.9991 -0.0424 0.0008
vn -0.9991 -0.0428 -0.0000
vn -0.9902 -0.0205 -0.1380
vn -0.9991 -0.0416 0.0011
vn -0.9904 -0.0211 -0.1364
vn -0.9986 -0.0532 0.0003
vn -0.9685 -0.0284 -0.2472
vn -0.9985 -0.0547 0.0001
vn -0.9687 -0.0176 -0.2477
vn -0.9987 -0.0511 0.0001
vn -0.9988 -0.0493 -0.0000
vn -0.9773 -0.0259 -0.2103
vn -0.9986 -0.0524 0.0004
vn -0.9734 -0.0272 -0.2275
vn -0.9684 -0.0291 -0.2476
vn -0.9984 -0.0559 -0.0000
vn -0.9987 -0.0516 -0.0000
vn -0.9621 -0.0299 -0.2710
vn -0.9982 -0.0594 0.0002
vn -0.9983 -0.0579 -0.0000
vn -0.9984 -0.0563 -0.0000
vn -0.9551 -0.0312 -0.2945
vn -0.9982 -0.0603 0.0001
vn -0.9510 -0.0322 -0.3075
vn -0.9981 -0.0614 -0.0000
vn -0.9988 -0.0494 -0.0000
vn -0.9916 -0.0198 -0.1276
vn -0.0000 -0.0000 -1.0000
vn 0.6872 0.0187 -0.7262
vn 0.6863 0.0167 -0.7271
vn 0.8738 0.0130 -0.4861
vn 0.9935 0.0006 -0.1142
vn 0.6610 0.0155 -0.7503
vn 0.6468 0.0138 -0.7625
vn 0.6665 0.0119 -0.7454
vn 0.6576 0.0116 -0.7532
vn 0.6701 0.0091 -0.7423
vn 0.6649 0.0091 -0.7469
vn 0.6714 0.0089 -0.7410
vn 0.6720 0.0092 -0.7405
vn 0.8071 0.0097 -0.5903
vn 0.9066 0.0217 -0.4215
vn 0.6475 0.0204 -0.7618
vn 0.6721 0.0072 -0.7404
vn 0.6723 0.0078 -0.7402
vn 0.6523 0.0238 -0.7575
vn 0.6758 0.0119 -0.7370
vn 0.6739 0.0074 -0.7388
vn 0.6723 0.0063 -0.7402
vn 0.6785 0.0153 -0.7345
vn 0.6864 0.0170 -0.7270
vn 0.9829 0.0022 -0.1843
vn 0.6239 0.0465 -0.7801
vn 0.5340 0.0456 -0.8442
vn 0.6460 0.0254 -0.7629
vn 0.6141 0.0418 -0.7881
vn 0.6364 0.0341 -0.7706
vn 0.5869 0.0255 -0.8092
vn 0.6405 0.0301 -0.7674
vn 0.6455 0.0306 -0.7632
vn 0.6386 0.0281 -0.7690
vn 0.5520 0.0636 -0.8314
vn 0.9571 0.0010 -0.2897
vn 0.5830 0.0729 -0.8092
vn 0.6022 0.0460 -0.7970
vn 0.5318 0.0665 -0.8443
vn 0.5996 0.0657 -0.7976
vn 0.5957 0.0533 -0.8014
vn 0.9719 0.0670 -0.2257
vn 0.9701 0.0623 -0.2345
vn 0.5432 0.0607 -0.8374
vn 0.9728 0.0926 -0.2122
vn 0.6968 0.1622 -0.6987
vn 0.9545 0.0721 -0.2893
vn 0.9457 0.0721 -0.3170
vn 0.9617 0.0681 -0.2654
vn 0.8956 0.0519 -0.4418
vn 0.7255 -0.0007 -0.6882
vn 0.9448 0.0684 -0.3205
vn 0.9145 0.0734 -0.3978
vn 0.9036 0.0737 -0.4219
vn 0.8631 0.0456 -0.5029
vn 0.9244 0.0689 -0.3751
vn 0.8932 0.0735 -0.4437
vn 0.8840 0.0738 -0.4617
vn 0.9024 0.0698 -0.4251
vn 0.8772 0.0727 -0.4746
vn 0.8771 0.0707 -0.4751
vn 0.8839 0.0731 -0.4619
vn 0.8761 0.0702 -0.4769
vn 0.7930 0.0471 -0.6074
vn 0.8759 0.0710 -0.4773
vn 0.7768 0.0434 -0.6282
vn 0.8795 0.0658 -0.4714
vn 0.8857 0.0627 -0.4601
vn 0.8928 0.0648 -0.4458
vn 0.8926 0.0637 -0.4464
vn 0.9011 0.0622 -0.4291
vn 0.9017 0.0576 -0.4286
vn 0.9106 0.0600 -0.4090
vn 0.9202 0.0566 -0.3873
vn 0.9289 0.0531 -0.3665
vn 0.9110 0.0551 -0.4087
vn 0.9294 0.0551 -0.3650
vn 0.9387 0.0515 -0.3410
vn 0.9466 0.0501 -0.3185
vn 0.9299 0.0499 -0.3645
vn 0.9548 0.0465 -0.2937
vn 0.9613 0.0451 -0.2717
vn 0.9471 0.0454 -0.3177
vn 0.9473 0.0443 -0.3174
vn 0.9682 0.0416 -0.2468
vn 0.9618 0.0446 -0.2700
vn 0.9654 0.0434 -0.2571
vn 0.5171 0.1190 -0.8476
vn 0.9967 0.0810 -0.0000
vn 0.9966 0.0819 -0.0001
vn 0.9967 0.0816 -0.0001
vn 0.9967 0.0818 -0.0001
vn 0.9966 0.0823 -0.0000
vn 0.9966 0.0826 -0.0000
vn 0.9963 0.0863 -0.0000
vn 0.9965 0.0832 -0.0000
vn 0.9966 0.0828 -0.0000
vn 0.9966 0.0820 -0.0000
vn 0.6561 0.7145 -0.2431
vn -0.6581 0.7134 -0.2406
vn -0.6543 0.7183 -0.2365
vn 0.6538 0.7191 -0.2355
vn -0.6555 0.7219 -0.2218
vn -0.0000 0.9994 -0.0339
vn 0.6548 0.7228 -0.2207
vn 0.6535 0.6969 -0.2955
vn -0.6590 0.6955 -0.2863
vn -0.6531 0.7023 -0.2833
vn -0.6540 0.7122 -0.2550
vn 0.6529 0.7027 -0.2827
vn 0.6541 0.7113 -0.2571
vn 0.6531 0.6897 -0.3128
vn -0.6539 0.6895 -0.3114
vn 0.6538 0.6727 -0.3463
vn -0.6539 0.6758 -0.3403
vn 0.6471 0.6698 -0.3641
vn -0.6605 0.6672 -0.3444
vn -0.6580 0.6519 -0.3769
vn 0.6525 0.6409 -0.4044
vn -0.6574 0.6395 -0.3985
vn 0.6569 0.6531 -0.3766
vn -0.6627 0.6335 -0.3993
vn -0.6575 0.6167 -0.4329
vn 0.6579 0.6235 -0.4223
vn 0.6575 0.6055 -0.4484
vn -0.6660 0.5922 -0.4536
vn 0.6577 0.6153 -0.4345
vn 0.6608 0.5616 -0.4980
vn -0.6615 0.5618 -0.4968
vn -0.6589 0.5891 -0.4678
vn 0.6659 0.5466 -0.5077
vn -0.6696 0.5406 -0.5093
vn 0.6588 0.5897 -0.4673
vn 0.6630 0.5327 -0.5260
vn -0.6637 0.5330 -0.5248
vn 0.6717 0.4876 -0.5577
vn -0.6731 0.4884 -0.5554
vn -0.6653 0.5032 -0.5515
vn 0.6652 0.5035 -0.5514
vn -0.6705 0.4462 -0.5927
vn -0.6677 0.4743 -0.5739
vn 0.6677 0.4737 -0.5743
vn 0.6699 0.4456 -0.5938
vn 0.6718 0.4330 -0.6009
vn -0.6763 0.4364 -0.5935
vn 0.6742 0.3882 -0.6283
vn -0.6787 0.3889 -0.6230
vn -0.6747 0.3891 -0.6272
vn 0.6729 0.4148 -0.6124
vn -0.6716 0.4172 -0.6123
vn -0.6831 0.3422 -0.6452
vn -0.6767 0.3605 -0.6420
vn 0.6766 0.3603 -0.6422
vn 0.6831 0.3601 -0.6354
vn -0.6795 0.3355 -0.6525
vn 0.6790 0.3485 -0.6461
vn -0.6829 0.3128 -0.6601
vn 0.6792 0.3349 -0.6531
vn 0.6812 0.3154 -0.6607
vn 0.6838 0.3076 -0.6616
vn -0.6850 0.3048 -0.6617
vn -0.6843 0.2820 -0.6725
vn -0.6816 0.2994 -0.6677
vn 0.6812 0.2978 -0.6688
vn 0.6839 0.2815 -0.6731
vn -0.6881 0.2716 -0.6729
vn -0.6872 0.2479 -0.6829
vn -0.6855 0.2639 -0.6786
vn 0.6855 0.2636 -0.6787
vn 0.4023 0.2504 -0.8806
vn -0.4088 0.2427 -0.8798
vn 0.6872 0.2728 -0.6733
vn -0.0000 0.1758 -0.9844
vn -0.0000 0.1938 -0.9810
vn 0.6879 0.2319 -0.6878
vn 0.3967 0.2152 -0.8924
vn -0.4785 0.2344 -0.8462
vn 0.4701 0.2468 -0.8474
vn -0.3961 0.2243 -0.8904
vn 0.4862 0.2292 -0.8432
vn -0.4809 0.1997 -0.8537
vn 0.3952 0.2128 -0.8936
vn 0.4810 0.1994 -0.8537
vn 0.6924 0.1988 -0.6936
vn -0.6933 0.1970 -0.6931
vn 0.6918 0.1921 -0.6961
vn -0.6920 0.1925 -0.6958
vn -0.6961 0.1645 -0.6988
vn -0.5562 0.0709 -0.8280
vn -0.5627 0.0614 -0.8244
vn -0.6048 0.0556 -0.7944
vn -0.5602 0.0623 -0.8260
vn -0.5491 0.0700 -0.8329
vn -0.5971 0.0536 -0.8004
vn -0.5608 0.0542 -0.8262
vn -0.6267 0.0384 -0.7783
vn -0.6092 0.0409 -0.7920
vn -0.5302 0.0529 -0.8462
vn -0.6262 0.0315 -0.7790
vn -0.6317 0.0329 -0.7745
vn -0.6485 0.0284 -0.7607
vn -0.6256 0.0357 -0.7793
vn -0.6371 0.0269 -0.7703
vn -0.6339 0.0236 -0.7730
vn -0.6499 0.0178 -0.7598
vn -0.6593 0.0159 -0.7517
vn -0.6294 0.0230 -0.7767
vn -0.6662 0.0125 -0.7456
vn -0.6609 0.0143 -0.7504
vn -0.6703 0.0085 -0.7421
vn -0.6737 0.0075 -0.7390
vn -0.6659 0.0113 -0.7459
vn -0.6709 0.0096 -0.7415
vn -0.8072 0.0050 -0.5903
vn -0.6733 0.0071 -0.7394
vn -0.0000 0.0096 -1.0000
vn -0.0000 0.0093 -1.0000
vn -0.6792 0.0069 -0.7339
vn -0.9129 0.0033 -0.4082
vn -0.0001 0.0094 -1.0000
vn -0.6812 0.0088 -0.7320
vn -0.6794 0.0073 -0.7338
vn -0.6833 0.0111 -0.7301
vn -0.6850 0.0124 -0.7284
vn -0.6857 0.0140 -0.7277
vn -0.6887 0.0178 -0.7249
vn -0.6934 0.0194 -0.7203
vn -0.8791 0.0127 -0.4765
vn 0.9962 0.0871 0.0004
vn 0.9957 0.0926 -0.0000
vn 0.9962 0.0866 0.0005
vn 0.9963 0.0861 0.0006
vn 0.9955 0.0952 0.0009
vn 0.9953 0.0972 0.0005
vn 0.9954 0.0962 -0.0000
vn 0.9953 0.0965 0.0005
vn 0.9947 0.1026 -0.0000
vn 0.9940 0.1094 0.0001
vn 0.9943 0.1070 0.0004
vn 0.9945 0.1052 -0.0000
vn 0.9947 0.1025 -0.0000
vn 0.9942 0.1079 0.0003
vn 0.9932 0.1164 0.0004
vn 0.9931 0.1174 0.0003
vn 0.9932 0.1164 0.0002
vn 0.9935 0.1142 -0.0000
vn 0.9936 0.1125 -0.0000
vn 0.9922 0.1249 0.0003
vn 0.9924 0.1232 0.0001
vn 0.9926 0.1213 -0.0000
vn 0.9927 0.1206 -0.0000
vn 0.9922 0.1246 0.0003
vn 0.9907 0.1364 -0.0000
vn 0.9912 0.1327 0.0002
vn 0.9914 0.1312 0.0005
vn 0.9913 0.1313 0.0001
vn 0.9916 0.1294 -0.0000
vn 0.9918 0.1282 -0.0000
vn 0.9913 0.1314 0.0005
vn 0.9911 0.1333 0.0001
vn 0.9908 0.1353 -0.0000
vn 0.9902 0.1394 -0.0000
vn 0.9903 0.1393 -0.0000
vn 0.9904 0.1379 0.0002
vn 0.9904 0.1382 0.0001
vn 0.9903 0.1388 -0.0000
vn 1.0000 -0.0000 -0.0003
vn 0.9906 0.1365 0.0003
vn 0.9906 0.1366 0.0006
vn 0.9905 0.1377 -0.0000
vn 0.9906 0.1369 0.0004
vn 0.9909 0.1349 -0.0000
vn 0.9906 0.1367 0.0004
vn 0.9906 0.1366 0.0004
vn 0.9907 0.1363 0.0003
vn 0.9906 0.1371 0.0003
vn 0.9900 0.1414 0.0001
vn 0.9902 0.1398 0.0001
vn 0.9901 0.1402 -0.0000
vn 0.9902 0.1400 0.0001
vn 0.9901 0.1404 0.0001
vn 0.9900 0.1408 0.0002
vn 0.9985 0.0534 0.0129
vn 0.9961 0.0880 0.0079
vn 0.9901 0.1406 0.0001
vn 0.9895 0.1446 -0.0000
vn 0.9897 0.1429 0.0001
vn 0.9902 0.1395 -0.0001
vn 0.9899 0.1420 -0.0000
vn 0.9901 0.1401 -0.0000
vn 0.9901 0.1404 -0.0000
vn 0.9901 0.1403 0.0001
vn 0.9899 0.1416 0.0001
vn 0.9898 0.1422 0.0002
vn 0.9899 0.1417 0.0001
vn 0.9831 0.1832 0.0007
vn 0.9852 0.1716 0.0006
vn 0.9900 0.1408 0.0001
vn 0.9898 0.1421 0.0003
vn 0.9901 0.1405 0.0001
vn 0.9898 0.1421 0.0001
vn 0.9901 0.1406 -0.0000
vn 0.9900 0.1409 -0.0000
vn 0.9902 0.1399 -0.0000
vn 0.9901 0.1400 -0.0000
vn 0.9899 0.1416 0.0003
vn -0.0000 1.0000 -0.0000
vn 0.9900 0.1414 -0.0000
vn 0.9908 0.1356 -0.0000
vn 0.9920 0.1263 0.0001
vn 0.9926 0.1214 -0.0000
vn 0.9928 0.1201 -0.0000
vn 0.9938 0.1110 -0.0000
vn -0.9065 0.0719 -0.4160
vn -0.9914 0.1311 0.0004
vn -0.9916 0.1296 0.0008
vn -0.9130 0.0719 -0.4016
vn -0.9914 0.1306 0.0006
vn -0.9062 0.0716 -0.4168
vn -0.9915 0.1302 -0.0000
vn -0.9194 0.0720 -0.3866
vn -0.9912 0.1323 0.0003
vn -0.9267 0.0721 -0.3688
vn -0.9910 0.1335 0.0001
vn -0.9338 0.0721 -0.3505
vn -0.9910 0.1340 0.0001
vn -0.9909 0.1343 -0.0000
vn -0.9268 0.0722 -0.3684
vn -0.9909 0.1349 -0.0000
vn -0.9402 0.0720 -0.3330
vn -0.9908 0.1350 -0.0000
vn -0.8888 0.0440 -0.4562
vn -0.8955 0.0698 -0.4395
vn -0.9922 0.1244 0.0004
vn -0.9922 0.1250 0.0003
vn -0.8929 0.0687 -0.4449
vn -0.9924 0.1233 0.0001
vn -0.9001 0.0708 -0.4299
vn -0.9920 0.1261 0.0001
vn -0.9919 0.1273 0.0001
vn -0.8956 0.0704 -0.4393
vn -0.9918 0.1282 -0.0000
vn -0.8999 0.0712 -0.4303
vn -0.8954 0.0638 -0.4408
vn -0.9934 0.1148 0.0006
vn -0.9934 0.1150 0.0007
vn -0.8936 0.0653 -0.4440
vn -0.9931 0.1172 0.0003
vn -0.8982 0.0629 -0.4351
vn -0.9934 0.1150 -0.0000
vn -0.8923 0.0669 -0.4464
vn -0.9928 0.1195 0.0001
vn -0.9926 0.1212 -0.0000
vn -0.8920 0.0677 -0.4469
vn -0.9070 0.0578 -0.4171
vn -0.9945 0.1050 0.0009
vn -0.9944 0.1057 0.0007
vn -0.8991 0.0614 -0.4335
vn -0.9939 0.1106 0.0001
vn -0.9936 0.1130 -0.0001
vn -0.8986 0.0628 -0.4343
vn -0.9154 0.0560 -0.3986
vn -0.9944 0.1055 -0.0000
vn -0.9268 0.0511 -0.3720
vn -0.9955 0.0949 -0.0000
vn -0.9952 0.0979 0.0003
vn -0.9261 0.0524 -0.3736
vn -0.9952 0.0974 0.0004
vn -0.9166 0.0544 -0.3962
vn -0.9947 0.1028 -0.0001
vn -0.9161 0.0559 -0.3971
vn -0.9950 0.1001 0.0001
vn -0.9458 0.0456 -0.3215
vn -0.9961 0.0877 0.0003
vn -0.9962 0.0867 0.0005
vn -0.9370 0.0475 -0.3460
vn -0.9958 0.0917 -0.0001
vn -0.9366 0.0490 -0.3469
vn -0.9960 0.0894 0.0002
vn -0.9902 0.1397 -0.0000
vn -0.9901 0.1402 -0.0000
vn -0.9901 0.1403 -0.0000
vn -0.9902 0.1396 -0.0000
vn -0.9897 0.1432 -0.0000
vn -0.9901 0.1405 -0.0000
vn -0.9896 0.1440 0.0001
vn -0.9903 0.1390 -0.0000
vn -0.9900 0.1408 0.0002
vn -0.9900 0.1407 0.0002
vn -0.9900 0.1407 0.0001
vn -0.9967 0.0809 0.0001
vn -0.9900 0.1408 0.0001
vn -0.9898 0.1422 0.0002
vn -0.9899 0.1417 0.0001
vn -0.9982 0.0602 -0.0000
vn -0.9900 0.1411 0.0001
vn -0.9900 0.1412 0.0001
vn -0.9900 0.1414 0.0001
vn -0.9901 0.1403 0.0002
vn -0.9901 0.1401 -0.0000
vn -0.9901 0.1404 0.0002
vn -0.9904 0.1381 -0.0000
vn -0.9907 0.1364 -0.0001
vn -0.9899 0.1416 -0.0000
vn -0.9900 0.1414 0.0003
vn -0.9901 0.1401 0.0005
vn -0.9901 0.1402 0.0006
vn -0.9899 0.1418 0.0003
vn -0.9961 0.0883 0.0079
vn -0.9985 0.0534 0.0129
vn -0.9901 0.1404 0.0001
vn -0.9902 0.1395 0.0001
vn -0.9902 0.1398 0.0001
vn -0.9900 0.1410 -0.0000
vn -0.9469 0.0720 -0.3134
vn -0.9906 0.1370 0.0005
vn -0.9907 0.1361 0.0007
vn -0.9039 0.0515 -0.4246
vn -0.9905 0.1377 -0.0000
vn -0.9534 0.0718 -0.2932
vn -0.9907 0.1362 0.0006
vn -0.9633 0.0715 -0.2587
vn -0.9906 0.1367 0.0004
vn -0.9906 0.1371 0.0003
vn -0.9588 0.0715 -0.2748
vn -0.9906 0.1368 0.0004
vn -0.9681 0.0714 -0.2400
vn -0.9905 0.1372 0.0002
vn -0.9587 0.0716 -0.2753
vn -0.9728 0.0713 -0.2204
vn -0.9905 0.1377 0.0002
vn -0.9780 0.0739 -0.1952
vn -0.9904 0.1385 0.0002
vn -0.9904 0.1382 0.0002
vn -0.9763 0.0748 -0.2032
vn -0.9904 0.1383 0.0001
vn -0.9903 0.1389 0.0001
vn -0.9903 0.1392 -0.0000
vn -0.0000 -0.0000 -0.0000
vn -0.9904 0.1385 -0.0000
vn -0.9902 0.1393 -0.0000
vn -0.9908 0.1352 -0.0000
vn -0.9963 0.0863 -0.0000
vn -0.9466 0.0448 -0.3193
vn -0.9966 0.0829 -0.0000
vn -0.9965 0.0833 -0.0000
vn -0.9966 0.0826 -0.0000
vn -0.9966 0.0820 -0.0001
vn -0.9967 0.0816 -0.0001
vn -0.9535 0.0422 -0.2985
vn -0.9967 0.0810 -0.0000
vn -0.9966 0.0819 -0.0001
vn -0.9966 0.0822 -0.0000
vn -0.9965 0.0193 -0.0813
vn -0.9965 0.0192 -0.0813
vn -0.9955 0.0184 -0.0933
vn -0.9974 0.0181 -0.0703
vn -0.9973 0.0142 -0.0726
vn -0.9890 0.0260 -0.1459
vn -0.9890 0.0241 -0.1463
vn -0.9916 0.0239 -0.1270
vn -0.9937 0.0220 -0.1097
vn -0.9954 0.0215 -0.0938
vn -0.9867 0.0277 -0.1604
vn -0.9839 0.0244 -0.1771
vn -0.9889 0.0271 -0.1458
vn -0.9794 0.0277 -0.2002
vn -0.9793 0.0326 -0.2000
vn -0.9653 -0.0159 -0.2606
vn -0.9762 0.0335 -0.2141
vn -0.9725 0.0297 -0.2309
vn -0.9796 0.0314 -0.1985
vn -0.9720 0.0358 -0.2324
vn -0.9658 0.0374 -0.2564
vn -0.9596 0.0386 -0.2788
vn -0.9847 -0.0003 -0.1742
vn -0.9563 -0.0009 -0.2923
vn -0.9322 -0.0081 -0.3618
vn -0.9589 0.0410 -0.2809
vn -0.9969 0.0787 -0.0000
vn -0.9968 0.0802 -0.0001
vn -0.9968 0.0805 -0.0001
vn -0.9968 0.0798 -0.0001
vn -0.9968 0.0794 -0.0001
vn -0.9971 0.0764 -0.0000
vn -0.9969 0.0783 -0.0000
vn -0.9969 0.0788 -0.0000
vn -0.9969 0.0791 -0.0000
vn -0.9968 0.0797 -0.0001
vn -0.9977 0.0671 0.0011
vn -0.9978 0.0657 0.0015
vn -0.9976 0.0686 0.0008
vn -0.9976 0.0699 0.0005
vn -0.9974 0.0725 0.0002
vn -0.9984 0.0557 0.0008
vn -0.9986 0.0537 0.0014
vn -0.9985 0.0551 0.0010
vn -0.9983 0.0581 0.0005
vn -0.9981 0.0622 -0.0001
vn -0.9982 0.0600 0.0001
vn -0.9977 0.0676 -0.0000
vn -0.9991 0.0424 0.0008
vn -0.9991 0.0415 0.0011
vn -0.9991 0.0425 0.0009
vn -0.9990 0.0444 0.0006
vn -0.9989 0.0477 0.0002
vn -0.9987 0.0516 -0.0000
vn -0.9984 0.0562 -0.0000
vn -0.9993 0.0365 0.0001
vn -0.9992 0.0390 -0.0000
vn -0.9991 0.0432 -0.0000
vn -0.9993 0.0371 -0.0000
vn -0.9993 0.0364 0.0001
vn -1.0000 -0.0000 -0.0000
vn -0.0000 -0.0000 1.0000
vn -0.9975 -0.0704 -0.0000
vn 0.9978 -0.0668 0.0001
vn 0.9975 -0.0703 -0.0000
vn 0.9978 -0.0662 -0.0000
vn 0.9982 0.0600 0.0002
vn -0.9980 -0.0625 -0.0000
vn 0.9960 0.0893 0.0002
vn 0.9949 0.1007 0.0001
vn 0.9926 0.1215 -0.0000
vn 0.9910 0.1338 0.0001
vn 0.9902 0.1395 -0.0000
vn 0.9908 0.1352 -0.0000
vn 0.9903 0.1392 -0.0000
vn 0.9902 0.1397 -0.0000
vn -0.9902 0.1394 -0.0000
vn -0.9902 0.1398 -0.0000
vn -0.9907 0.1362 -0.0000
vn -0.9966 0.0825 -0.0000
vn -0.0312 -0.0000 0.9995
vn 0.0062 -0.0000 1.0000
vn -0.0208 -0.0000 0.9998
vn 0.0624 -0.0000 0.9981
vn 0.0114 -0.0000 0.9999
vn 0.0416 -0.0000 0.9991
vn -0.0192 -0.0000 0.9998
vn -0.0624 -0.0000 0.9981
vn -0.1240 -0.0000 0.9923
vn 0.0250 -0.0000 0.9997
vn 0.4472 -0.0000 -0.8944
vn -0.0567 -0.0000 0.9984
vn 0.1240 -0.0000 -0.9923
vn -0.0030 -0.0000 1.0000
vn -0.0100 -0.0000 0.9999
vn -0.0830 -0.0000 0.9965
vn 0.1240 -0.0000 0.9923
vn 0.0020 -0.0000 1.0000
vn 0.0018 -0.0000 1.0000
vn -0.0074 -0.0000 1.0000
vn 0.0040 -0.0000 1.0000
vn 0.0001 -0.0000 1.0000
vn 0.0007 -0.0000 1.0000
vn -0.0004 -0.0000 1.0000
vn -0.0092 -0.0000 1.0000
vn -0.0002 -0.0000 1.0000
vn 0.0010 -0.0000 1.0000
vn -0.0006 -0.0000 1.0000
vn 0.0008 -0.0000 1.0000
vn -0.0013 -0.0000 1.0000
vn 0.0003 -0.0000 1.0000
vn -0.0007 -0.0000 1.0000
vn 0.0160 -0.0000 0.9999
vn 0.0179 -0.0000 -0.9998
vn -0.0624 -0.0000 -0.9981
vn -0.0045 -0.0000 1.0000
vn -0.0034 -0.0000 1.0000
vn 0.0011 -0.0000 1.0000
vn -0.0048 -0.0000 1.0000
vn 0.0048 -0.0000 1.0000
vn -0.0005 -0.0000 1.0000
vn -0.0075 -0.0000 1.0000
vn -0.0036 -0.0000 1.0000
vn -0.0185 -0.0000 0.9998
vn -0.0008 -0.0000 1.0000
vn 0.0006 -0.0000 1.0000
vn -0.1240 -0.0000 -0.9923
vn 0.0041 -0.0000 1.0000
vn -0.0012 -0.0000 1.0000
vn 0.0061 -0.0000 1.0000
vn -0.0767 -0.0000 0.9971
vn 0.0063 -0.0000 1.0000
vn 0.0178 -0.0000 0.9998
vn 0.0112 -0.0000 0.9999
vn -0.0001 -0.0000 1.0000
vn 0.0779 -0.0000 -0.9970
vn -0.2425 -0.0000 0.9701
vn -0.0447 -0.0000 0.9990
vn 0.0074 -0.0000 1.0000
vn -0.0114 -0.0000 0.9999
vn -0.0096 -0.0000 1.0000
vn 0.0015 -0.0000 1.0000
vn 0.0039 -0.0000 1.0000
vn -0.0010 -0.0000 1.0000
vn -0.0023 -0.0000 1.0000
vn -0.0031 -0.0000 1.0000
vn 0.0188 -0.0000 0.9998
vn 0.0196 -0.0000 0.9998
vn -0.0121 -0.0000 0.9999
vn -0.0147 -0.0000 0.9999
vn -0.0081 -0.0000 1.0000
vn -0.0357 -0.0000 0.9994
vn 0.1644 -0.0000 0.9864
vn -0.0093 -0.0000 1.0000
vn -0.0016 -0.0000 1.0000
vn -0.0046 -0.0000 1.0000
vn 0.0036 -0.0000 1.0000
vn 0.4472 -0.0000 0.8944
vn 0.0555 -0.0000 0.9985
vn -0.3162 -0.0000 0.9487
vn -0.0079 -0.0000 1.0000
vn 0.0995 -0.0000 0.9950
vn -0.0060 -0.0000 1.0000
vn -0.0179 -0.0000 0.9998
vn -0.0020 -0.0000 1.0000
vn 0.0086 -0.0000 1.0000
vn -0.0003 -0.0000 1.0000
vn -0.4472 -0.0000 0.8944
vn 0.2425 -0.0000 0.9701
vn -0.0748 -0.0000 0.9972
vn 0.0830 -0.0000 0.9965
vn -0.0041 -0.0000 1.0000
vn -0.0040 -0.0000 1.0000
vn -0.0025 -0.0000 1.0000
vn 0.0043 -0.0000 1.0000
vn 0.0002 -0.0000 1.0000
vn 0.0067 -0.0000 1.0000
vn 0.0294 -0.0000 0.9996
vn 0.0227 -0.0000 0.9997
vn 0.0030 -0.0000 1.0000
vn -0.0294 -0.0000 0.9996
vn -0.0143 -0.0000 0.9999
vn 0.0087 -0.0000 1.0000
vn 0.0104 -0.0000 0.9999
vn 0.0312 -0.0000 0.9995
vn -0.0111 -0.0000 0.9999
vn -0.0027 -0.0000 1.0000
vn 0.0333 -0.0000 0.9994
vn 0.0116 -0.0000 0.9999
vn -0.0077 -0.0000 1.0000
vn 0.7071 -0.0000 0.7071
vn 0.0156 -0.0000 0.9999
vn -0.0015 -0.0000 1.0000
vn 0.0021 -0.0000 1.0000
vn -0.0039 -0.0000 1.0000
vn -0.0011 -0.0000 1.0000
vn 0.0009 -0.0000 1.0000
vn -0.0087 -0.0000 1.0000
vn 0.0022 -0.0000 1.0000
vt 0.000000 0.027112
vt 0.995588 0.974791
vt 0.343848 0.018072
vt 0.999994 0.974791
vt 1.000000 0.000000
vt 0.802591 0.974791
vt 0.897355 0.974791
vt 0.700178 0.974791
vt 0.600043 0.974791
vt 0.700178 0.974791
vt 0.000000 0.974791
vt 0.351679 0.974791
vt 0.351679 0.974791
vt 0.415173 0.974791
vt 0.504697 0.974791
vt 0.504697 0.974791
vt 0.600043 0.974791
vt 0.993216 0.974791
vt 0.648321 0.974791
vt 1.000000 0.027112
vt 0.584827 0.974791
vt 0.584827 0.974791
vt 0.495303 0.974791
vt 0.495303 0.974791
vt 0.399957 0.974791
vt 0.102644 0.974791
vt 0.006784 0.974791
vt 0.004407 0.974791
vt 0.655459 0.018053
vt 0.000006 0.974791
vt 0.004407 0.974791
vt 0.197409 0.974791
vt 0.102644 0.974791
vt 0.299822 0.974791
vt 0.399957 0.974791
vt 0.299822 0.974791
vt 1.000000 0.974791
vt 0.648321 0.974791
vt 0.431809 0.113525
vt 0.013649 0.974088
vt 0.012622 0.974088
vt 0.463321 0.120435
vt 0.498919 0.974088
vt 0.013649 0.974088
vt 0.353274 0.095472
vt 0.012622 0.974088
vt 0.010120 0.974088
vt 0.273263 0.076127
vt 0.009472 0.974088
vt 0.007664 0.974088
vt 0.332497 0.090449
vt 0.010120 0.974088
vt 0.009472 0.974088
vt 0.197666 0.056797
vt 0.005873 0.974088
vt 0.005430 0.974088
vt 0.212891 0.060690
vt 0.007664 0.974088
vt 0.005873 0.974088
vt 0.126009 0.037365
vt 0.005430 0.974088
vt 0.003392 0.974088
vt 0.103733 0.030943
vt 0.001529 0.974088
vt 0.057975 0.017751
vt 0.002774 0.974088
vt 0.004847 0.001484
vt 0.000000 0.974088
vt 0.000000 0.000000
vt 0.000126 0.974088
vt 1.000000 0.300092
vt 0.518331 0.974088
vt 0.998664 0.295114
vt 0.518149 0.974088
vt 0.997062 0.290336
vt 0.989781 0.273044
vt 0.517536 0.974088
vt 0.517458 0.974088
vt 0.990790 0.274793
vt 0.517930 0.974088
vt 0.517536 0.974088
vt 0.982403 0.261228
vt 0.517143 0.974088
vt 0.516920 0.974088
vt 0.979982 0.258323
vt 0.516920 0.974088
vt 0.516769 0.974088
vt 0.985665 0.265900
vt 0.517458 0.974088
vt 0.517143 0.974088
vt 0.969593 0.247413
vt 0.516547 0.974088
vt 0.516168 0.974088
vt 0.968601 0.246626
vt 0.516168 0.974088
vt 0.516117 0.974088
vt 0.976385 0.254006
vt 0.516769 0.974088
vt 0.516547 0.974088
vt 0.517930 0.974088
vt 0.995103 0.284495
vt 0.952727 0.235426
vt 0.515784 0.974088
vt 0.515343 0.974088
vt 0.942687 0.230089
vt 0.515326 0.974088
vt 0.514899 0.974088
vt 0.933778 0.226149
vt 0.514899 0.974088
vt 0.514525 0.974088
vt 0.921341 0.221360
vt 0.514465 0.974088
vt 0.514021 0.974088
vt 0.909711 0.217541
vt 0.514021 0.974088
vt 0.513568 0.974088
vt 0.908702 0.217247
vt 0.513529 0.974088
vt 0.932340 0.225513
vt 0.514525 0.974088
vt 0.514465 0.974088
vt 0.886186 0.210972
vt 0.513103 0.974088
vt 0.512682 0.974088
vt 0.869968 0.207062
vt 0.512682 0.974088
vt 0.512090 0.974088
vt 0.829708 0.197865
vt 0.511722 0.974088
vt 0.510651 0.974088
vt 0.804188 0.192337
vt 0.510651 0.974088
vt 0.509759 0.974088
vt 0.797612 0.190959
vt 0.509759 0.974088
vt 0.509532 0.974088
vt 0.859817 0.204614
vt 0.512090 0.974088
vt 0.511722 0.974088
vt 0.659653 0.162249
vt 0.507010 0.974088
vt 0.504938 0.974088
vt 0.723110 0.175350
vt 0.507010 0.974088
vt 0.897466 0.213972
vt 0.513529 0.974088
vt 0.515326 0.974088
vt 0.515343 0.974088
vt 0.962063 0.241441
vt 0.516117 0.974088
vt 0.515784 0.974088
vt 0.640515 0.158232
vt 0.500836 0.974088
vt 0.527924 0.134602
vt 0.504938 0.974088
vt 0.504325 0.974088
vt 0.500000 0.974088
vt 0.500000 0.128479
vt 1.000000 0.974088
vt 0.518511 0.974088
vt 0.498919 0.974088
vt 0.500000 0.974088
vt 0.962979 1.000000
vt 0.000000 1.000000
vt 0.962978 0.037022
vt 0.962978 0.037022
vt 0.962978 0.000000
vt 0.512090 0.974088
vt 0.511722 0.974088
vt 0.510651 0.974088
vt 0.513103 0.974088
vt 0.514465 0.974088
vt 0.514021 0.974088
vt 0.952358 0.235189
vt 0.514899 0.974088
vt 0.513568 0.974088
vt 0.512682 0.974088
vt 0.516547 0.974088
vt 0.517143 0.974088
vt 0.517930 0.974088
vt 1.000000 0.974088
vt 0.518511 0.974088
vt 0.516168 0.974088
vt 0.000126 0.974088
vt 0.002774 0.974088
vt 0.010120 0.974088
vt 0.013649 0.974088
vt 0.013649 0.974088
vt 0.012622 0.974088
vt 0.009472 0.974088
vt 0.005873 0.974088
vt 0.005430 0.974088
vt 0.001529 0.974088
vt 0.000000 0.974088
vt 0.999990 0.019106
vt 0.999997 0.975374
vt 0.999998 0.975373
vt 0.000000 0.023107
vt 0.992954 0.975374
vt 0.000000 0.975373
vt 0.999998 0.975374
vt 1.000000 0.020430
vt 0.999998 0.975374
vt 0.999815 0.001766
vt 0.999955 0.975373
vt 0.999976 0.975373
vt 0.999976 0.975374
vt 0.999997 0.975373
vt 0.999916 0.975373
vt 0.999935 0.975373
vt 0.999935 0.975373
vt 0.999815 0.975373
vt 0.999887 0.975373
vt 0.999887 0.975373
vt 0.999898 0.975373
vt 0.999898 0.975373
vt 0.999916 0.975373
vt 0.999856 0.000000
vt 0.999997 0.975373
vt 0.999997 0.975373
vt 0.812966 0.027008
vt 0.993904 0.975330
vt 0.995258 0.975330
vt 0.886612 0.016074
vt 0.995258 0.975330
vt 0.997157 0.975330
vt 1.000000 0.975330
vt 0.911881 0.012323
vt 0.997799 0.975330
vt 0.997157 0.975330
vt 0.997799 0.975330
vt 0.527422 0.074623
vt 0.754425 0.975330
vt 0.755350 0.975330
vt 0.624054 0.057636
vt 0.757993 0.975330
vt 0.674001 0.049304
vt 0.757993 0.975330
vt 0.759320 0.975330
vt 0.714966 0.042470
vt 0.761593 0.975330
vt 0.761593 0.035113
vt 0.760392 0.975330
vt 0.311125 0.115751
vt 0.487441 0.975330
vt 0.489359 0.975330
vt 0.410836 0.096281
vt 0.489359 0.975330
vt 0.492192 0.975330
vt 0.430761 0.092492
vt 0.493506 0.975330
vt 0.458643 0.087338
vt 0.492743 0.975330
vt 0.494475 0.975330
vt 0.494475 0.080714
vt 0.106613 0.157903
vt 0.238720 0.975330
vt 0.242042 0.975330
vt 0.209953 0.136291
vt 0.245851 0.975330
vt 0.236310 0.130940
vt 0.245096 0.975330
vt 0.246130 0.975330
vt 0.246130 0.128946
vt 0.000000 0.180541
vt 0.000000 0.975330
vt 0.246130 0.975330
vt 0.487441 0.975330
vt 0.754425 0.975330
vt 0.761593 0.975330
vt 0.993904 0.975330
vt 0.000000 0.030105
vt 0.000000 1.000000
vt 0.969895 0.030105
vt 0.969895 0.030105
vt 1.000000 1.000000
vt 1.000000 0.030105
vt 1.000000 0.974759
vt 1.000000 0.161576
vt 0.906092 0.974759
vt 0.903861 0.974759
vt 0.926231 0.148825
vt 0.903178 0.974759
vt 0.903178 0.144804
vt 0.638170 0.974759
vt 0.778733 0.123099
vt 0.638170 0.974759
vt 0.708192 0.110938
vt 0.634388 0.974759
vt 0.318357 0.974759
vt 0.442061 0.066270
vt 0.375052 0.055423
vt 0.502324 0.076025
vt 0.325429 0.974759
vt 0.625603 0.096698
vt 0.630110 0.974759
vt 0.630110 0.097475
vt 0.325563 0.974759
vt 0.321868 0.974759
vt 0.119657 0.016774
vt 0.004965 0.974759
vt 0.191329 0.027362
vt 0.316800 0.974759
vt 0.316800 0.046387
vt 0.008385 0.974759
vt 0.250593 0.036116
vt 0.008385 0.974759
vt 0.006562 0.974759
vt 0.000000 0.974759
vt 0.003072 0.974759
vt 0.316800 0.974759
vt 0.318357 0.974759
vt 0.630110 0.974759
vt 0.632327 0.974759
vt 0.000361 0.975082
vt 0.000558 0.012799
vt 0.000326 0.975082
vt 0.000326 0.975082
vt 0.000276 0.975082
vt 0.000276 0.975082
vt 0.000223 0.975082
vt 0.000057 0.975082
vt 0.000004 0.975082
vt 0.000002 0.975082
vt 0.000270 0.006187
vt 0.006514 0.975082
vt 0.000002 0.975082
vt 0.000110 0.975082
vt 0.000057 0.975082
vt 0.000167 0.975082
vt 0.000110 0.975082
vt 0.000223 0.975082
vt 0.000167 0.975082
vt 0.000558 0.975082
vt 0.000361 0.975082
vt 0.028039 0.609898
vt 0.014095 0.609088
vt 0.015072 0.392836
vt 0.000000 0.608594
vt 0.000000 0.393546
vt 0.007520 0.393191
vt 0.029958 0.391790
vt 0.030649 0.610124
vt 0.055437 0.612726
vt 0.041822 0.611088
vt 0.044629 0.390334
vt 0.030649 0.391722
vt 0.037812 0.610742
vt 0.061520 0.613702
vt 0.058505 0.388465
vt 0.059061 0.388390
vt 0.087107 0.382695
vt 0.082132 0.617626
vt 0.081280 0.617450
vt 0.068875 0.614882
vt 0.061520 0.387953
vt 0.073227 0.385873
vt 0.094400 0.620824
vt 0.129955 0.634444
vt 0.126848 0.368190
vt 0.127548 0.367808
vt 0.120774 0.630141
vt 0.113933 0.373960
vt 0.116454 0.628451
vt 0.108084 0.625179
vt 0.095203 0.621033
vt 0.094400 0.380580
vt 0.096821 0.379878
vt 0.100681 0.378758
vt 0.169406 0.659578
vt 0.152842 0.352355
vt 0.153420 0.351889
vt 0.133273 0.635999
vt 0.129955 0.366494
vt 0.139417 0.361327
vt 0.145582 0.642834
vt 0.141511 0.360047
vt 0.157705 0.650727
vt 0.147019 0.643768
vt 0.163862 0.343471
vt 0.228288 0.726453
vt 0.220176 0.267288
vt 0.228250 0.251261
vt 0.211059 0.283774
vt 0.211280 0.283375
vt 0.202212 0.298156
vt 0.193297 0.311038
vt 0.193866 0.310217
vt 0.225953 0.722890
vt 0.184165 0.322652
vt 0.214547 0.707085
vt 0.203194 0.692932
vt 0.216638 0.709978
vt 0.169648 0.659762
vt 0.169406 0.338194
vt 0.173722 0.334087
vt 0.174645 0.333207
vt 0.181418 0.670016
vt 0.171700 0.661548
vt 0.194619 0.683342
vt 0.193027 0.681564
vt 0.292123 0.839257
vt 0.272087 0.157218
vt 0.282850 0.136004
vt 0.269179 0.163208
vt 0.263000 0.176425
vt 0.251404 0.201562
vt 0.257075 0.189070
vt 0.243391 0.219174
vt 0.286264 0.129811
vt 0.230260 0.247265
vt 0.237723 0.740848
vt 0.228288 0.251181
vt 0.250340 0.761823
vt 0.238744 0.742542
vt 0.279614 0.815462
vt 0.265598 0.789168
vt 0.264737 0.787558
vt 0.335641 0.916505
vt 0.331075 0.909121
vt 0.336077 0.916979
vt 0.341089 0.924864
vt 0.327902 0.064895
vt 0.327912 0.064882
vt 0.340112 0.049986
vt 0.306184 0.095819
vt 0.316140 0.080852
vt 0.293330 0.841552
vt 0.293691 0.116307
vt 0.304755 0.097963
vt 0.292123 0.119155
vt 0.312708 0.877324
vt 0.306316 0.865848
vt 0.318839 0.888360
vt 0.341079 0.924837
vt 0.341089 0.048915
vt 0.365052 0.958736
vt 0.352466 0.036439
vt 0.352765 0.036111
vt 0.365878 0.023217
vt 0.379448 0.011273
vt 0.347396 0.934542
vt 0.359125 0.951104
vt 0.380924 0.010116
vt 0.381910 0.009337
vt 0.381910 0.979181
vt 0.370919 0.966315
vt 0.995340 0.888627
vt 0.995340 0.113201
vt 1.000000 0.113339
vt 0.990640 0.113040
vt 1.000000 0.888489
vt 0.990640 0.888788
vt 0.973982 0.112392
vt 0.984700 0.112835
vt 0.984700 0.888993
vt 0.971880 0.112290
vt 0.973982 0.889436
vt 0.952774 0.111282
vt 0.963116 0.889963
vt 0.956926 0.890298
vt 0.963116 0.111865
vt 0.956926 0.111530
vt 0.971880 0.889538
vt 0.934726 0.110110
vt 0.946569 0.890917
vt 0.936118 0.891615
vt 0.946569 0.110911
vt 0.936118 0.110213
vt 0.952774 0.890546
vt 0.925654 0.109438
vt 0.934726 0.891718
vt 0.925654 0.892389
vt 0.913920 0.893350
vt 0.913920 0.108478
vt 0.893024 0.106528
vt 0.913465 0.893387
vt 0.902420 0.894381
vt 0.913465 0.108441
vt 0.902420 0.107447
vt 0.869402 0.103952
vt 0.880834 0.896575
vt 0.870281 0.897770
vt 0.891545 0.895445
vt 0.891545 0.106383
vt 0.870281 0.104058
vt 0.880834 0.105253
vt 0.893024 0.895300
vt 0.859876 0.102800
vt 0.859876 0.899027
vt 0.850831 0.900186
vt 0.869402 0.897876
vt 0.838601 0.901882
vt 0.838601 0.099946
vt 0.850831 0.101642
vt 0.831316 0.098935
vt 0.831316 0.902893
vt 0.811208 0.095847
vt 0.811208 0.905981
vt 0.795505 0.908596
vt 0.791622 0.909319
vt 0.791622 0.092509
vt 0.795505 0.093232
vt 0.719834 0.923350
vt 0.710887 0.076444
vt 0.719834 0.078478
vt 0.750968 0.916886
vt 0.750968 0.084942
vt 0.661233 0.936674
vt 0.661233 0.065154
vt 0.649509 0.062359
vt 0.710887 0.925384
vt 0.649509 0.939469
vt 0.634391 0.058635
vt 0.621621 0.055534
vt 0.634391 0.943193
vt 0.621621 0.946294
vt 0.590436 0.047750
vt 0.590436 0.954078
vt 0.582300 0.956132
vt 0.582300 0.045696
vt 0.559347 0.039902
vt 0.559347 0.961926
vt 0.536147 0.967785
vt 0.536147 0.034043
vt 0.502919 0.976118
vt 0.494374 0.023604
vt 0.502919 0.025710
vt 0.530326 0.969255
vt 0.530326 0.032573
vt 0.476811 0.019277
vt 0.494374 0.978223
vt 0.476811 0.982551
vt 0.456250 0.014318
vt 0.421116 0.006103
vt 0.443026 0.990649
vt 0.421116 0.995725
vt 0.443003 0.011174
vt 0.454368 0.987964
vt 0.454368 0.013864
vt 0.456250 0.987510
vt 0.417885 0.996451
vt 0.417885 0.005369
vt 0.393790 0.000000
vt 0.382842 0.980273
vt 0.416284 0.005005
vt 0.390326 0.988171
vt 0.402094 1.000000
vt 0.394943 0.993059
vt 0.000185 0.003088
vt 0.000102 0.975196
vt 0.000113 0.975196
vt 0.982751 0.975196
vt 0.000102 0.975196
vt 0.989505 0.975196
vt 0.986515 0.975196
vt 0.992971 0.975196
vt 0.991669 0.975196
vt 0.999898 0.016080
vt 0.992896 0.975196
vt 0.000000 0.013336
vt 0.992971 0.975196
vt 0.000095 0.000000
vt 0.992992 0.975196
vt 0.999898 0.975196
vt 0.999919 0.975196
vt 0.991669 0.975196
vt 0.989505 0.975196
vt 0.986515 0.975196
vt 0.982751 0.975196
vt 0.000113 0.975196
vt 0.000185 0.975196
vt 0.243158 0.975119
vt 0.162542 0.123159
vt 0.243758 0.975119
vt 0.197972 0.115739
vt 0.244775 0.975119
vt 0.245813 0.975119
vt 0.244775 0.975119
vt 0.239042 0.975119
vt 0.035409 0.154281
vt 0.239930 0.975119
vt 0.000000 0.165101
vt 0.238795 0.975119
vt 0.000000 0.975119
vt 0.007587 0.162652
vt 0.064890 0.146212
vt 0.240848 0.975120
vt 0.240848 0.975119
vt 0.095949 0.138366
vt 0.241793 0.975119
vt 0.128518 0.130694
vt 0.242764 0.975119
vt 0.242764 0.975119
vt 0.141939 0.127722
vt 0.243158 0.975119
vt 0.489472 0.975119
vt 0.392199 0.080368
vt 0.491708 0.975119
vt 0.489464 0.975119
vt 0.312295 0.094024
vt 0.491708 0.975119
vt 0.468184 0.068274
vt 0.493773 0.975119
vt 0.246130 0.106260
vt 0.487561 0.975120
vt 0.246130 0.975119
vt 0.487561 0.975119
vt 0.272885 0.101181
vt 0.488341 0.975119
vt 0.488341 0.975119
vt 0.312019 0.094074
vt 0.489464 0.975119
vt 0.758069 0.975119
vt 0.693658 0.036341
vt 0.759839 0.975119
vt 0.498749 0.063707
vt 0.495841 0.975120
vt 0.494588 0.975119
vt 0.546287 0.056604
vt 0.755915 0.975120
vt 0.495841 0.975119
vt 0.626382 0.045330
vt 0.758070 0.975119
vt 0.759839 0.975119
vt 0.696960 0.035924
vt 0.759925 0.975119
vt 0.494475 0.064345
vt 0.494588 0.975119
vt 0.494475 0.975119
vt 0.793781 0.023692
vt 0.994745 0.975119
vt 0.762414 0.975119
vt 0.761593 0.027758
vt 0.761593 0.975119
vt 0.895909 0.011591
vt 0.997380 0.975119
vt 0.997380 0.975119
vt 0.906536 0.010408
vt 0.997650 0.975119
vt 0.997650 0.975119
vt 0.761593 0.975119
vt 0.759925 0.975119
vt 0.494475 0.975120
vt 0.493773 0.975119
vt 0.234765 0.108417
vt 0.245813 0.975119
vt 0.994764 0.147279
vt 0.997756 0.470421
vt 0.996666 0.476497
vt 1.000000 0.150240
vt 1.000000 0.459811
vt 0.967304 0.724750
vt 0.960653 0.807769
vt 0.959663 0.813407
vt 0.967334 0.765480
vt 0.965082 0.782370
vt 0.973620 0.708978
vt 0.969807 0.746801
vt 0.975031 0.691568
vt 0.976484 0.673555
vt 0.981161 0.608405
vt 0.978887 0.640122
vt 0.951801 0.846913
vt 0.951801 0.127535
vt 0.982409 0.592682
vt 0.983552 0.578216
vt 0.953446 0.841094
vt 0.989427 0.521896
vt 0.989196 0.523903
vt 0.986253 0.549414
vt 0.993217 0.495585
vt 0.989516 0.144311
vt 0.994764 0.487006
vt 0.977901 0.138513
vt 0.977310 0.138245
vt 0.965154 0.132849
vt 0.948698 0.126386
vt 0.951266 0.127322
vt 0.919995 0.116689
vt 0.936221 0.121935
vt 0.910723 0.113947
vt 0.936709 0.886800
vt 0.922878 0.922165
vt 0.916266 0.934002
vt 0.907525 0.113039
vt 0.950539 0.851435
vt 0.907525 0.947078
vt 0.935223 0.896625
vt 0.926317 0.915926
vt 0.938193 0.889266
vt 0.946450 0.865836
vt 0.938644 0.888144
vt 0.869007 0.989513
vt 0.894449 0.963211
vt 0.883850 0.975635
vt 0.862662 0.101545
vt 0.905048 0.950786
vt 0.862662 0.994490
vt 0.904970 0.950901
vt 0.893712 0.965059
vt 0.902556 0.111585
vt 0.883859 0.106623
vt 0.863849 0.101805
vt 0.816024 0.988316
vt 0.842457 0.097128
vt 0.858649 0.100649
vt 0.821647 0.990134
vt 0.859324 0.997137
vt 0.839770 0.995579
vt 0.838691 0.096349
vt 0.816024 0.091929
vt 0.817217 0.092142
vt 0.855638 1.000000
vt 0.781917 0.086001
vt 0.794392 0.088055
vt 0.783388 0.977311
vt 0.772066 0.973128
vt 0.803204 0.984172
vt 0.772066 0.084401
vt 0.741119 0.961183
vt 0.732328 0.957509
vt 0.746498 0.080529
vt 0.769969 0.084058
vt 0.720519 0.076931
vt 0.722150 0.077142
vt 0.762939 0.969755
vt 0.692313 0.940214
vt 0.668625 0.929154
vt 0.669347 0.070547
vt 0.696554 0.073834
vt 0.668625 0.070465
vt 0.720519 0.952596
vt 0.717691 0.951417
vt 0.633278 0.911817
vt 0.611760 0.900583
vt 0.611760 0.064145
vt 0.639541 0.067156
vt 0.664464 0.927211
vt 0.529900 0.055477
vt 0.590546 0.889337
vt 0.552299 0.868115
vt 0.597110 0.892934
vt 0.558205 0.058489
vt 0.604854 0.063397
vt 0.611601 0.064133
vt 0.509949 0.053354
vt 0.503440 0.839407
vt 0.490033 0.831172
vt 0.529900 0.854954
vt 0.490033 0.051116
vt 0.426985 0.043610
vt 0.459994 0.047692
vt 0.469337 0.048791
vt 0.417308 0.042307
vt 0.485711 0.828572
vt 0.471816 0.819982
vt 0.441582 0.800832
vt 0.417308 0.785033
vt 0.396313 0.039479
vt 0.400697 0.040077
vt 0.367577 0.035240
vt 0.364170 0.034688
vt 0.412530 0.781923
vt 0.399189 0.773092
vt 0.384497 0.763230
vt 0.364170 0.749372
vt 0.314888 0.026284
vt 0.331013 0.726401
vt 0.324041 0.721523
vt 0.340495 0.030850
vt 0.357359 0.744729
vt 0.314888 0.714971
vt 0.280385 0.690198
vt 0.267981 0.681098
vt 0.305378 0.708230
vt 0.267981 0.016635
vt 0.288738 0.021124
vt 0.290548 0.021509
vt 0.314868 0.026281
vt 0.232114 0.654495
vt 0.222516 0.647223
vt 0.256909 0.672988
vt 0.255978 0.672291
vt 0.224599 0.005837
vt 0.245467 0.011296
vt 0.222516 0.005236
vt 0.267437 0.016517
vt 0.183140 0.021810
vt 0.201612 0.002819
vt 0.221076 0.004838
vt 0.186615 0.619759
vt 0.177853 0.612919
vt 0.177853 0.027257
vt 0.208753 0.636796
vt 0.204971 0.633904
vt 0.146488 0.588173
vt 0.142036 0.064244
vt 0.151631 0.054197
vt 0.133539 0.577720
vt 0.133539 0.073074
vt 0.162454 0.043126
vt 0.168496 0.605614
vt 0.089243 0.119478
vt 0.122845 0.569086
vt 0.110988 0.559434
vt 0.100830 0.550943
vt 0.096452 0.111755
vt 0.103284 0.104655
vt 0.123187 0.083834
vt 0.044721 0.167378
vt 0.058103 0.514412
vt 0.057351 0.513755
vt 0.078835 0.532387
vt 0.089243 0.541168
vt 0.059480 0.151257
vt 0.079517 0.129775
vt 0.083556 0.125482
vt 0.046547 0.165259
vt 0.010702 0.470571
vt 0.000000 0.459811
vt 0.000000 0.218278
vt 0.019679 0.195314
vt 0.014151 0.473933
vt 0.033307 0.492082
vt 0.044721 0.502361
vt 0.039525 0.173052
vt 0.204357 0.000000
vt 0.881712 0.977897
vt 1.000000 0.012085
vt 0.999942 0.975383
vt 0.006514 0.975383
vt 0.999442 0.000000
vt 0.999824 0.975383
vt 0.999880 0.975383
vt 0.999880 0.975383
vt 0.999938 0.975383
vt 0.999769 0.975383
vt 0.999824 0.975383
vt 0.999716 0.975383
vt 0.999769 0.975383
vt 0.999442 0.975383
vt 0.999639 0.975383
vt 0.999639 0.975383
vt 0.999668 0.975383
vt 0.999668 0.975383
vt 0.999716 0.975383
vt 0.999942 0.975383
vt 0.036646 0.490231
vt 0.036646 0.512320
vt 0.030981 0.510452
vt 0.030981 0.492099
vt 0.015751 0.505819
vt 0.000000 0.501275
vt 0.015751 0.496732
vt 0.063338 0.480679
vt 0.063338 0.521872
vt 0.060006 0.520516
vt 0.045722 0.515313
vt 0.060006 0.482035
vt 0.045722 0.487238
vt 0.073856 0.476400
vt 0.073856 0.526150
vt 0.087296 0.470263
vt 0.087296 0.532288
vt 0.087356 0.470232
vt 0.087356 0.532318
vt 0.100345 0.538984
vt 0.107677 0.459448
vt 0.107677 0.543103
vt 0.100345 0.463567
vt 0.109359 0.544137
vt 0.120454 0.550958
vt 0.109359 0.458414
vt 0.130086 0.444974
vt 0.130086 0.557577
vt 0.120454 0.451593
vt 0.144762 0.433968
vt 0.144762 0.568582
vt 0.132793 0.559438
vt 0.152076 0.427787
vt 0.152076 0.574764
vt 0.132793 0.443113
vt 0.156418 0.424117
vt 0.156418 0.578434
vt 0.172808 0.408421
vt 0.172808 0.594130
vt 0.167812 0.589033
vt 0.167812 0.413517
vt 0.190309 0.613039
vt 0.179158 0.600608
vt 0.179158 0.401943
vt 0.190309 0.389512
vt 0.193360 0.385807
vt 0.193360 0.616744
vt 0.213646 0.359837
vt 0.213719 0.642819
vt 0.213646 0.642714
vt 0.201440 0.375998
vt 0.201440 0.626553
vt 0.234099 0.673302
vt 0.225670 0.660082
vt 0.225670 0.342469
vt 0.213719 0.359732
vt 0.237642 0.678859
vt 0.234099 0.329249
vt 0.249715 0.699283
vt 0.237642 0.323691
vt 0.249715 0.303268
vt 0.254821 0.294148
vt 0.254821 0.708403
vt 0.269351 0.735583
vt 0.256575 0.711537
vt 0.256575 0.291014
vt 0.269352 0.266966
vt 0.276867 0.750659
vt 0.296497 0.791757
vt 0.282651 0.762259
vt 0.282652 0.240288
vt 0.296500 0.210787
vt 0.300540 0.800873
vt 0.276867 0.251892
vt 0.324531 0.856595
vt 0.310918 0.824276
vt 0.310921 0.178266
vt 0.324531 0.145956
vt 0.327468 0.863760
vt 0.300540 0.201678
vt 0.327470 0.863765
vt 0.327468 0.138789
vt 0.344203 0.905919
vt 0.327500 0.138712
vt 0.344259 0.096486
vt 0.354799 0.068587
vt 0.354799 0.933962
vt 0.361229 0.051564
vt 0.361146 0.950762
vt 0.378926 1.000000
vt 0.379827 0.000000
vt 0.384224 0.004204
vt 0.384224 0.995182
vt 0.412312 0.972132
vt 0.412648 0.028656
vt 0.415870 0.030770
vt 0.415870 0.969870
vt 0.395716 0.015192
vt 0.410317 0.973682
vt 0.395142 0.985252
vt 0.388250 0.007982
vt 0.430495 0.960572
vt 0.430667 0.040475
vt 0.449824 0.050750
vt 0.449977 0.950474
vt 0.486852 0.065354
vt 0.486852 0.936136
vt 0.473578 0.940509
vt 0.451720 0.949571
vt 0.454882 0.052899
vt 0.449977 0.050816
vt 0.471867 0.060248
vt 0.518133 0.074308
vt 0.518324 0.927280
vt 0.496209 0.933060
vt 0.494620 0.068000
vt 0.526916 0.076288
vt 0.526916 0.925522
vt 0.496118 0.933084
vt 0.528247 0.076588
vt 0.554308 0.081492
vt 0.543659 0.922096
vt 0.570770 0.917863
vt 0.570770 0.083854
vt 0.582443 0.085528
vt 0.613167 0.088827
vt 0.600533 0.914381
vt 0.619342 0.912775
vt 0.619342 0.089312
vt 0.570917 0.917840
vt 0.575889 0.084579
vt 0.664998 0.909660
vt 0.632946 0.911613
vt 0.646888 0.091478
vt 0.664998 0.092498
vt 0.684881 0.093617
vt 0.724827 0.095226
vt 0.710229 0.907663
vt 0.743144 0.906652
vt 0.743144 0.095786
vt 0.669022 0.909415
vt 0.698849 0.908149
vt 0.784362 0.905609
vt 0.748406 0.906491
vt 0.762090 0.096365
vt 0.818635 0.904858
vt 0.797357 0.097274
vt 0.847993 0.904221
vt 0.831100 0.098095
vt 0.847993 0.098522
vt 0.883580 0.903406
vt 0.851610 0.904142
vt 0.863663 0.098917
vt 0.914783 0.902622
vt 0.895317 0.099795
vt 0.923997 0.100685
vt 0.923997 0.902373
vt 0.926283 0.100756
vt 0.956758 0.101806
vt 0.945423 0.901792
vt 0.975682 0.900947
vt 0.966917 0.102185
vt 0.979532 0.102647
vt 0.979532 0.900844
vt 1.000000 0.900295
vt 0.986920 0.102919
vt 1.000000 0.103412
vt 0.957016 0.179560
vt 0.919720 0.980133
vt 0.972189 0.184269
vt 0.918445 0.980133
vt 0.919865 0.168711
vt 1.000000 0.980133
vt 1.000000 0.192965
vt 0.920419 0.980133
vt 0.993963 0.191026
vt 0.920419 0.980133
vt 0.920265 0.980133
vt 0.882480 0.158457
vt 0.819078 0.980133
vt 0.901473 0.163667
vt 0.844832 0.148769
vt 0.818618 0.980133
vt 0.918410 0.980133
vt 0.918410 0.168312
vt 0.819494 0.980133
vt 0.819494 0.980133
vt 0.817391 0.980133
vt 0.830751 0.145371
vt 0.729984 0.122719
vt 0.710515 0.980133
vt 0.758919 0.128880
vt 0.806889 0.139612
vt 0.711637 0.980133
vt 0.816838 0.980133
vt 0.817074 0.142070
vt 0.817073 0.980133
vt 0.768619 0.130945
vt 0.711637 0.980133
vt 0.710740 0.980133
vt 0.651454 0.107334
vt 0.595550 0.980133
vt 0.684448 0.113633
vt 0.611455 0.100012
vt 0.594801 0.980133
vt 0.690945 0.114873
vt 0.708827 0.980133
vt 0.708972 0.980133
vt 0.709386 0.118579
vt 0.708972 0.980133
vt 0.709386 0.980133
vt 0.595550 0.980133
vt 0.570882 0.092787
vt 0.468868 0.980133
vt 0.593016 0.980133
vt 0.588079 0.095850
vt 0.593392 0.980133
vt 0.538399 0.087037
vt 0.593512 0.096817
vt 0.593392 0.980133
vt 0.593512 0.980133
vt 0.510916 0.082170
vt 0.468146 0.980133
vt 0.324378 0.980133
vt 0.336891 0.044543
vt 0.334429 0.043778
vt 0.383404 0.056668
vt 0.325499 0.980133
vt 0.387463 0.057665
vt 0.443088 0.069428
vt 0.326703 0.980133
vt 0.466082 0.980133
vt 0.459070 0.072617
vt 0.466082 0.980133
vt 0.466423 0.980133
vt 0.466584 0.074001
vt 0.466423 0.980133
vt 0.466584 0.980133
vt 0.419622 0.064746
vt 0.326192 0.980133
vt 0.360297 0.050994
vt 0.325412 0.980133
vt 0.324429 0.980133
vt 0.169635 0.020673
vt 0.166694 0.980133
vt 0.189577 0.013572
vt 0.166955 0.980133
vt 0.202677 0.009434
vt 0.235388 0.000000
vt 0.167791 0.980133
vt 0.244624 0.006155
vt 0.210860 0.006849
vt 0.167598 0.980133
vt 0.167117 0.980133
vt 0.166293 0.980133
vt 0.166293 0.980133
vt 0.259802 0.014756
vt 0.168295 0.980133
vt 0.268459 0.019193
vt 0.291535 0.029124
vt 0.168940 0.980133
vt 0.298579 0.031921
vt 0.324006 0.980133
vt 0.316488 0.038205
vt 0.169328 0.980133
vt 0.324164 0.040590
vt 0.324006 0.980133
vt 0.324164 0.980133
vt 0.169328 0.980133
vt 0.282793 0.025653
vt 0.168788 0.980133
vt 0.168601 0.980133
vt 0.256002 0.012808
vt 0.168111 0.980133
vt 0.168030 0.980133
vt 0.000000 0.250900
vt 0.161948 0.980133
vt 0.002118 0.237448
vt 0.004277 0.224463
vt 0.162123 0.980133
vt 0.005145 0.219664
vt 0.162075 0.980133
vt 0.008967 0.199893
vt 0.162348 0.980133
vt 0.009596 0.197120
vt 0.006542 0.211945
vt 0.162319 0.980133
vt 0.162198 0.980133
vt 0.014468 0.177127
vt 0.162559 0.980133
vt 0.162559 0.980134
vt 0.011593 0.188304
vt 0.162559 0.980133
vt 0.014454 0.177176
vt 0.162439 0.980133
vt 0.019970 0.159242
vt 0.162751 0.980133
vt 0.162768 0.980133
vt 0.017575 0.166501
vt 0.162751 0.980133
vt 0.019495 0.160568
vt 0.023157 0.150353
vt 0.162979 0.980133
vt 0.026229 0.142813
vt 0.027109 0.140654
vt 0.163139 0.980133
vt 0.031373 0.131418
vt 0.163224 0.980133
vt 0.034230 0.125932
vt 0.163008 0.980133
vt 0.035966 0.122600
vt 0.163413 0.980133
vt 0.040909 0.114167
vt 0.163477 0.980133
vt 0.043252 0.110607
vt 0.163274 0.980133
vt 0.046308 0.105963
vt 0.163710 0.980133
vt 0.052107 0.098104
vt 0.053801 0.096054
vt 0.163710 0.980133
vt 0.163753 0.980133
vt 0.065957 0.082362
vt 0.163869 0.980133
vt 0.164053 0.980133
vt 0.164054 0.980133
vt 0.066004 0.082317
vt 0.058413 0.090471
vt 0.163753 0.980133
vt 0.163559 0.980133
vt 0.162878 0.980133
vt 0.080187 0.069508
vt 0.164245 0.980133
vt 0.164387 0.980133
vt 0.092389 0.060125
vt 0.164448 0.980133
vt 0.164663 0.980133
vt 0.096638 0.057208
vt 0.164757 0.980133
vt 0.082841 0.067275
vt 0.164448 0.980133
vt 0.109378 0.049105
vt 0.165186 0.980133
vt 0.116357 0.045172
vt 0.164790 0.980133
vt 0.165036 0.980133
vt 0.121880 0.042060
vt 0.165596 0.980133
vt 0.135722 0.035073
vt 0.165683 0.980133
vt 0.139924 0.033174
vt 0.166224 0.980133
vt 0.151006 0.028165
vt 0.165913 0.980133
vt 0.165304 0.980133
vt 0.098121 0.056190
vt 0.074067 0.074656
vt 0.164054 0.980133
vt 0.162681 0.980133
vt 0.000000 0.980133
vt 0.161815 0.980133
vt 0.166292 0.980133
vt 0.166224 0.022045
vt 0.324378 0.980133
vt 0.467543 0.980133
vt 0.593512 0.980133
vt 0.593908 0.980133
vt 0.709386 0.980133
vt 0.709852 0.980133
vt 0.918445 0.980133
vt 0.427935 0.077086
vt 0.327087 0.980127
vt 0.326399 0.980127
vt 0.424282 0.076190
vt 0.326318 0.980127
vt 0.458786 0.084655
vt 0.466414 0.980127
vt 0.327087 0.980127
vt 0.399132 0.069528
vt 0.325766 0.980127
vt 0.374917 0.062607
vt 0.325766 0.980127
vt 0.325240 0.980127
vt 0.351638 0.055363
vt 0.325088 0.980127
vt 0.324742 0.980127
vt 0.367816 0.060398
vt 0.325240 0.980127
vt 0.324368 0.980127
vt 0.333908 0.049357
vt 0.324164 0.980127
vt 0.324164 0.045778
vt 0.535207 0.101536
vt 0.469034 0.980127
vt 0.468101 0.980127
vt 0.576327 0.109962
vt 0.593128 0.980127
vt 0.469034 0.980127
vt 0.496054 0.093142
vt 0.467686 0.980127
vt 0.467229 0.980127
vt 0.516645 0.097557
vt 0.466584 0.980127
vt 0.466584 0.086431
vt 0.672829 0.128993
vt 0.595862 0.980127
vt 0.595321 0.980127
vt 0.664867 0.127436
vt 0.595321 0.980127
vt 0.595137 0.980127
vt 0.695993 0.133551
vt 0.709079 0.980127
vt 0.619510 0.118549
vt 0.595137 0.980127
vt 0.594098 0.980127
vt 0.593512 0.980127
vt 0.593512 0.113379
vt 0.796217 0.153583
vt 0.711568 0.980127
vt 0.711425 0.980127
vt 0.736557 0.141531
vt 0.711425 0.980127
vt 0.710015 0.980127
vt 0.709386 0.980127
vt 0.709386 0.136185
vt 0.802202 0.154843
vt 0.816724 0.980127
vt 0.905622 0.177189
vt 0.918101 0.980127
vt 0.819212 0.980127
vt 0.884640 0.172545
vt 0.818696 0.980127
vt 0.852379 0.165404
vt 0.817074 0.980127
vt 0.817074 0.157973
vt 0.817914 0.980127
vt 0.962392 0.190565
vt 0.920437 0.980127
vt 0.919490 0.980127
vt 0.956398 0.189079
vt 0.918410 0.980127
vt 0.918410 0.180183
vt 0.919490 0.980127
vt 0.919341 0.980127
vt 0.139924 0.032865
vt 0.165913 0.980127
vt 0.165683 0.980127
vt 0.116357 0.044867
vt 0.165304 0.980127
vt 0.165186 0.980127
vt 0.121878 0.041755
vt 0.165596 0.980127
vt 0.165304 0.980127
vt 0.164790 0.980127
vt 0.109377 0.048802
vt 0.165036 0.980127
vt 0.096638 0.056907
vt 0.164757 0.980127
vt 0.165186 0.980127
vt 0.135719 0.034766
vt 0.164387 0.980127
vt 0.082841 0.066977
vt 0.164448 0.980127
vt 0.092389 0.059824
vt 0.164663 0.980127
vt 0.164054 0.980127
vt 0.074067 0.074360
vt 0.164245 0.980127
vt 0.163753 0.980127
vt 0.058413 0.090180
vt 0.163869 0.980127
vt 0.065957 0.082069
vt 0.164053 0.980127
vt 0.066004 0.082024
vt 0.164054 0.980127
vt 0.043252 0.110323
vt 0.163559 0.980127
vt 0.163477 0.980127
vt 0.052107 0.097815
vt 0.046308 0.105678
vt 0.163710 0.980127
vt 0.053801 0.095765
vt 0.164245 0.980127
vt 0.080187 0.069211
vt 0.164663 0.980127
vt 0.164757 0.980127
vt 0.034230 0.125653
vt 0.163274 0.980127
vt 0.163224 0.980127
vt 0.035966 0.122320
vt 0.163413 0.980127
vt 0.163274 0.980127
vt 0.026229 0.142539
vt 0.163008 0.980127
vt 0.162979 0.980127
vt 0.027109 0.140379
vt 0.163139 0.980127
vt 0.163008 0.980127
vt 0.019970 0.158973
vt 0.162878 0.980127
vt 0.162768 0.980127
vt 0.023157 0.150081
vt 0.162979 0.980127
vt 0.162878 0.980127
vt 0.031373 0.131140
vt 0.163139 0.980127
vt 0.040909 0.113884
vt 0.163477 0.980127
vt 0.017575 0.166235
vt 0.162751 0.980127
vt 0.162681 0.980127
vt 0.014468 0.176864
vt 0.162560 0.980127
vt 0.011593 0.188045
vt 0.162559 0.980127
vt 0.162439 0.980127
vt 0.009596 0.196863
vt 0.162439 0.980127
vt 0.162348 0.980127
vt 0.162559 0.980127
vt 0.014454 0.176913
vt 0.006542 0.211693
vt 0.162319 0.980127
vt 0.162198 0.980127
vt 0.005145 0.219414
vt 0.162123 0.980127
vt 0.002118 0.237204
vt 0.162075 0.980127
vt 0.161948 0.980127
vt 0.000000 0.250661
vt 0.161815 0.980127
vt 0.000000 0.980127
vt 0.161948 0.980127
vt 0.161815 0.980127
vt 0.004277 0.224215
vt 0.162123 0.980127
vt 0.162075 0.980127
vt 0.008967 0.199637
vt 0.162348 0.980127
vt 0.162319 0.980127
vt 0.019495 0.160300
vt 0.162768 0.980127
vt 0.162751 0.980127
vt 0.317227 0.043230
vt 0.169409 0.980127
vt 0.169360 0.980127
vt 0.169409 0.980127
vt 0.319445 0.044045
vt 0.324066 0.980127
vt 0.301157 0.036789
vt 0.169008 0.980127
vt 0.276060 0.025344
vt 0.168556 0.980127
vt 0.168463 0.980127
vt 0.280355 0.027407
vt 0.168672 0.980127
vt 0.168556 0.980127
vt 0.264836 0.019506
vt 0.168463 0.980127
vt 0.168222 0.980127
vt 0.285711 0.029979
vt 0.169008 0.980127
vt 0.168672 0.980127
vt 0.254066 0.013347
vt 0.167993 0.980127
vt 0.243766 0.006814
vt 0.167882 0.980127
vt 0.167775 0.980127
vt 0.248826 0.010024
vt 0.210753 0.006563
vt 0.167574 0.980127
vt 0.167114 0.980127
vt 0.202677 0.009116
vt 0.167115 0.980127
vt 0.166955 0.980127
vt 0.166292 0.980127
vt 0.169601 0.020373
vt 0.166693 0.980127
vt 0.166224 0.021732
vt 0.166292 0.980127
vt 0.166224 0.980127
vt 0.189508 0.013280
vt 0.166955 0.980127
vt 0.166693 0.980127
vt 0.167775 0.980127
vt 0.234172 0.000000
vt 0.324066 0.980127
vt 0.151002 0.027856
vt 1.000000 0.980127
vt 1.000000 0.199887
vt 0.918101 0.980127
vt 0.000231 0.000000
vt 0.000005 0.975162
vt 0.000035 0.975162
vt 0.982782 0.975162
vt 0.000005 0.975162
vt 0.992845 0.975162
vt 0.991581 0.975162
vt 0.999721 0.009592
vt 0.999721 0.975162
vt 0.999779 0.975162
vt 0.989458 0.975162
vt 0.986506 0.975162
vt 0.986506 0.975162
vt 0.982782 0.975162
vt 0.000035 0.975162
vt 0.000231 0.975162
vt 0.043105 0.190356
vt 0.021127 0.473182
vt 0.024751 0.475446
vt 0.033456 0.480815
vt 0.010016 0.466744
vt 0.002691 0.219180
vt 0.000000 0.220808
vt 0.012023 0.213212
vt 0.039489 0.193235
vt 0.030355 0.200223
vt 0.021218 0.206887
vt 0.000000 0.461380
vt 0.086090 0.153862
vt 0.081291 0.513644
vt 0.083263 0.515109
vt 0.063783 0.501179
vt 0.047110 0.489747
vt 0.048657 0.185935
vt 0.076624 0.162259
vt 0.069996 0.168000
vt 0.067206 0.170439
vt 0.057889 0.178333
vt 0.043105 0.487127
vt 0.086157 0.153803
vt 0.099625 0.527061
vt 0.108010 0.533289
vt 0.086090 0.517156
vt 0.128654 0.548804
vt 0.104983 0.136656
vt 0.129277 0.549278
vt 0.129277 0.113792
vt 0.128265 0.114708
vt 0.122410 0.120350
vt 0.139961 0.103589
vt 0.150057 0.565077
vt 0.156370 0.569901
vt 0.144111 0.560607
vt 0.173054 0.582689
vt 0.172342 0.071960
vt 0.157662 0.086399
vt 0.173054 0.071252
vt 0.217920 0.026269
vt 0.179588 0.587698
vt 0.204205 0.606603
vt 0.193928 0.050471
vt 0.186928 0.057380
vt 0.215681 0.028550
vt 0.990105 0.147516
vt 0.995905 0.481177
vt 0.996565 0.478000
vt 1.000000 0.153041
vt 0.979276 0.142102
vt 0.977070 0.141095
vt 0.970939 0.138338
vt 0.988029 0.533312
vt 0.989119 0.525218
vt 0.980116 0.621011
vt 0.982194 0.593723
vt 0.974854 0.692215
vt 0.975287 0.687231
vt 0.977820 0.653220
vt 0.970939 0.734090
vt 0.972140 0.723356
vt 0.982448 0.590386
vt 0.985027 0.561191
vt 0.991608 0.506663
vt 0.939196 0.882924
vt 0.950734 0.851447
vt 0.950772 0.851318
vt 0.967255 0.765834
vt 0.967809 0.762080
vt 0.960474 0.807954
vt 0.948733 0.129283
vt 0.941245 0.126493
vt 0.967520 0.136795
vt 0.954843 0.131593
vt 0.962858 0.795509
vt 0.927657 0.121814
vt 0.957193 0.824985
vt 0.927657 0.914400
vt 0.938371 0.889126
vt 0.943611 0.874945
vt 0.935700 0.896298
vt 0.883416 0.979024
vt 0.912228 0.116889
vt 0.911266 0.116588
vt 0.894863 0.111776
vt 0.918189 0.932352
vt 0.895071 0.964713
vt 0.906725 0.950402
vt 0.926722 0.121493
vt 0.927625 0.914474
vt 0.923728 0.921895
vt 0.885206 0.977088
vt 0.886995 0.975153
vt 0.896053 0.964742
vt 0.884813 0.977639
vt 0.907688 0.949094
vt 0.837347 0.993015
vt 0.864056 0.103647
vt 0.859136 0.102416
vt 0.839761 0.097858
vt 0.877494 0.107054
vt 0.872992 0.989359
vt 0.883416 0.108664
vt 0.844987 0.995427
vt 0.864637 0.996569
vt 0.860627 1.000000
vt 0.793890 0.977984
vt 0.798267 0.089056
vt 0.797827 0.088967
vt 0.837347 0.097329
vt 0.814232 0.985382
vt 0.829431 0.990516
vt 0.799320 0.980031
vt 0.819337 0.093377
vt 0.793890 0.088211
vt 0.750348 0.960406
vt 0.768578 0.968067
vt 0.787118 0.975430
vt 0.775195 0.084621
vt 0.747956 0.959348
vt 0.751406 0.080333
vt 0.747956 0.079746
vt 0.714100 0.944000
vt 0.732358 0.952453
vt 0.698216 0.936287
vt 0.729330 0.076575
vt 0.703278 0.072373
vt 0.698216 0.071599
vt 0.742876 0.957098
vt 0.642899 0.907625
vt 0.669674 0.067276
vt 0.645618 0.063767
vt 0.668581 0.921357
vt 0.691245 0.932902
vt 0.646032 0.909367
vt 0.675629 0.068143
vt 0.642899 0.063386
vt 0.610039 0.889198
vt 0.616445 0.892916
vt 0.611975 0.059060
vt 0.569735 0.865327
vt 0.585918 0.875146
vt 0.572161 0.053666
vt 0.569735 0.053342
vt 0.524010 0.836870
vt 0.555149 0.856477
vt 0.511393 0.828675
vt 0.460148 0.794648
vt 0.492382 0.816278
vt 0.530180 0.048060
vt 0.438690 0.779801
vt 0.454581 0.790851
vt 0.494926 0.043316
vt 0.491535 0.042858
vt 0.455703 0.037900
vt 0.367213 0.729145
vt 0.422352 0.033086
vt 0.391233 0.028346
vt 0.380035 0.026568
vt 0.438690 0.035444
vt 0.371115 0.732000
vt 0.410871 0.760457
vt 0.429444 0.773414
vt 0.367213 0.024440
vt 0.367164 0.024437
vt 0.313844 0.689818
vt 0.334514 0.705211
vt 0.357464 0.722050
vt 0.352299 0.021965
vt 0.326215 0.017334
vt 0.264542 0.652724
vt 0.301577 0.012636
vt 0.280053 0.008218
vt 0.313844 0.014975
vt 0.268299 0.655585
vt 0.292261 0.673708
vt 0.300406 0.679810
vt 0.278235 0.007842
vt 0.264542 0.004805
vt 0.217920 0.617126
vt 0.256079 0.002928
vt 0.237621 0.006206
vt 0.222568 0.620692
vt 0.240977 0.634780
vt 0.243679 0.000000
vt 1.000000 0.461380
vt 0.000000 0.010089
vt 0.998322 0.974922
vt 0.746916 0.002553
vt 0.999985 0.974922
vt 0.802710 0.974922
vt 0.897483 0.974922
vt 0.700308 0.974922
vt 0.600182 0.974922
vt 0.000000 0.974922
vt 0.351841 0.974922
vt 0.415337 0.974922
vt 0.415337 0.974922
vt 0.504856 0.974922
vt 0.504857 0.974922
vt 0.600182 0.974922
vt 0.897483 0.974922
vt 0.993361 0.974922
vt 0.286019 0.032804
vt 0.008332 0.974666
vt 0.007492 0.974666
vt 0.252800 0.028755
vt 0.007492 0.974666
vt 0.006594 0.974666
vt 0.164707 0.018426
vt 0.006594 0.974666
vt 0.004251 0.974666
vt 0.130222 0.014382
vt 0.000000 0.974666
vt 0.004251 0.974666
vt 0.003347 0.974666
vt 0.616007 0.077623
vt 0.325425 0.974666
vt 0.325018 0.974666
vt 0.504930 0.061433
vt 0.323077 0.974666
vt 0.321878 0.974666
vt 0.398090 0.047009
vt 0.318874 0.974666
vt 0.394826 0.046596
vt 0.321878 0.974666
vt 0.318961 0.974666
vt 0.547817 0.067502
vt 0.325018 0.974666
vt 0.323077 0.974666
vt 0.316800 0.974666
vt 0.316800 0.036706
vt 0.866218 0.119994
vt 0.638040 0.974666
vt 0.636908 0.974666
vt 0.822753 0.111844
vt 0.636908 0.974666
vt 0.635605 0.974666
vt 0.726021 0.094890
vt 0.635072 0.974666
vt 0.632795 0.974666
vt 0.630389 0.974666
vt 0.640199 0.081213
vt 0.630110 0.974666
vt 0.630110 0.079716
vt 0.804726 0.108464
vt 0.635072 0.974666
vt 1.000000 0.149887
vt 0.904944 0.974666
vt 0.963080 0.140687
vt 0.903632 0.974666
vt 0.918767 0.130734
vt 0.903178 0.974666
vt 0.903178 0.127548
vt 1.000000 0.974666
vt 0.906063 0.974666
vt 0.630110 0.974666
vt 0.008332 0.974666
vt 0.029801 0.029801
vt 0.029801 0.000000
vt 0.029801 1.000000
vt 0.029801 0.029801
vt 0.851771 0.522946
vt 0.851772 0.522951
vt 0.851780 0.522978
vt 0.993216 0.974791
vt 0.006784 0.974791
vt 0.002774 0.974088
vt 0.003392 0.974088
vt 0.001529 0.974088
vt 0.518149 0.974088
vt 0.504325 0.974088
vt 0.511722 0.974088
vt 0.513103 0.974088
vt 0.514465 0.974088
vt 0.514021 0.974088
vt 0.513568 0.974088
vt 0.515326 0.974088
vt 0.514525 0.974088
vt 0.513529 0.974088
vt 0.512090 0.974088
vt 0.509532 0.974088
vt 0.516168 0.974088
vt 0.517143 0.974088
vt 0.516920 0.974088
vt 0.517458 0.974088
vt 0.516769 0.974088
vt 0.518511 0.974088
vt 0.516117 0.974088
vt 0.001529 0.974088
vt 0.009472 0.974088
vt 0.012622 0.974088
vt 0.007664 0.974088
vt 0.005430 0.974088
vt 0.493506 0.975330
vt 0.245096 0.975330
vt 0.634389 0.974759
vt 0.320186 0.974759
vt 0.321868 0.974759
vt 0.325429 0.974759
vt 0.003072 0.974759
vt 0.006562 0.974759
vt 0.004965 0.974759
vt 0.000004 0.975082
vt 1.000000 0.975119
vt 0.919345 0.980133
vt 0.919345 0.980133
vt 0.919720 0.980133
vt 0.818618 0.980133
vt 0.817721 0.980133
vt 0.817721 0.980133
vt 0.709852 0.980133
vt 0.710740 0.980133
vt 0.594801 0.980133
vt 0.468146 0.980133
vt 0.467543 0.980133
vt 0.324429 0.980133
vt 0.326192 0.980133
vt 0.324921 0.980133
vt 0.324921 0.980133
vt 0.166293 0.980133
vt 0.166694 0.980133
vt 0.167598 0.980133
vt 0.167117 0.980133
vt 0.169598 0.020688
vt 0.168111 0.980133
vt 0.168788 0.980133
vt 0.168940 0.980133
vt 0.168601 0.980133
vt 0.168295 0.980133
vt 0.168030 0.980133
vt 0.161815 0.980133
vt 0.162075 0.980133
vt 0.161948 0.980133
vt 0.162198 0.980133
vt 0.162123 0.980133
vt 0.162348 0.980133
vt 0.162681 0.980133
vt 0.162878 0.980133
vt 0.163139 0.980133
vt 0.162979 0.980133
vt 0.163413 0.980133
vt 0.163224 0.980133
vt 0.164053 0.980133
vt 0.163477 0.980133
vt 0.162768 0.980133
vt 0.165036 0.980133
vt 0.164757 0.980133
vt 0.162560 0.980133
vt 0.324742 0.980127
vt 0.324368 0.980127
vt 0.467229 0.980127
vt 0.594098 0.980127
vt 0.817914 0.980127
vt 0.919341 0.980127
vt 0.098121 0.055888
vt 0.163710 0.980127
vt 0.162559 0.980127
vt 0.169598 0.020374
vt 0.167574 0.980127
vt 0.709386 0.980127
vt 0.999779 0.975162
vt 0.993361 0.974922
vt 0.998322 0.974922
vt 0.003347 0.974666
vt 0.318961 0.974666
vt 0.318874 0.974666
vt 0.630389 0.974666
vt 0.906063 0.974666
vt 0.904944 0.974666
vt 0.851785 0.522995
vt 0.851788 0.523006
vt 0.851797 0.523037
vt 0.851801 0.523051
vt 0.851803 0.523058
vt 0.851805 0.523065
vt 0.851810 0.523081
vt 0.851761 0.522910
vt 0.851765 0.522925
vt 0.851753 0.522884
vt 0.851759 0.522904
vt 0.851748 0.522866
vt 0.851751 0.522876
vt 0.851743 0.522847
vt 0.851743 0.522849
vt 0.851735 0.522822
vt 0.851737 0.522826
vt 0.851741 0.522841
vt 0.851814 0.523097
vt 0.851816 0.523103
vt 0.851818 0.523111
vt 0.851825 0.523134
vt 0.851729 0.522800
vt 0.851733 0.522812
vt 0.851723 0.522779
vt 0.851725 0.522787
vt 0.851729 0.522800
vt 0.851722 0.522776
vt 0.851718 0.522761
vt 0.851719 0.522766
vt 0.851714 0.522747
vt 0.851716 0.522756
vt 0.851708 0.522729
vt 0.851711 0.522738
vt 0.851713 0.522744
vt 0.851706 0.522720
vt 0.851708 0.522727
vt 0.851703 0.522712
vt 0.851704 0.522713
vt 0.851700 0.522699
vt 0.851702 0.522707
vt 0.851697 0.522691
vt 0.851831 0.523158
vt 0.851832 0.523161
vt 0.854788 0.533601
vt 0.854790 0.533608
vt 0.851693 0.522674
vt 0.851695 0.522682
vt 0.851695 0.522684
vt 0.851691 0.522669
vt 0.851688 0.522657
vt 0.851690 0.522666
vt 0.845363 0.522648
vt 0.848524 0.511726
vt 0.851685 0.522648
vt 0.845357 0.522669
vt 0.845358 0.522666
vt 0.845360 0.522657
vt 0.854794 0.533621
vt 0.854801 0.533647
vt 0.854807 0.533670
vt 0.854810 0.533680
vt 0.854820 0.533716
vt 0.854830 0.533753
vt 0.854831 0.533758
vt 0.854844 0.533805
vt 0.857400 0.543211
vt 0.857403 0.543222
vt 0.857415 0.543266
vt 0.845355 0.522674
vt 0.845352 0.522684
vt 0.845353 0.522682
vt 0.857423 0.543297
vt 0.857430 0.543325
vt 0.857446 0.543388
vt 0.859600 0.551766
vt 0.859606 0.551792
vt 0.859616 0.551832
vt 0.859633 0.551902
vt 0.859636 0.551915
vt 0.859645 0.551951
vt 0.861481 0.559596
vt 0.861485 0.559617
vt 0.861495 0.559659
vt 0.861516 0.559755
vt 0.861518 0.559764
vt 0.863091 0.566867
vt 0.863096 0.566890
vt 0.863108 0.566947
vt 0.863119 0.567000
vt 0.863126 0.567035
vt 0.864470 0.573715
vt 0.864474 0.573735
vt 0.864486 0.573798
vt 0.864488 0.573808
vt 0.845351 0.522691
vt 0.845348 0.522699
vt 0.845346 0.522707
vt 0.845348 0.522699
vt 0.845342 0.522720
vt 0.845344 0.522713
vt 0.845344 0.522712
vt 0.864499 0.573872
vt 0.865476 0.579248
vt 0.865596 0.579950
vt 0.865614 0.580056
vt 0.865643 0.580228
vt 0.865674 0.580415
vt 0.865707 0.580612
vt 0.865741 0.580815
vt 0.865776 0.581021
vt 0.865778 0.581035
vt 0.865812 0.581243
vt 0.865813 0.581246
vt 0.865814 0.581256
vt 0.865846 0.581447
vt 0.865877 0.581636
vt 0.845340 0.522729
vt 0.845340 0.522727
vt 0.845335 0.522744
vt 0.845337 0.522738
vt 0.845330 0.522761
vt 0.845331 0.522756
vt 0.845334 0.522747
vt 0.865910 0.581841
vt 0.865943 0.582040
vt 0.865974 0.582231
vt 0.866002 0.582409
vt 0.866023 0.582536
vt 0.866134 0.583238
vt 0.866145 0.583307
vt 0.866148 0.583325
vt 0.866154 0.583373
vt 0.866157 0.583392
vt 0.866159 0.583409
vt 0.867082 0.589751
vt 0.867087 0.589793
vt 0.867087 0.589795
vt 0.867095 0.589855
vt 0.867098 0.589880
vt 0.867102 0.589920
vt 0.867103 0.589928
vt 0.867851 0.596193
vt 0.867851 0.596199
vt 0.845329 0.522766
vt 0.845323 0.522787
vt 0.845325 0.522779
vt 0.845326 0.522776
vt 0.867856 0.596248
vt 0.867860 0.596295
vt 0.867862 0.596306
vt 0.867864 0.596333
vt 0.867866 0.596356
vt 0.868373 0.601810
vt 0.868374 0.601819
vt 0.868376 0.601846
vt 0.868378 0.601869
vt 0.868524 0.603801
vt 0.868524 0.604816
vt 0.868524 0.637866
vt 0.868005 0.645121
vt 0.868005 0.645129
vt 0.868003 0.645156
vt 0.868001 0.645183
vt 0.867999 0.645212
vt 0.867997 0.645242
vt 0.867996 0.645254
vt 0.867995 0.645272
vt 0.867992 0.645303
vt 0.867990 0.645334
vt 0.867989 0.645344
vt 0.867321 0.652680
vt 0.867319 0.652704
vt 0.867316 0.652738
vt 0.845319 0.522799
vt 0.845315 0.522812
vt 0.845319 0.522800
vt 0.845307 0.522841
vt 0.845311 0.522826
vt 0.845312 0.522822
vt 0.845305 0.522847
vt 0.845300 0.522866
vt 0.845304 0.522849
vt 0.845295 0.522884
vt 0.845297 0.522876
vt 0.845287 0.522910
vt 0.845289 0.522904
vt 0.845277 0.522946
vt 0.845283 0.522925
vt 0.845268 0.522978
vt 0.845275 0.522951
vt 0.845275 0.522951
vt 0.845259 0.523006
vt 0.845263 0.522995
vt 0.845247 0.523052
vt 0.845250 0.523039
vt 0.845240 0.523073
vt 0.845242 0.523068
vt 0.845231 0.523106
vt 0.845237 0.523086
vt 0.845225 0.523129
vt 0.845228 0.523119
vt 0.842258 0.533608
vt 0.842261 0.533597
vt 0.845217 0.523156
vt 0.842254 0.533622
vt 0.842244 0.533659
vt 0.842253 0.533625
vt 0.842220 0.533744
vt 0.842233 0.533698
vt 0.842235 0.533692
vt 0.842211 0.533779
vt 0.839648 0.543211
vt 0.839654 0.543188
vt 0.839617 0.543328
vt 0.839628 0.543287
vt 0.839645 0.543222
vt 0.867316 0.652738
vt 0.867310 0.652806
vt 0.867304 0.652869
vt 0.867302 0.652890
vt 0.867302 0.652893
vt 0.867298 0.652932
vt 0.866442 0.660835
vt 0.837444 0.551784
vt 0.837450 0.551759
vt 0.839605 0.543376
vt 0.866435 0.660901
vt 0.866429 0.660955
vt 0.866429 0.660957
vt 0.866423 0.661008
vt 0.866420 0.661033
vt 0.865558 0.668094
vt 0.865548 0.668174
vt 0.865547 0.668182
vt 0.865538 0.668254
vt 0.865448 0.668956
vt 0.865434 0.669062
vt 0.865412 0.669234
vt 0.865388 0.669421
vt 0.865362 0.669618
vt 0.865336 0.669821
vt 0.865309 0.670027
vt 0.865308 0.670034
vt 0.865308 0.670040
vt 0.865307 0.670041
vt 0.865280 0.670249
vt 0.865279 0.670258
vt 0.865279 0.670262
vt 0.865254 0.670454
vt 0.865229 0.670643
vt 0.865202 0.670847
vt 0.865176 0.671047
vt 0.865151 0.671237
vt 0.865127 0.671416
vt 0.865111 0.671542
vt 0.865018 0.672244
vt 0.865017 0.672247
vt 0.865013 0.672280
vt 0.865009 0.672309
vt 0.865007 0.672324
vt 0.865000 0.672372
vt 0.864999 0.672383
vt 0.864993 0.672425
vt 0.864987 0.672468
vt 0.864985 0.672483
vt 0.864976 0.672542
vt 0.864973 0.672566
vt 0.863379 0.684034
vt 0.863376 0.684060
vt 0.863373 0.684080
vt 0.863361 0.684162
vt 0.863359 0.684177
vt 0.863352 0.684225
vt 0.863343 0.684285
vt 0.863342 0.684290
vt 0.863339 0.684312
vt 0.863335 0.684337
vt 0.863334 0.684345
vt 0.863332 0.684360
vt 0.863330 0.684369
vt 0.863329 0.684380
vt 0.863329 0.684380
vt 0.863327 0.684391
vt 0.863326 0.684402
vt 0.863326 0.684403
vt 0.863324 0.684412
vt 0.863323 0.684422
vt 0.863323 0.684422
vt 0.863321 0.684433
vt 0.863320 0.684441
vt 0.863320 0.684442
vt 0.863319 0.684451
vt 0.837441 0.551792
vt 0.837420 0.551879
vt 0.837435 0.551819
vt 0.835569 0.559589
vt 0.835571 0.559579
vt 0.837408 0.551930
vt 0.835562 0.559617
vt 0.835545 0.559693
vt 0.835555 0.559649
vt 0.835528 0.559769
vt 0.835542 0.559708
vt 0.833952 0.566890
vt 0.833955 0.566874
vt 0.833942 0.566934
vt 0.833947 0.566912
vt 0.833924 0.567026
vt 0.833930 0.566994
vt 0.832573 0.573738
vt 0.832573 0.573735
vt 0.833919 0.567054
vt 0.832562 0.573799
vt 0.832550 0.573861
vt 0.832557 0.573824
vt 0.831452 0.579950
vt 0.831572 0.579248
vt 0.832549 0.573871
vt 0.863318 0.684456
vt 0.863317 0.684460
vt 0.863316 0.684465
vt 0.863315 0.684472
vt 0.863315 0.684474
vt 0.863314 0.684484
vt 0.863313 0.684489
vt 0.863312 0.684493
vt 0.863312 0.684497
vt 0.861649 0.695876
vt 0.836371 0.695877
vt 0.835399 0.695876
vt 0.833736 0.684497
vt 0.833736 0.684493
vt 0.833735 0.684489
vt 0.833734 0.684484
vt 0.833733 0.684474
vt 0.833733 0.684472
vt 0.833731 0.684465
vt 0.833731 0.684460
vt 0.833730 0.684456
vt 0.833729 0.684451
vt 0.831434 0.580056
vt 0.831373 0.580416
vt 0.831405 0.580228
vt 0.831307 0.580815
vt 0.831340 0.580612
vt 0.831236 0.581243
vt 0.831270 0.581035
vt 0.831272 0.581021
vt 0.831235 0.581249
vt 0.831171 0.581636
vt 0.831202 0.581447
vt 0.831234 0.581256
vt 0.833728 0.684442
vt 0.833728 0.684441
vt 0.833727 0.684433
vt 0.833725 0.684422
vt 0.833725 0.684422
vt 0.833724 0.684412
vt 0.833722 0.684403
vt 0.833722 0.684402
vt 0.833721 0.684391
vt 0.833719 0.684380
vt 0.833719 0.684380
vt 0.833717 0.684370
vt 0.833716 0.684359
vt 0.833714 0.684345
vt 0.833713 0.684337
vt 0.833709 0.684312
vt 0.833706 0.684290
vt 0.833705 0.684285
vt 0.833696 0.684225
vt 0.833689 0.684177
vt 0.833687 0.684162
vt 0.833675 0.684079
vt 0.833672 0.684060
vt 0.833668 0.684034
vt 0.832075 0.672566
vt 0.832071 0.672542
vt 0.832063 0.672483
vt 0.832061 0.672468
vt 0.832055 0.672425
vt 0.832049 0.672383
vt 0.832048 0.672372
vt 0.832041 0.672324
vt 0.832039 0.672309
vt 0.832035 0.672280
vt 0.832031 0.672247
vt 0.832030 0.672244
vt 0.831937 0.671542
vt 0.831921 0.671416
vt 0.831897 0.671237
vt 0.831872 0.671047
vt 0.831846 0.670847
vt 0.831819 0.670643
vt 0.831794 0.670454
vt 0.831769 0.670262
vt 0.831769 0.670258
vt 0.831767 0.670249
vt 0.831740 0.670041
vt 0.831740 0.670040
vt 0.831740 0.670039
vt 0.831739 0.670030
vt 0.831739 0.670027
vt 0.831712 0.669821
vt 0.831685 0.669618
vt 0.831660 0.669422
vt 0.831636 0.669234
vt 0.831614 0.669062
vt 0.831600 0.668956
vt 0.831510 0.668254
vt 0.831501 0.668187
vt 0.831499 0.668167
vt 0.831492 0.668110
vt 0.831487 0.668069
vt 0.830625 0.661008
vt 0.830621 0.660971
vt 0.830617 0.660939
vt 0.830613 0.660898
vt 0.830604 0.660818
vt 0.830601 0.660790
vt 0.829746 0.652890
vt 0.829743 0.652861
vt 0.831138 0.581840
vt 0.831074 0.582230
vt 0.831105 0.582040
vt 0.831025 0.582536
vt 0.831045 0.582409
vt 0.830904 0.583301
vt 0.830913 0.583238
vt 0.830888 0.583410
vt 0.830893 0.583373
vt 0.830898 0.583340
vt 0.829962 0.589783
vt 0.829966 0.589751
vt 0.829953 0.589855
vt 0.829957 0.589820
vt 0.829945 0.589931
vt 0.829945 0.589928
vt 0.829193 0.596239
vt 0.829197 0.596193
vt 0.829182 0.596359
vt 0.829189 0.596281
vt 0.828673 0.601824
vt 0.828675 0.601810
vt 0.828524 0.604827
vt 0.828524 0.603801
vt 0.828670 0.601870
vt 0.829741 0.652837
vt 0.829739 0.652821
vt 0.829731 0.652735
vt 0.829727 0.652676
vt 0.829059 0.645344
vt 0.829058 0.645335
vt 0.829056 0.645313
vt 0.829049 0.645220
vt 0.829043 0.645119
vt 0.828524 0.637866
s 1
f 2/1/1 559/2/2 1/3/3
f 1/3/3 560/4/4 3/5/5
f 562/6/6 561/7/4 2/1/1
f 563/8/7 562/6/6 2/1/1
f 564/9/2 563/10/7 2/1/1
s 0
f 566/11/8 565/12/8 2/1/8
f 565/13/9 567/14/9 2/1/9
s 1
f 567/14/2 568/15/2 2/1/1
f 568/16/2 564/17/2 2/1/1
f 561/7/4 558/18/10 2/1/1
f 569/19/11 4/20/12 570/21/13
f 570/22/13 4/20/12 571/23/14
f 571/24/14 4/20/12 572/25/15
f 574/26/16 4/20/12 573/27/17
f 575/28/18 4/20/12 5/29/19
f 5/29/19 576/30/14 575/31/18
f 577/32/20 4/20/12 574/33/16
f 578/34/18 4/20/12 577/32/20
f 572/35/15 4/20/12 578/36/18
f 579/37/21 4/20/12 569/38/11
f 7/39/22 580/40/23 581/41/24
f 8/42/25 582/43/26 580/44/23
f 9/45/27 581/46/24 583/47/28
f 10/48/29 584/49/30 585/50/31
f 11/51/32 583/52/28 584/53/30
f 12/54/33 586/55/34 587/56/35
f 13/57/36 585/58/31 586/59/34
f 14/60/37 587/61/35 588/62/38
f 16/63/39 590/64/40 15/65/41
f 14/60/37 589/66/42 16/63/39
f 17/67/43 566/68/44 2/69/1
s 0
f 15/65/45 591/70/45 17/67/45
s 1
f 19/71/46 593/72/47 18/73/48
f 18/73/48 594/74/49 20/75/50
f 21/76/51 595/77/52 596/78/53
f 22/79/54 597/80/55 595/81/52
f 24/82/56 598/83/57 599/84/58
f 26/85/59 599/86/58 600/87/58
f 25/88/60 596/89/53 598/90/57
f 27/91/61 601/92/62 602/93/63
f 29/94/64 602/95/63 603/96/65
f 28/97/66 600/98/58 601/99/62
f 20/75/50 597/100/55 23/101/67
f 30/102/68 604/103/69 605/104/70
f 32/105/71 606/106/72 607/107/73
f 34/108/74 607/109/73 608/110/75
f 35/111/76 609/112/77 610/113/78
f 37/114/79 610/115/78 611/116/80
f 38/117/81 611/116/80 612/118/82
f 36/119/83 608/120/75 609/121/77
f 39/122/84 613/123/57 614/124/85
f 41/125/86 614/126/85 615/127/87
f 42/128/88 616/129/78 617/130/89
f 44/131/90 617/132/89 618/133/91
f 45/134/92 618/135/91 619/136/91
f 43/137/93 615/138/87 616/139/78
f 46/140/94 620/141/91 621/142/95
f 47/143/96 619/136/91 620/144/91
f 40/145/97 612/146/82 613/123/57
f 606/147/72 30/102/68 605/148/70
f 31/149/98 603/150/65 604/151/69
f 49/152/99 623/153/47 48/154/100
f 49/152/99 621/155/95 622/156/101
s 0
f 48/154/102 624/157/102 50/158/102
s 1
f 625/159/103 592/160/104 19/71/46
s 0
f 582/161/105 50/158/105 624/162/105
f 625/163/106 19/164/106 626/165/106
f 626/166/106 51/69/106 627/167/106
s 1
f 53/152/107 628/155/108 52/140/109
f 55/143/110 630/136/111 54/134/112
f 57/137/113 632/168/114 56/125/115
f 58/128/116 633/169/117 57/137/113
f 59/131/118 634/170/119 58/128/116
f 61/145/120 636/118/121 60/117/122
f 62/122/123 637/171/124 61/145/120
f 64/119/125 639/110/126 63/108/127
f 65/111/128 640/172/129 64/119/125
f 66/114/130 641/173/131 65/111/128
f 68/174/132 643/148/133 67/102/134
f 69/105/135 644/147/136 68/174/132
f 63/108/127 645/175/137 69/105/135
f 60/117/122 642/176/138 66/114/130
f 56/125/115 638/177/139 62/122/123
f 54/134/112 635/133/140 59/131/118
f 71/149/141 646/96/142 70/94/143
f 67/102/134 647/151/144 71/149/141
f 73/97/145 648/87/146 72/85/147
f 74/91/148 649/178/124 73/97/145
f 76/88/149 651/78/150 75/76/151
f 77/82/152 652/179/153 76/88/149
f 79/79/154 654/100/140 78/101/155
f 654/180/140 80/75/156 78/101/155
f 75/76/151 655/81/157 79/79/154
f 72/85/147 653/84/158 77/82/152
f 627/181/159 51/71/160 657/182/161
f 658/72/146 51/71/160 81/73/162
f 656/74/150 81/73/162 80/75/156
f 70/94/143 650/183/136 74/91/148
f 52/140/109 631/144/111 55/143/110
f 659/153/163 53/152/107 82/154/164
s 0
f 661/184/165 83/65/165 84/67/165
s 1
f 663/185/166 85/60/167 86/63/168
f 88/57/169 664/50/170 87/48/171
f 90/51/172 666/186/173 89/45/174
f 91/42/175 668/187/176 669/161/177
s 0
f 92/158/178 669/43/178 670/157/178
s 1
f 93/39/179 668/188/176 91/42/175
f 89/45/174 671/189/180 93/39/179
f 87/48/171 667/190/181 90/51/172
f 94/54/182 665/191/183 88/57/169
f 85/60/167 672/192/184 94/54/182
f 660/193/185 86/63/168 83/65/186
s 0
f 84/67/187 579/194/187 661/70/187
s 1
f 82/154/164 670/162/188 659/153/163
s 0
f 95/195/189 673/196/189 674/197/189
f 6/198/190 675/199/190 576/200/190
f 676/201/190 6/198/190 97/202/190
f 97/202/191 674/203/191 676/201/191
s 1
f 98/204/192 677/205/193 678/206/194
f 98/204/192 678/207/194 679/208/195
f 98/204/192 680/209/196 681/210/195
f 98/204/192 681/211/195 677/205/193
s 0
f 98/204/197 682/212/197 683/213/197
s 1
f 98/204/192 683/214/198 684/215/198
f 98/204/192 684/216/198 680/217/196
f 96/218/199 679/219/195 673/220/200
f 99/221/201 685/222/202 686/223/203
f 101/224/204 686/225/203 687/226/205
f 682/227/206 102/228/207 688/229/208
f 102/228/207 687/230/205 688/231/208
f 103/232/209 689/233/210 690/234/211
f 105/235/212 690/234/211 691/236/213
f 106/237/214 691/238/213 692/239/215
f 107/240/216 693/241/217 100/242/218
f 107/240/216 692/239/215 694/243/219
f 108/244/220 695/245/221 696/246/222
f 110/247/223 696/248/222 697/249/224
f 112/250/225 698/251/226 111/252/227
f 112/250/225 697/249/224 699/253/228
f 111/252/227 700/254/229 104/255/230
f 113/256/231 701/257/232 702/258/233
f 116/259/234 703/260/235 115/261/236
f 116/259/234 702/258/233 704/262/237
f 115/261/236 705/263/238 109/264/239
f 114/265/240 706/266/241 701/257/232
f 109/264/239 705/267/238 695/268/221
f 104/255/230 700/254/229 689/269/210
f 100/242/218 693/270/217 685/271/202
s 0
f 706/272/242 114/273/242 707/274/242
f 707/275/242 117/276/242 708/277/242
s 1
f 708/278/243 117/279/244 709/280/245
f 710/281/246 117/279/244 118/282/247
f 712/283/248 119/284/249 711/285/250
f 120/286/251 711/287/250 119/284/249
f 121/288/252 713/289/253 120/286/251
f 716/290/254 122/291/255 123/292/256
f 125/293/257 717/294/258 124/295/259
f 720/296/260 126/297/261 719/298/262
f 124/295/259 719/298/262 126/297/261
f 122/291/255 718/299/263 125/293/257
f 128/300/264 721/301/265 127/302/266
f 724/303/267 129/304/268 723/305/269
f 130/306/270 723/307/269 129/304/268
f 127/302/266 725/308/271 130/306/270
f 128/300/264 726/309/272 722/310/273
f 123/292/256 724/311/267 716/312/254
f 121/288/252 720/313/260 714/314/274
f 118/282/247 712/283/248 710/281/246
f 727/315/275 131/316/276 728/317/277
f 728/318/277 131/316/276 729/319/278
f 729/320/278 131/316/276 730/321/279
f 732/322/280 131/316/276 731/323/281
f 733/324/282 131/316/276 132/325/283
f 132/325/283 734/326/282 733/327/282
f 735/328/284 131/316/276 732/329/280
f 736/330/285 131/316/276 735/331/284
f 730/332/279 131/316/276 736/333/285
f 726/334/272 131/316/276 727/335/275
f 134/336/286 135/337/287 136/338/288
f 137/339/289 138/340/290 139/341/291
f 139/341/291 135/337/287 137/339/289
f 139/341/291 136/338/288 135/337/287
f 140/342/292 141/343/293 134/336/286
f 136/338/288 140/342/292 134/336/286
f 142/344/294 143/345/295 144/346/296
f 145/347/297 144/346/296 146/348/298
f 144/346/296 143/345/295 146/348/298
f 146/348/298 141/343/293 145/347/297
f 147/349/299 142/344/294 148/350/300
f 148/350/300 149/351/301 147/349/299
f 144/346/296 148/350/300 142/344/294
f 150/352/302 151/353/303 152/354/304
f 153/355/305 147/349/299 154/356/306
f 155/357/307 152/354/304 153/355/305
f 154/356/306 155/357/307 153/355/305
f 150/352/302 156/358/308 151/353/303
f 152/354/304 155/357/307 150/352/302
f 157/359/309 158/360/310 159/361/311
f 158/360/310 157/359/309 160/362/312
f 161/363/313 162/364/314 163/365/315
f 161/363/313 160/362/312 162/364/314
f 164/366/316 156/358/308 165/367/317
f 165/367/317 166/368/318 164/366/316
f 167/369/319 163/365/315 164/366/316
f 166/368/318 167/369/319 164/366/316
f 163/365/315 167/369/319 161/363/313
f 160/362/312 161/363/313 158/360/310
f 168/370/320 169/371/321 170/372/322
f 171/373/323 157/359/309 172/374/324
f 172/374/324 173/375/325 171/373/323
f 174/376/326 171/373/323 175/377/327
f 175/377/327 169/371/321 174/376/326
f 169/371/321 176/378/328 177/379/329
f 177/379/329 174/376/326 169/371/321
f 169/371/321 168/370/320 176/378/328
f 173/375/325 175/377/327 171/373/323
f 170/372/322 178/380/330 168/370/320
f 179/381/331 180/382/332 181/383/333
f 179/381/331 182/384/334 183/385/335
f 183/385/335 180/382/332 179/381/331
f 179/381/331 184/386/336 182/384/334
f 179/381/331 185/387/337 186/388/338
f 185/387/337 179/381/331 187/389/339
f 188/390/340 189/391/341 190/392/342
f 188/390/340 187/389/339 191/393/343
f 191/393/343 189/391/341 188/390/340
f 192/394/344 168/370/320 193/395/345
f 193/395/345 194/396/346 192/394/344
f 195/397/347 196/398/348 197/399/349
f 197/399/349 192/394/344 195/397/347
f 195/397/347 190/392/342 198/400/350
f 198/400/350 199/401/351 195/397/347
f 199/401/351 196/398/348 195/397/347
f 194/396/346 195/397/347 192/394/344
f 190/392/342 195/397/347 188/390/340
f 187/389/339 188/390/340 185/387/337
f 186/388/338 184/386/336 179/381/331
f 200/402/352 201/403/353 202/404/354
f 200/402/352 203/405/355 201/403/353
f 200/402/352 204/406/356 203/405/355
f 200/402/352 205/407/357 206/408/358
f 200/402/352 207/409/359 205/407/357
f 206/408/358 204/406/356 200/402/352
f 202/404/354 208/410/360 200/402/352
f 200/402/352 209/411/361 207/409/359
f 210/412/362 179/381/331 211/413/363
f 209/411/361 212/414/364 213/415/365
f 209/411/361 214/416/366 215/417/367
f 209/411/361 200/402/352 214/416/366
f 215/417/367 216/418/368 209/411/361
f 216/418/368 212/414/364 209/411/361
f 213/415/365 210/412/362 209/411/361
f 211/413/363 209/411/361 210/412/362
f 217/419/369 218/420/370 219/421/371
f 220/422/372 221/423/373 222/424/374
f 222/424/374 223/425/375 220/422/372
f 220/422/372 224/426/376 225/427/377
f 225/427/377 221/423/373 220/422/372
f 226/428/378 227/429/379 228/430/380
f 227/429/379 226/428/378 200/402/352
f 200/402/352 229/431/381 227/429/379
f 224/426/376 230/432/382 231/433/383
f 231/433/383 226/428/378 224/426/376
f 224/426/376 219/421/371 218/420/370
f 218/420/370 232/434/384 224/426/376
f 224/426/376 220/422/372 233/435/385
f 233/435/385 219/421/371 224/426/376
f 232/434/384 230/432/382 224/426/376
f 228/430/380 224/426/376 226/428/378
f 223/425/375 234/436/386 220/422/372
f 235/437/387 236/438/388 237/439/389
f 237/439/389 238/440/390 235/437/387
f 238/440/390 239/441/391 235/437/387
f 236/438/388 240/442/392 220/422/372
f 236/438/388 235/437/387 241/443/393
f 241/443/393 240/442/392 236/438/388
f 220/422/372 234/436/386 236/438/388
f 239/441/391 242/444/394 235/437/387
f 243/445/395 244/446/396 245/447/397
f 245/447/397 235/437/387 243/445/395
f 18/448/48 81/449/162 51/450/160
f 18/448/48 80/451/156 81/449/162
f 51/450/160 19/452/46 18/448/48
f 20/453/50 79/454/154 78/455/155
f 23/456/67 75/457/151 79/454/154
f 79/454/154 20/453/50 23/456/67
f 23/456/67 22/458/54 75/457/151
f 78/455/155 80/451/156 20/453/50
f 72/459/147 25/460/60 24/461/56
f 25/460/60 76/462/149 75/457/151
f 25/460/60 72/459/147 77/463/152
f 77/463/152 76/462/149 25/460/60
f 75/457/151 21/464/51 25/460/60
f 70/465/143 28/466/66 27/467/61
f 28/466/66 73/468/145 72/459/147
f 28/466/66 70/465/143 74/469/148
f 74/469/148 73/468/145 28/466/66
f 72/459/147 26/470/59 28/466/66
f 71/471/141 70/465/143 29/472/64
f 29/472/64 31/473/98 71/471/141
f 30/474/68 67/475/134 71/471/141
f 63/476/127 33/477/398 32/478/71
f 33/477/398 68/479/132 67/475/134
f 33/477/398 63/476/127 69/480/135
f 69/480/135 68/479/132 33/477/398
f 67/475/134 30/474/68 33/477/398
f 60/481/122 35/482/76 37/483/79
f 60/481/122 36/484/83 35/482/76
f 36/484/83 64/485/125 63/476/127
f 36/484/83 60/481/122 66/486/130
f 66/486/130 65/487/128 36/484/83
f 65/487/128 64/485/125 36/484/83
f 63/476/127 34/488/74 36/484/83
f 61/489/120 40/490/97 39/491/84
f 61/489/120 60/481/122 38/492/81
f 38/492/81 40/490/97 61/489/120
f 41/493/86 56/494/115 62/495/123
f 62/495/123 61/489/120 41/493/86
f 57/496/113 56/494/115 41/493/86
f 41/493/86 43/497/93 57/496/113
f 58/498/116 57/496/113 42/499/88
f 42/499/88 44/500/90 58/498/116
f 45/501/92 54/502/112 59/503/118
f 59/503/118 58/498/116 45/501/92
f 44/500/90 45/501/92 58/498/116
f 46/504/94 53/505/107 52/506/109
s 0
f 52/506/399 47/507/399 46/504/399
s 1
f 55/508/110 54/502/112 45/501/92
f 47/507/96 52/506/109 55/508/110
f 45/501/92 47/507/96 55/508/110
f 48/509/100 82/510/164 53/505/107
f 48/509/100 92/511/400 82/510/164
f 53/505/107 49/512/99 48/509/100
f 50/513/401 91/514/175 92/511/400
f 48/509/100 50/513/401 92/511/400
f 93/515/179 91/514/175 8/516/25
f 8/516/25 7/517/22 93/515/179
f 89/518/174 93/515/179 9/519/27
f 11/520/32 90/521/172 89/518/174
f 9/519/27 11/520/32 89/518/174
f 87/522/171 90/521/172 11/520/32
f 11/520/32 10/523/29 87/522/171
f 13/524/36 88/525/169 87/522/171
f 14/526/37 86/527/168 85/528/167
f 85/528/167 12/529/33 14/526/37
f 12/529/33 94/530/182 88/525/169
f 12/529/33 85/528/167 94/530/182
f 88/525/169 13/524/36 12/529/33
f 83/531/186 86/527/168 16/532/39
f 15/533/41 84/534/402 83/531/186
f 16/532/39 15/533/41 83/531/186
f 6/535/403 1/536/3 3/537/5
f 1/536/3 6/535/403 5/538/19
f 5/538/19 2/539/1 1/536/3
f 4/540/12 84/534/402 17/541/43
f 2/539/1 5/538/19 4/540/12
f 17/541/43 2/539/1 4/540/12
f 246/542/404 97/543/405 6/535/403
f 96/544/199 247/545/406 244/446/396
f 244/446/396 243/445/395 96/544/199
f 95/546/407 248/547/408 247/545/406
f 96/544/199 95/546/407 247/545/406
f 97/543/405 246/542/404 249/548/409
f 249/548/409 250/549/410 97/543/405
f 250/549/410 248/547/408 97/543/405
f 95/546/407 97/543/405 248/547/408
f 3/537/5 246/542/404 6/535/403
f 15/533/41 17/541/43 84/534/402
f 14/526/37 16/532/39 86/527/168
f 10/523/29 13/524/36 87/522/171
f 7/517/22 9/519/27 93/515/179
f 50/513/401 8/516/25 91/514/175
f 46/504/94 49/512/99 53/505/107
f 43/497/93 42/499/88 57/496/113
f 39/491/84 41/493/86 61/489/120
f 37/483/79 38/492/81 60/481/122
f 32/478/71 34/488/74 63/476/127
f 31/473/98 30/474/68 71/471/141
f 27/467/61 29/472/64 70/465/143
f 24/461/56 26/470/59 72/459/147
f 22/458/54 21/464/51 75/457/151
f 18/448/48 20/453/50 80/451/156
f 242/444/394 243/445/395 235/437/387
f 219/421/371 233/435/385 217/419/369
f 208/410/360 229/431/381 200/402/352
s 0
f 181/383/411 211/413/411 179/381/411
s 1
f 178/380/330 193/395/345 168/370/320
f 159/361/311 172/374/324 157/359/309
f 150/352/302 165/367/317 156/358/308
f 149/351/301 154/356/306 147/349/299
f 140/342/292 145/347/297 141/343/293
s 0
f 251/550/412 738/551/412 737/552/412
s 1
f 251/550/413 739/553/414 738/554/415
f 251/550/413 741/555/416 740/556/417
f 251/550/413 743/557/6 742/558/418
s 0
f 3/559/419 745/560/419 246/561/419
s 1
f 743/562/6 249/563/409 746/564/10
s 0
f 246/561/419 746/564/419 249/563/419
f 3/559/420 560/565/420 744/566/420
s 1
f 251/550/413 742/567/418 741/568/416
f 251/550/413 740/569/417 739/570/414
f 251/550/413 737/571/421 747/572/422
f 748/573/423 253/574/424 749/575/425
f 749/575/425 254/576/426 750/577/427
f 254/576/426 751/578/428 750/579/427
f 752/580/429 257/581/430 753/582/431
f 258/583/432 755/584/433 754/585/434
f 755/584/433 256/586/435 752/580/429
f 753/582/431 259/587/436 756/588/437
f 756/589/437 260/590/438 757/591/439
f 757/591/439 261/592/440 758/593/441
f 758/594/441 252/595/442 748/596/423
f 759/597/443 263/598/444 760/599/445
f 761/600/446 262/601/447 759/597/443
f 760/602/445 265/603/448 762/604/449
f 266/605/450 764/606/451 763/607/452
f 764/608/451 267/609/453 765/610/454
f 765/611/454 264/612/455 761/613/446
f 766/614/456 269/615/457 767/616/458
f 270/617/459 768/618/460 769/619/461
f 271/620/462 770/621/463 768/622/460
f 770/621/463 268/623/464 766/624/456
f 767/625/458 272/626/465 771/627/466
s 0
f 273/628/467 769/629/467 772/630/467
s 1
f 274/631/468 774/632/469 773/633/470
f 275/634/465 773/633/470 775/635/471
f 774/632/469 276/636/472 776/637/473
f 776/638/473 277/639/474 777/640/475
f 251/5/413 777/641/475 277/639/474
f 272/626/465 775/642/471 771/643/466
f 265/603/448 772/644/476 762/645/449
f 255/646/477 763/607/452 751/647/428
s 0
f 137/164/478 278/69/478 279/5/478
f 279/5/478 138/276/478 137/164/478
s 1
f 139/648/291 280/649/479 281/650/480
f 139/648/291 138/651/290 279/652/481
f 279/652/481 280/649/479 139/648/291
f 282/653/482 283/654/483 284/655/484
f 282/653/482 285/656/485 286/657/486
f 286/657/486 283/654/483 282/653/482
f 282/653/482 287/658/487 288/659/488
f 282/653/482 289/660/489 287/658/487
f 288/659/488 285/656/485 282/653/482
f 282/653/482 290/661/490 289/660/489
f 282/653/482 291/662/491 292/663/492
f 292/663/492 290/661/490 282/653/482
f 293/664/493 148/665/300 282/653/482
f 148/665/300 294/666/494 291/662/491
f 148/665/300 295/667/495 294/666/494
f 291/662/491 282/653/482 148/665/300
f 282/653/482 296/668/496 293/664/493
f 148/665/300 297/669/497 298/670/498
f 298/670/498 299/671/499 148/665/300
f 148/665/300 300/672/500 297/669/497
f 299/671/499 295/667/495 148/665/300
f 136/673/288 139/648/291 301/674/501
f 300/672/500 140/675/292 136/673/288
f 300/672/500 145/676/297 140/675/292
f 300/672/500 148/665/300 144/677/296
f 144/677/296 145/676/297 300/672/500
f 301/674/501 300/672/500 136/673/288
f 293/664/493 154/678/306 149/679/301
f 293/664/493 150/680/302 155/681/307
f 293/664/493 165/682/317 150/680/302
f 155/681/307 154/678/306 293/664/493
f 302/683/502 303/684/503 304/685/504
f 166/686/318 305/687/505 302/683/502
f 302/683/502 306/688/506 166/686/318
f 302/683/502 307/689/507 308/690/508
f 302/683/502 309/691/509 307/689/507
f 302/683/502 305/687/505 310/692/510
f 310/692/510 311/693/511 302/683/502
f 311/693/511 309/691/509 302/683/502
f 308/690/508 303/684/503 302/683/502
f 166/686/318 165/682/317 293/664/493
f 293/664/493 305/687/505 166/686/318
f 304/685/504 306/688/506 302/683/502
f 312/694/512 313/695/513 314/696/514
f 159/697/311 313/695/513 312/694/512
f 159/697/311 315/698/515 313/695/513
f 312/694/512 316/699/516 159/697/311
f 313/695/513 315/698/515 317/700/517
f 318/701/518 314/696/514 313/695/513
f 317/700/517 318/701/518 313/695/513
f 167/702/319 166/686/318 306/688/506
f 315/698/515 161/703/313 167/702/319
f 315/698/515 158/704/310 161/703/313
f 315/698/515 159/697/311 158/704/310
f 306/688/506 315/698/515 167/702/319
f 319/705/519 173/706/325 172/707/324
f 316/699/516 320/708/520 319/705/519
f 316/699/516 321/709/521 322/710/522
f 322/710/522 320/708/520 316/699/516
f 319/705/519 175/711/327 173/706/325
f 319/705/519 170/712/322 169/713/321
f 169/713/321 175/711/327 319/705/519
f 172/707/324 316/699/516 319/705/519
f 321/709/521 323/714/523 322/710/522
f 319/705/519 193/715/345 178/716/330
f 193/715/345 324/717/524 325/718/525
f 193/715/345 319/705/519 326/719/526
f 326/719/526 324/717/524 193/715/345
f 325/718/525 194/720/346 193/715/345
f 194/720/346 327/721/527 328/722/528
f 328/722/528 188/723/340 195/724/347
f 328/722/528 186/725/338 185/726/337
f 185/726/337 188/723/340 328/722/528
f 194/720/346 325/718/525 329/727/529
f 329/727/529 327/721/527 194/720/346
f 328/722/528 195/724/347 194/720/346
f 186/725/338 330/728/530 331/729/531
f 331/729/531 182/730/334 184/731/336
f 331/729/531 183/732/335 182/730/334
f 186/725/338 332/733/532 333/734/533
f 333/734/533 330/728/530 186/725/338
f 183/732/335 334/735/534 335/736/535
f 335/736/535 181/737/333 180/738/332
f 183/732/335 331/729/531 336/739/536
f 336/739/536 334/735/534 183/732/335
f 205/740/357 337/741/537 338/742/538
f 181/737/333 339/743/539 337/741/537
f 181/737/333 335/736/535 339/743/539
f 337/741/537 207/744/359 209/745/361
f 337/741/537 205/740/357 207/744/359
f 209/745/361 211/746/363 337/741/537
f 337/741/537 211/746/363 181/737/333
f 206/747/358 340/748/540 341/749/541
f 206/747/358 342/750/542 340/748/540
f 341/749/541 204/751/356 206/747/358
f 341/749/541 202/752/354 201/753/353
f 201/753/353 203/754/355 341/749/541
f 208/755/360 343/756/543 344/757/544
f 344/757/544 345/758/545 208/755/360
f 202/752/354 341/749/541 343/756/543
f 343/756/543 208/755/360 202/752/354
f 345/758/545 346/759/546 208/755/360
f 346/759/546 227/760/379 229/761/381
f 346/759/546 228/762/380 227/760/379
f 224/763/376 347/764/547 348/765/548
f 228/762/380 346/759/546 347/764/547
f 347/764/547 224/763/376 228/762/380
f 348/765/548 349/766/549 224/763/376
f 349/766/549 350/767/550 224/763/376
f 221/768/373 351/769/551 352/770/552
f 225/771/377 350/767/550 353/772/553
f 353/772/553 221/768/373 225/771/377
f 353/772/553 351/769/551 221/768/373
f 352/770/552 354/773/554 221/768/373
f 221/768/373 355/774/555 356/775/556
f 221/768/373 354/773/554 357/776/557
f 357/776/557 355/774/555 221/768/373
f 356/775/556 236/777/388 234/778/386
f 234/778/386 223/779/375 356/775/556
f 223/779/375 222/780/374 356/775/556
f 236/777/388 358/781/558 359/782/559
f 236/777/388 356/775/556 360/783/560
f 360/783/560 361/784/561 236/777/388
f 361/784/561 358/781/558 236/777/388
f 359/782/559 239/785/391 238/786/390
f 359/782/559 242/787/394 239/785/391
f 238/786/390 237/788/389 359/782/559
f 102/789/207 98/790/192 243/791/395
f 243/791/395 242/787/394 102/789/207
f 242/787/394 133/792/562 132/793/283
f 132/793/283 101/794/204 242/787/394
f 242/787/394 362/795/563 363/796/564
f 242/787/394 359/782/559 362/795/563
f 363/796/564 133/792/562 242/787/394
f 101/794/204 102/789/207 242/787/394
f 128/797/264 107/798/216 100/799/218
f 128/797/264 127/800/266 106/801/214
f 106/801/214 107/798/216 128/797/264
f 100/799/218 99/802/201 128/797/264
f 101/794/204 132/793/283 131/803/276
f 131/803/276 128/797/264 101/794/204
f 111/804/227 130/805/270 129/806/268
f 129/806/268 123/807/256 111/804/227
f 127/800/266 130/805/270 111/804/227
f 111/804/227 104/808/230 127/800/266
f 104/808/230 103/809/209 127/800/266
f 103/809/209 105/810/212 127/800/266
f 105/810/212 106/801/214 127/800/266
f 115/811/236 124/812/259 126/813/261
f 115/811/236 125/814/257 124/812/259
f 122/815/255 108/816/220 110/817/223
f 110/817/223 112/818/225 122/815/255
f 109/819/239 122/815/255 125/814/257
f 125/814/257 115/811/236 109/819/239
f 109/819/239 108/816/220 122/815/255
f 112/818/225 111/804/227 122/815/255
f 118/820/247 117/821/244 114/822/240
f 113/823/231 119/824/249 118/820/247
f 113/823/231 120/825/251 119/824/249
f 113/823/231 121/826/252 120/825/251
f 114/822/240 113/823/231 118/820/247
f 113/823/231 116/827/234 121/826/252
f 116/827/234 115/811/236 121/826/252
f 126/813/261 121/826/252 115/811/236
f 123/807/256 122/815/255 111/804/227
f 99/802/201 101/794/204 128/797/264
f 98/790/192 96/828/199 243/791/395
f 359/782/559 237/788/389 236/777/388
f 356/775/556 222/780/374 221/768/373
f 225/771/377 224/763/376 350/767/550
f 229/761/381 208/755/360 346/759/546
f 203/754/355 204/751/356 341/749/541
f 206/747/358 205/740/357 342/750/542
f 338/742/538 342/750/542 205/740/357
f 335/736/535 180/738/332 183/732/335
f 331/729/531 184/731/336 186/725/338
f 328/722/528 332/733/532 186/725/338
f 178/716/330 170/712/322 319/705/519
f 172/707/324 159/697/311 316/699/516
f 314/696/514 364/829/565 312/694/512
f 149/679/301 148/665/300 293/664/493
f 284/655/484 296/668/496 282/653/482
f 281/650/480 301/674/501 139/648/291
s 0
f 133/830/566 778/831/566 734/832/566
s 1
f 363/833/564 779/834/567 780/835/568
f 363/833/564 780/836/568 781/837/569
f 363/833/564 782/838/570 779/839/567
f 363/833/564 783/840/571 782/841/570
f 363/833/564 784/842/572 785/843/573
f 363/833/564 785/844/573 786/845/574
f 363/833/564 786/846/574 783/847/571
f 133/830/562 781/837/569 778/848/575
f 365/849/576 366/850/577 367/851/578
f 368/852/579 367/851/578 369/853/580
f 369/853/580 370/854/581 371/855/582
f 369/853/580 371/855/582 368/852/579
f 372/856/583 373/857/584 374/858/585
f 375/859/586 366/850/577 365/849/576
f 376/860/587 374/858/585 375/859/586
f 375/859/586 377/861/588 376/860/587
f 365/849/576 377/861/588 375/859/586
f 378/862/589 379/863/590 373/857/584
f 380/864/591 381/865/592 379/863/590
f 379/863/590 378/862/589 380/864/591
f 373/857/584 372/856/583 378/862/589
f 382/866/593 383/867/594 381/865/592
f 384/868/595 383/867/594 382/866/593
f 385/869/596 386/870/597 384/868/595
f 384/868/595 387/871/598 385/869/596
f 385/869/596 388/872/599 386/870/597
f 382/866/593 387/871/598 384/868/595
f 389/873/600 388/872/599 390/874/601
f 391/875/602 392/876/603 389/873/600
f 389/873/600 393/877/604 391/875/602
f 394/878/605 395/879/606 396/880/607
f 397/881/608 398/882/609 395/879/606
f 395/879/606 394/878/605 397/881/608
f 399/883/610 396/880/607 392/876/603
f 392/876/603 391/875/602 399/883/610
f 400/884/611 401/885/612 398/882/609
f 402/886/613 403/887/614 404/888/615
f 405/889/616 404/888/615 401/885/612
f 401/885/612 400/884/611 405/889/616
f 404/888/615 405/889/616 402/886/613
f 406/890/617 407/891/618 408/892/619
f 408/892/619 409/893/620 406/890/617
f 410/894/621 411/895/622 406/890/617
f 408/892/619 407/891/618 403/887/614
f 403/887/614 402/886/613 408/892/619
f 412/896/623 413/897/624 414/898/625
f 414/898/625 415/899/626 412/896/623
f 414/898/625 416/900/627 415/899/626
f 415/899/626 416/900/627 411/895/622
f 411/895/622 410/894/621 415/899/626
f 417/901/628 418/902/629 419/903/630
f 419/903/630 418/902/629 413/897/624
f 413/897/624 420/904/631 419/903/630
f 421/905/632 417/901/628 422/906/633
f 423/907/634 421/905/632 424/908/635
f 424/908/635 425/909/636 423/907/634
f 426/910/637 427/911/638 423/907/634
f 425/909/636 426/910/637 423/907/634
f 428/912/639 429/913/640 430/914/641
f 430/914/641 429/913/640 427/911/638
f 427/911/638 426/910/637 430/914/641
f 431/915/642 432/916/643 428/912/639
f 430/914/641 431/915/642 428/912/639
f 433/917/644 434/918/645 435/919/646
f 436/920/647 437/921/648 433/917/644
f 435/919/646 436/920/647 433/917/644
f 434/918/645 432/916/643 438/922/649
f 438/922/649 435/919/646 434/918/645
f 439/923/650 440/924/651 441/925/652
f 442/926/653 443/927/654 439/923/650
f 441/925/652 442/926/653 439/923/650
f 440/924/651 437/921/648 444/928/655
f 444/928/655 441/925/652 440/924/651
f 445/929/656 443/927/654 446/930/657
f 447/931/658 445/929/656 448/932/659
f 448/932/659 449/933/660 447/931/658
f 450/934/661 451/935/662 447/931/658
f 449/933/660 450/934/661 447/931/658
f 452/936/663 453/937/664 451/935/662
f 454/938/665 453/937/664 452/936/663
f 454/938/665 323/939/523 321/940/521
f 321/940/521 455/941/666 454/938/665
f 452/936/663 323/939/523 454/938/665
f 456/942/667 364/943/565 314/944/514
f 314/944/514 457/945/668 456/942/667
f 312/946/512 364/943/565 458/947/669
f 458/947/669 459/948/670 312/946/512
f 316/949/516 312/946/512 459/948/670
f 455/941/666 321/940/521 316/949/516
f 459/948/670 455/941/666 316/949/516
f 460/950/671 318/951/518 317/952/517
f 317/952/517 461/953/672 460/950/671
f 314/944/514 318/951/518 460/950/671
f 460/950/671 457/945/668 314/944/514
f 303/954/503 462/955/673 463/956/674
f 463/956/674 464/957/675 306/958/506
f 464/957/675 315/959/515 306/958/506
f 306/958/506 304/960/504 463/956/674
f 463/956/674 304/960/504 303/954/503
f 307/961/507 465/962/676 466/963/677
f 466/963/677 308/964/508 307/961/507
f 465/962/676 307/961/507 309/965/509
f 309/965/509 467/966/678 465/962/676
f 462/955/673 303/954/503 308/964/508
f 308/964/508 468/967/679 462/955/673
f 311/968/511 310/969/510 469/970/680
f 467/966/678 309/965/509 311/968/511
f 470/971/681 469/970/680 310/969/510
f 310/969/510 305/972/505 470/971/681
f 296/973/496 284/974/484 471/975/682
f 472/976/683 471/975/682 284/974/484
f 284/974/484 283/977/483 472/976/683
f 473/978/684 305/972/505 293/979/493
f 293/979/493 296/973/496 473/978/684
f 471/975/682 473/978/684 296/973/496
f 474/980/685 475/981/686 286/982/486
f 475/981/686 283/977/483 286/982/486
f 286/982/486 285/983/485 474/980/685
f 288/984/488 287/985/487 476/986/687
f 477/987/688 476/986/687 287/985/487
f 287/985/487 289/988/489 477/987/688
f 478/989/689 285/983/485 288/984/488
f 288/984/488 479/990/690 478/989/689
f 476/986/687 479/990/690 288/984/488
f 480/991/691 481/992/692 290/993/490
s 0
f 482/994/693 480/991/694 292/995/694
s 1
f 483/996/695 482/994/696 291/997/491
f 291/997/491 294/998/494 483/996/695
s 0
f 292/995/697 291/997/697 482/994/697
s 1
f 481/992/692 289/988/489 290/993/490
f 290/993/490 292/995/492 480/991/691
f 484/999/698 485/1000/699 295/1001/495
f 485/1000/699 294/998/494 295/1001/495
f 486/1002/700 484/999/698 299/1003/499
f 298/1004/498 487/1005/701 486/1002/700
f 299/1003/499 298/1004/498 486/1002/700
f 295/1001/495 299/1003/499 484/999/698
f 297/1006/497 300/1007/500 488/1008/702
f 487/1005/701 298/1004/498 297/1006/497
f 489/1009/703 488/1008/702 300/1007/500
f 300/1007/500 301/1010/501 489/1009/703
f 488/1008/702 487/1005/701 297/1006/497
f 281/1011/480 490/1012/704 489/1009/703
f 278/1013/705 490/1012/704 280/1014/479
f 490/1012/704 281/1011/480 280/1014/479
f 280/1014/479 279/1015/481 278/1013/705
f 301/1010/501 281/1011/480 489/1009/703
f 485/1000/699 483/996/695 294/998/494
f 481/992/692 477/987/688 289/988/489
f 478/989/689 474/980/685 285/983/485
f 475/981/686 472/976/683 283/977/483
f 473/978/684 470/971/681 305/972/505
f 469/970/680 467/966/678 311/968/511
f 466/963/677 468/967/679 308/964/508
f 464/957/675 461/953/672 315/959/515
f 317/952/517 315/959/515 461/953/672
f 456/942/667 458/947/669 364/943/565
f 451/935/662 450/934/661 452/936/663
f 446/930/657 448/932/659 445/929/656
f 442/926/653 446/930/657 443/927/654
f 436/920/647 444/928/655 437/921/648
f 431/915/642 438/922/649 432/916/643
f 422/906/633 424/908/635 421/905/632
f 419/903/630 422/906/633 417/901/628
f 412/896/623 420/904/631 413/897/624
f 409/893/620 410/894/621 406/890/617
f 398/882/609 397/881/608 400/884/611
f 396/880/607 399/883/610 394/878/605
f 390/874/601 393/877/604 389/873/600
f 385/869/596 390/874/601 388/872/599
f 380/864/591 382/866/593 381/865/592
f 374/858/585 376/860/587 372/856/583
f 367/851/578 368/852/579 365/849/576
f 358/1016/558 787/1017/706 359/1018/559
f 789/1019/707 358/1016/558 361/1020/561
f 784/1021/572 363/1022/564 790/1023/708
f 362/1024/563 790/1025/708 363/1022/564
f 359/1018/559 791/1026/709 362/1024/563
f 355/1027/555 792/1028/710 356/1029/556
f 357/1030/557 793/1031/711 355/1027/555
f 796/1032/712 360/1033/560 795/1034/713
f 356/1029/556 795/1035/713 360/1033/560
f 797/1036/714 357/1030/557 354/1037/554
f 349/1038/549 798/1039/715 350/1040/550
f 351/1041/551 800/1042/716 801/1043/717
f 352/1044/552 801/1043/717 802/1045/718
f 353/1046/553 800/1047/716 351/1041/551
f 350/1040/550 803/1048/719 353/1046/553
f 345/1049/545 804/1050/720 346/1051/546
f 344/1052/544 805/1053/721 345/1049/545
f 347/1054/547 807/1055/722 808/1056/723
f 348/1057/548 808/1058/723 809/1059/724
f 346/1051/546 804/1060/720 807/1055/722
f 340/1061/540 810/1062/725 811/1063/726
f 341/1064/541 811/1063/726 812/1065/727
f 342/1066/542 810/1062/725 340/1061/540
s 0
f 343/1067/728 812/1068/728 814/1069/728
s 1
f 338/1070/538 813/1071/729 342/1066/542
f 817/1072/730 333/1073/533 332/1074/532
f 331/1075/531 818/1076/731 336/1077/536
f 335/1078/535 820/1079/732 821/1080/733
f 339/1081/539 821/1082/733 822/1083/734
f 337/1084/537 822/1085/734 823/1086/735
f 334/1087/534 820/1079/732 335/1078/535
f 336/1077/536 824/1088/736 334/1087/534
f 330/1089/530 819/1090/737 331/1075/531
f 816/1091/738 330/1089/530 333/1073/533
s 0
f 448/1092/739 826/1093/739 449/1094/739
s 1
f 449/1094/660 828/1095/740 450/1096/661
f 323/1097/523 829/1098/741 322/1099/522
f 452/1100/663 830/1101/742 323/1097/523
f 450/1096/661 831/1102/743 452/1100/663
f 448/1092/659 832/1103/744 827/1104/744
f 319/1105/519 833/1106/745 326/1107/526
f 325/1108/525 835/1109/746 329/1110/529
f 838/1111/747 327/1112/527 837/1113/748
s 0
f 328/1114/749 838/1115/749 839/1116/749
s 1
f 329/1110/529 837/1117/748 327/1112/527
f 324/1118/524 836/1119/750 325/1108/525
f 326/1107/526 840/1120/751 324/1118/524
f 320/1121/520 834/1122/752 319/1105/519
f 322/1099/522 841/1123/753 320/1121/520
f 370/1124/581 842/1125/754 371/1126/582
f 368/1127/579 844/1128/755 365/1129/576
f 371/1126/582 845/1130/756 368/1127/579
f 376/1131/587 846/1132/757 372/1133/583
f 377/1134/588 847/1135/758 376/1131/587
f 365/1129/576 848/1136/759 377/1134/588
f 382/1137/593 850/1138/760 849/1139/761
f 378/1140/589 850/1141/760 380/1142/591
f 372/1133/583 851/1143/762 378/1140/589
f 390/1144/601 853/1145/763 852/1146/764
f 387/1147/598 853/1148/763 385/1149/596
f 393/1150/604 855/1151/765 391/1152/602
f 399/1153/610 857/1154/766 394/1155/605
f 394/1155/605 859/1156/767 397/1157/608
f 391/1152/602 858/1158/768 399/1153/610
f 400/1159/611 860/1160/759 405/1161/616
f 405/1161/616 862/1162/769 402/1163/613
f 397/1157/608 861/1164/759 400/1159/611
f 408/1165/619 863/1166/770 409/1167/620
f 410/1168/621 863/1169/770 865/1170/771
f 412/1171/623 866/1172/772 867/1173/773
f 412/1171/623 868/1174/774 420/1175/631
f 415/1176/626 865/1177/771 866/1172/772
f 402/1163/613 864/1178/775 408/1165/619
f 390/1144/601 856/1179/776 393/1150/604
f 422/1180/633 869/1181/777 870/1182/775
f 425/1183/636 871/1184/777 872/1185/777
f 426/1186/637 872/1185/777 873/1187/778
f 424/1188/635 870/1182/775 871/1189/777
f 431/1190/642 874/1191/779 438/1192/649
f 431/1190/642 876/1193/772 875/1194/780
f 435/1195/646 877/1196/756 436/1197/647
s 0
f 436/1197/767 879/1198/767 444/1199/767
s 1
f 880/1200/781 441/1201/652 881/1202/782
f 444/1199/655 881/1202/782 441/1201/652
f 438/1192/649 878/1203/767 435/1195/646
f 426/1186/637 876/1193/772 430/1204/641
f 419/1205/630 868/1206/774 869/1181/777
f 382/1137/593 854/1207/783 387/1147/598
f 370/1124/581 882/1208/784 843/1209/785
s 0
f 832/1210/767 442/1211/767 880/1200/767
f 332/1074/786 839/1116/786 817/1212/786
s 1
f 815/1213/787 337/1084/537 823/1086/735
f 344/1052/544 814/1214/788 806/1215/789
f 349/1038/549 809/1216/724 799/1217/790
f 354/1037/554 802/1045/718 797/1036/714
f 361/1020/561 796/1032/712 789/1218/707
f 491/1219/791 883/1220/792 884/1221/793
f 493/1222/794 884/1221/793 885/1223/795
f 492/1224/796 886/1225/797 883/1226/792
f 494/1227/798 885/1223/795 887/1228/799
f 495/1229/800 887/1230/799 888/1231/801
f 496/1232/802 889/1233/803 890/1234/804
f 497/1235/805 888/1236/801 889/1233/803
f 496/1232/802 891/1237/806 498/1238/807
f 498/1238/807 892/1239/808 499/1240/809
f 500/1241/810 893/1242/811 894/1243/812
f 501/1244/813 895/1245/814 893/1246/811
f 502/1247/815 896/1248/816 897/1249/817
f 503/1250/818 894/1243/812 896/1248/816
f 502/1247/815 898/1251/819 504/1252/820
f 505/1253/821 899/1254/822 900/1255/823
f 507/1256/824 900/1257/823 901/1258/825
f 506/1259/826 902/1260/827 899/1254/822
f 508/1261/828 901/1262/825 903/1263/829
f 508/1261/828 904/1264/830 509/1265/831
f 510/1266/832 905/1267/833 906/1268/834
f 512/1269/835 906/1270/834 907/1271/836
f 512/1269/835 908/1272/837 513/1273/838
f 511/1274/839 909/1275/840 905/1267/833
f 514/1276/841 911/1277/842 910/1278/843
f 515/1279/844 910/1278/843 912/1280/845
f 517/1281/846 913/1282/847 516/1283/848
f 517/1281/846 912/1280/845 914/1284/849
f 518/1285/850 915/1286/851 916/1287/852
f 521/1288/853 917/1289/854 520/1290/855
f 521/1288/853 916/1291/852 918/1292/856
s 0
f 437/1293/857 919/1294/857 920/1295/857
s 1
f 432/1296/643 921/1297/858 922/1298/859
f 434/1299/645 923/1300/860 921/1301/858
f 924/1302/861 428/1303/639 925/1304/862
f 427/1305/638 924/1302/861 926/1306/863
f 428/1303/639 922/1307/859 925/1304/862
f 433/1308/644 920/1295/864 923/1300/860
f 927/1309/865 421/1310/632 928/1311/866
f 928/1311/866 423/1312/634 929/1313/867
f 930/1314/868 418/1315/629 931/1316/869
f 932/1317/870 416/1318/627 933/1319/871
f 933/1319/871 414/1320/625 934/1321/872
f 934/1321/872 413/1322/624 930/1323/868
f 403/1324/614 935/1325/873 936/1326/874
f 406/1327/617 935/1325/873 407/1328/618
f 937/1329/875 411/1330/622 932/1317/870
f 931/1331/869 417/1332/628 927/1309/865
f 929/1333/867 427/1305/638 926/1334/863
f 398/1335/609 938/1336/876 939/1337/877
f 401/1338/612 940/1339/878 938/1340/876
f 392/1341/603 941/1342/879 942/1343/880
f 396/1344/607 943/1345/881 941/1346/879
f 388/1347/599 944/1348/882 945/1349/883
f 389/1350/600 942/1351/880 944/1352/882
f 395/1353/606 939/1337/877 943/1354/881
f 404/1355/615 936/1356/874 940/1339/878
f 384/1357/595 946/1358/884 947/1359/885
f 383/1360/594 947/1359/885 948/1361/886
f 379/1362/590 949/1363/887 950/1364/888
f 373/1365/584 950/1366/888 951/1367/889
f 383/1360/594 949/1368/887 381/1369/592
f 375/1370/586 952/1371/888 953/1372/865
f 366/1373/577 953/1372/865 954/1374/890
f 369/1375/580 955/1376/858 956/1377/874
f 370/1378/581 957/1379/891 882/1380/784
f 370/1378/581 956/1381/874 957/1382/891
f 367/1383/578 954/1384/890 955/1385/858
f 374/1386/585 951/1387/889 952/1388/888
f 386/1389/597 945/1390/883 946/1391/884
f 522/1392/892 958/1393/893 959/1394/894
f 958/1395/893 523/1396/895 960/1397/896
f 524/1398/897 959/1394/894 961/1399/898
f 525/1400/899 962/1401/900 963/1402/901
f 526/1403/902 964/1404/903 962/1405/900
f 528/1406/904 963/1407/901 965/1408/905
f 527/1409/906 961/1410/898 964/1411/903
f 529/1412/907 965/1408/905 966/1413/908
f 530/1414/909 967/1415/910 968/1416/911
f 531/1417/912 966/1413/908 967/1415/910
f 453/1418/664 969/1419/913 970/1420/914
f 451/1421/662 970/1422/914 971/1423/915
f 973/1424/916 445/1425/656 972/1424/916
s 0
f 445/1425/915 974/1426/915 972/1424/915
f 439/1427/917 973/1428/917 975/1429/917
s 1
f 447/1430/658 971/1431/915 974/1432/918
f 968/1433/911 454/1434/665 530/1414/909
s 0
f 499/1240/919 960/1435/919 523/1396/919
f 440/1436/858 975/1429/858 919/1294/858
s 1
f 976/1437/920 915/1286/851 519/1438/921
f 520/1290/855 911/1439/842 514/1276/841
f 516/1283/848 909/1275/840 511/1274/839
f 513/1273/838 902/1260/827 506/1259/826
f 509/1265/831 895/1245/814 501/1244/813
f 504/1252/820 886/1225/797 492/1224/796
f 519/1440/921 978/1441/922 977/1442/923
f 519/1440/921 979/1443/924 978/1444/922
f 519/1440/921 981/1445/925 980/1446/926
f 532/1447/927 981/1445/925 519/1440/921
s 0
f 532/1447/928 983/1448/928 982/1449/928
s 1
f 519/1440/921 980/1446/926 984/1450/929
f 519/1440/921 984/1450/929 985/1451/930
f 519/1440/921 985/1452/930 979/1453/924
f 519/1440/921 977/1454/923 976/1455/920
f 252/1456/442 533/1457/931 534/1458/932
f 534/1458/932 535/1459/933 252/1456/442
f 252/1456/442 536/1460/934 533/1457/931
f 536/1460/934 256/1461/435 258/1462/432
f 536/1460/934 257/1463/430 256/1461/435
f 536/1460/934 252/1456/442 261/1464/440
f 261/1464/440 260/1465/438 536/1460/934
f 260/1465/438 259/1466/436 536/1460/934
f 259/1466/436 257/1463/430 536/1460/934
f 258/1462/432 537/1467/935 536/1460/934
f 264/1468/455 538/1469/936 539/1470/937
f 264/1468/455 540/1471/938 538/1469/936
f 264/1468/455 541/1472/939 540/1471/938
f 541/1472/939 253/1473/424 252/1456/442
f 541/1472/939 264/1468/455 267/1474/453
f 267/1474/453 266/1475/450 541/1472/939
f 266/1475/450 255/1476/477 541/1472/939
f 255/1476/477 254/1477/426 541/1472/939
f 254/1477/426 253/1473/424 541/1472/939
f 252/1456/442 542/1478/940 541/1472/939
f 262/1479/447 543/1480/941 544/1481/942
f 543/1480/941 262/1479/447 264/1468/455
f 264/1468/455 545/1482/943 543/1480/941
f 546/1483/944 263/1484/444 262/1479/447
f 544/1481/942 546/1483/944 262/1479/447
f 547/1485/945 270/1486/459 273/1487/946
f 273/1487/946 265/1488/448 547/1485/945
f 265/1488/448 263/1484/444 547/1485/945
f 271/1489/462 548/1490/947 549/1491/948
f 550/1492/949 271/1489/462 270/1486/459
f 270/1486/459 547/1485/945 550/1492/949
f 550/1492/949 548/1490/947 271/1489/462
f 551/1493/950 269/1494/457 268/1495/464
f 551/1493/950 272/1496/465 269/1494/457
f 268/1495/464 271/1489/462 551/1493/950
f 277/1497/474 552/1498/951 553/1499/952
f 551/1493/950 274/1500/468 275/1501/465
f 552/1498/951 277/1497/474 276/1502/472
f 276/1502/472 551/1493/950 552/1498/951
f 276/1502/472 274/1500/468 551/1493/950
f 275/1501/465 272/1496/465 551/1493/950
f 135/1503/287 489/1504/703 490/1505/704
f 490/1505/704 137/1506/289 135/1503/287
f 135/1503/287 134/1507/286 489/1504/703
f 134/1507/286 141/1508/293 489/1504/703
f 141/1508/293 146/1509/298 489/1504/703
f 146/1509/298 486/1510/700 487/1511/701
f 146/1509/298 482/1512/696 483/1513/695
f 146/1509/298 477/1514/688 481/1515/692
f 481/1515/692 480/1516/691 146/1509/298
f 146/1509/298 479/1517/690 476/1518/687
f 476/1518/687 477/1514/688 146/1509/298
f 480/1516/691 482/1512/696 146/1509/298
f 483/1513/695 485/1519/699 146/1509/298
f 485/1519/699 484/1520/698 146/1509/298
f 484/1520/698 486/1510/700 146/1509/298
f 487/1511/701 488/1521/702 146/1509/298
f 488/1521/702 489/1504/703 146/1509/298
f 554/1522/953 470/1523/681 473/1524/684
f 146/1509/298 474/1525/685 478/1526/689
f 472/1527/683 147/1528/299 153/1529/305
f 474/1525/685 146/1509/298 143/1530/295
f 142/1531/294 475/1532/686 474/1525/685
f 143/1530/295 142/1531/294 474/1525/685
f 147/1528/299 472/1527/683 475/1532/686
f 142/1531/294 147/1528/299 475/1532/686
f 153/1529/305 152/1533/304 472/1527/683
f 152/1533/304 554/1522/953 471/1534/682
f 152/1533/304 466/1535/677 554/1522/953
f 471/1534/682 472/1527/683 152/1533/304
f 478/1526/689 479/1517/690 146/1509/298
f 554/1522/953 467/1536/678 469/1537/680
f 554/1522/953 466/1535/677 465/1538/676
f 465/1538/676 467/1536/678 554/1522/953
f 469/1537/680 470/1523/681 554/1522/953
f 458/1539/669 156/1540/308 164/1541/316
f 164/1541/316 163/1542/315 458/1539/669
f 463/1543/674 555/1544/954 461/1545/672
f 151/1546/303 468/1547/679 466/1535/677
f 466/1535/677 152/1533/304 151/1546/303
f 156/1540/308 462/1548/673 468/1547/679
f 156/1540/308 555/1544/954 463/1543/674
f 156/1540/308 458/1539/669 555/1544/954
f 463/1543/674 462/1548/673 156/1540/308
f 151/1546/303 156/1540/308 468/1547/679
f 555/1544/954 556/1549/955 457/1550/668
f 555/1544/954 458/1539/669 556/1549/955
f 457/1550/668 460/1551/671 555/1544/954
f 456/1552/667 457/1550/668 556/1549/955
f 556/1549/955 458/1539/669 456/1552/667
f 460/1551/671 461/1545/672 555/1544/954
f 461/1545/672 464/1553/675 463/1543/674
f 531/1554/912 157/1555/309 171/1556/323
f 171/1556/323 174/1557/326 531/1554/912
f 160/1558/312 531/1554/912 458/1539/669
f 531/1554/912 459/1559/670 458/1539/669
f 458/1539/669 162/1560/314 160/1558/312
f 459/1559/670 531/1554/912 530/1561/909
f 530/1561/909 455/1562/666 459/1559/670
f 530/1561/909 454/1563/665 455/1562/666
f 160/1558/312 157/1555/309 531/1554/912
f 526/1564/902 168/1565/320 192/1566/344
f 177/1567/329 528/1568/904 529/1569/907
f 177/1567/329 525/1570/899 528/1568/904
f 177/1567/329 176/1571/328 526/1564/902
f 526/1564/902 525/1570/899 177/1567/329
f 176/1571/328 168/1565/320 526/1564/902
f 529/1569/907 531/1554/912 177/1567/329
f 197/1572/349 522/1573/892 524/1574/897
f 524/1574/897 527/1575/906 197/1572/349
f 197/1572/349 196/1576/348 523/1577/895
f 523/1577/895 522/1573/892 197/1572/349
f 196/1576/348 199/1578/351 523/1577/895
f 199/1578/351 198/1579/350 523/1577/895
f 198/1579/350 496/1580/802 498/1581/807
f 497/1582/805 190/1583/342 189/1584/341
f 198/1579/350 190/1583/342 497/1582/805
f 497/1582/805 496/1580/802 198/1579/350
f 189/1584/341 191/1585/343 497/1582/805
f 498/1581/807 499/1586/809 198/1579/350
f 491/1587/791 179/1588/331 210/1589/362
f 191/1585/343 494/1590/798 495/1591/800
f 191/1585/343 493/1592/794 494/1590/798
f 191/1585/343 187/1593/339 491/1587/791
f 491/1587/791 493/1592/794 191/1585/343
f 187/1593/339 179/1588/331 491/1587/791
f 495/1591/800 497/1582/805 191/1585/343
f 213/1594/365 504/1595/820 492/1596/796
f 213/1594/365 212/1597/364 503/1598/818
f 503/1598/818 502/1599/815 213/1594/365
f 212/1597/364 216/1600/368 503/1598/818
f 216/1600/368 215/1601/367 503/1598/818
f 502/1599/815 504/1595/820 213/1594/365
f 215/1601/367 501/1602/813 500/1603/810
f 215/1601/367 509/1604/831 501/1602/813
f 215/1601/367 507/1605/824 508/1606/828
f 215/1601/367 214/1607/366 506/1608/826
f 506/1608/826 505/1609/821 215/1601/367
f 505/1609/821 507/1605/824 215/1601/367
f 508/1606/828 509/1604/831 215/1601/367
f 214/1607/366 200/1610/352 506/1608/826
f 200/1610/352 226/1611/378 506/1608/826
f 500/1603/810 503/1598/818 215/1601/367
f 226/1611/378 231/1612/383 506/1608/826
f 511/1613/839 232/1614/384 218/1615/370
f 218/1615/370 217/1616/369 511/1613/839
f 230/1617/382 510/1618/832 512/1619/835
f 230/1617/382 232/1614/384 511/1613/839
f 511/1613/839 510/1618/832 230/1617/382
f 512/1619/835 513/1620/838 230/1617/382
f 513/1620/838 506/1608/826 230/1617/382
f 233/1621/385 220/1622/372 515/1623/844
f 515/1623/844 517/1624/846 233/1621/385
f 517/1624/846 516/1625/848 233/1621/385
f 516/1625/848 511/1613/839 233/1621/385
f 220/1622/372 240/1626/392 515/1623/844
f 240/1626/392 241/1627/393 515/1623/844
f 518/1628/850 245/1629/397 244/1630/396
f 235/1631/387 521/1632/853 520/1633/855
f 520/1633/855 514/1634/841 235/1631/387
f 235/1631/387 245/1629/397 518/1628/850
f 518/1628/850 521/1632/853 235/1631/387
f 514/1634/841 515/1623/844 235/1631/387
f 244/1630/396 247/1635/406 518/1628/850
f 248/1636/408 277/1497/474 557/1637/956
f 248/1636/408 250/1638/410 251/1639/413
f 251/1639/413 277/1497/474 248/1636/408
f 557/1637/956 532/1640/927 248/1636/408
f 532/1640/927 519/1641/921 248/1636/408
f 519/1641/921 518/1628/850 248/1636/408
f 250/1638/410 249/1642/409 251/1639/413
f 247/1635/406 248/1636/408 518/1628/850
f 241/1627/393 235/1631/387 515/1623/844
f 217/1616/369 233/1621/385 511/1613/839
f 231/1612/383 230/1617/382 506/1608/826
f 492/1596/796 491/1587/791 213/1594/365
f 210/1589/362 213/1594/365 491/1587/791
f 499/1586/809 523/1577/895 198/1579/350
f 527/1575/906 526/1564/902 197/1572/349
f 192/1566/344 197/1572/349 526/1564/902
f 174/1557/326 177/1567/329 531/1554/912
f 163/1542/315 162/1560/314 458/1539/669
f 473/1524/684 471/1534/682 554/1522/953
f 490/1505/704 278/1643/705 137/1506/289
f 553/1499/952 557/1637/956 277/1497/474
f 549/1491/948 551/1493/950 271/1489/462
f 546/1483/944 547/1485/945 263/1484/444
f 539/1470/937 545/1482/943 264/1468/455
f 535/1459/933 542/1478/940 252/1456/442
f 553/1644/952 987/1645/957 557/1646/956
f 557/1646/956 983/1647/957 532/5/927
f 988/1648/958 989/1649/959 553/1644/952
f 990/1650/960 988/1648/958 553/1644/952
f 991/1651/961 990/1650/960 553/1644/952
f 993/1652/962 992/1653/963 553/1644/952
f 992/1653/963 994/1654/964 553/1644/952
f 994/1655/964 995/1656/965 553/1644/952
f 995/1657/965 991/1658/961 553/1644/952
f 989/1659/959 986/1660/966 553/1644/952
f 548/1661/947 996/1662/967 997/1663/968
f 549/1664/948 997/1665/968 998/1666/969
f 551/1667/950 998/1668/969 999/1669/970
f 552/1670/951 993/1671/962 553/69/952
f 552/1670/951 999/1672/970 1000/1673/971
f 545/1674/943 1001/1675/972 1002/1676/973
f 544/1677/942 1003/1678/974 1004/1679/975
f 546/1680/944 1006/1681/976 547/1682/945
f 546/1680/944 1004/1683/975 1005/1684/977
f 543/1685/941 1002/1686/973 1003/1687/974
f 547/1682/945 1007/1688/978 550/1689/949
f 535/1690/933 1008/1691/979 1009/1692/980
f 542/1693/940 1009/1694/980 1010/1695/981
f 540/1696/938 1011/1697/982 1012/1698/983
f 540/1696/938 1013/1699/984 538/1700/936
f 538/1700/936 1014/1701/985 539/1702/937
f 541/1703/939 1010/1695/981 1011/1704/982
f 537/1705/935 1016/1706/986 536/1707/934
f 536/1707/934 1017/1708/987 533/1709/931
f 533/1709/931 1018/1710/988 534/1711/932
f 1019/1712/989 1015/1713/990 537/1705/935
f 1018/1710/988 1008/1691/979 534/1711/932
f 1014/1714/985 1001/1675/972 539/1702/937
f 1007/1688/978 996/1715/967 550/1689/949
s 0
f 537/5/991 1020/1716/991 1019/1717/991
f 754/1718/991 1020/1719/991 258/276/991
f 975/1720/992 973/1721/992 974/1722/992
s 1
f 2/1/1 558/1723/10 559/2/2
f 1/3/3 559/2/2 560/4/4
f 575/28/18 573/1724/17 4/20/12
f 5/29/19 6/69/403 576/30/14
f 7/39/22 8/42/25 580/40/23
f 9/45/27 7/39/22 581/46/24
f 10/48/29 11/51/32 584/49/30
f 11/51/32 9/45/27 583/52/28
f 12/54/33 13/57/36 586/55/34
f 13/57/36 10/48/29 585/58/31
f 14/60/37 12/54/33 587/61/35
f 16/63/39 589/1725/42 590/64/40
f 14/60/37 588/1726/38 589/66/42
f 17/67/43 591/184/44 566/68/44
s 0
f 15/65/45 590/1727/45 591/70/45
s 1
f 19/71/46 592/160/104 593/72/47
f 18/73/48 593/72/47 594/74/49
f 21/76/51 22/79/54 595/77/52
f 22/79/54 23/101/67 597/80/55
f 24/82/56 25/88/60 598/83/57
f 26/85/59 24/82/56 599/86/58
f 25/88/60 21/76/51 596/89/53
f 27/91/61 28/97/66 601/92/62
f 29/94/64 27/91/61 602/95/63
f 28/97/66 26/85/59 600/98/58
f 20/75/50 594/1728/49 597/100/55
f 30/102/68 31/149/98 604/103/69
f 32/105/71 33/174/398 606/106/72
f 34/108/74 32/105/71 607/109/73
f 35/111/76 36/119/83 609/112/77
f 37/114/79 35/111/76 610/115/78
f 38/117/81 37/114/79 611/116/80
f 36/119/83 34/108/74 608/120/75
f 39/122/84 40/145/97 613/123/57
f 41/125/86 39/122/84 614/126/85
f 42/128/88 43/137/93 616/129/78
f 44/131/90 42/128/88 617/132/89
f 45/134/92 44/131/90 618/135/91
f 43/137/93 41/125/86 615/138/87
f 46/140/94 47/143/96 620/141/91
f 47/143/96 45/134/92 619/136/91
f 40/145/97 38/117/81 612/146/82
f 606/147/72 33/174/398 30/102/68
f 31/149/98 29/94/64 603/150/65
f 49/152/99 622/156/101 623/153/47
f 49/152/99 46/140/94 621/155/95
s 0
f 48/154/993 623/153/993 624/157/993
f 582/161/102 8/42/102 50/158/102
f 626/166/106 19/164/106 51/69/106
s 1
f 53/152/107 629/1729/163 628/155/108
f 55/143/110 631/141/111 630/136/111
f 57/137/113 633/1730/117 632/168/114
f 58/128/116 634/132/119 633/169/117
f 59/131/118 635/135/140 634/170/119
f 61/145/120 637/1731/124 636/118/121
f 62/122/123 638/126/139 637/171/124
f 64/119/125 640/1732/129 639/110/126
f 65/111/128 641/1733/131 640/172/129
f 66/114/130 642/1734/138 641/173/131
f 68/174/132 644/1735/136 643/148/133
f 69/105/135 645/109/137 644/147/136
f 63/108/127 639/1736/126 645/175/137
f 60/117/122 636/1737/121 642/176/138
f 56/125/115 632/1738/114 638/177/139
f 54/134/112 630/1739/111 635/133/140
f 71/149/141 647/103/144 646/96/142
f 67/102/134 643/148/133 647/151/144
f 73/97/145 649/92/124 648/87/146
f 74/91/148 650/1740/136 649/178/124
f 76/88/149 652/1741/153 651/78/150
f 77/82/152 653/1742/158 652/179/153
f 79/79/154 655/77/157 654/100/140
f 654/180/140 656/1728/150 80/75/156
f 75/76/151 651/1743/150 655/81/157
f 72/85/147 648/1744/146 653/84/158
f 658/72/146 657/1745/161 51/71/160
f 656/74/150 658/72/146 81/73/162
f 70/94/143 646/1746/142 650/183/136
f 52/140/109 628/155/108 631/144/111
f 659/153/163 629/156/163 53/152/107
s 0
f 661/184/165 660/1747/165 83/65/165
s 1
f 663/185/166 662/62/994 85/60/167
f 88/57/169 665/55/183 664/50/170
f 90/51/172 667/1748/181 666/186/173
s 0
f 92/158/995 91/42/995 669/43/995
s 1
f 93/39/179 671/1749/180 668/188/176
f 89/45/174 666/52/173 671/189/180
f 87/48/171 664/1750/170 667/190/181
f 94/54/182 672/1751/184 665/191/183
f 85/60/167 662/1726/994 672/192/184
f 660/193/185 663/66/166 86/63/168
s 0
f 84/67/165 4/69/165 579/194/165
s 1
f 82/154/164 92/158/400 670/162/188
s 0
f 95/195/196 96/218/196 673/196/196
f 676/201/996 675/199/996 6/198/996
f 97/202/194 95/195/194 674/203/194
s 1
f 96/218/199 98/204/192 679/219/195
f 99/221/201 100/242/218 685/222/202
f 101/224/204 99/221/201 686/225/203
f 682/227/206 98/5/192 102/228/207
f 102/228/207 101/224/204 687/230/205
f 103/232/209 104/255/230 689/233/210
f 105/235/212 103/232/209 690/234/211
f 106/237/214 105/235/212 691/238/213
f 107/240/216 694/243/219 693/241/217
f 107/240/216 106/237/214 692/239/215
f 108/244/220 109/264/239 695/245/221
f 110/247/223 108/244/220 696/248/222
f 112/250/225 699/253/228 698/251/226
f 112/250/225 110/247/223 697/249/224
f 111/252/227 698/1752/226 700/254/229
f 113/256/231 114/265/240 701/257/232
f 116/259/234 704/1753/237 703/260/235
f 116/259/234 113/256/231 702/258/233
f 115/261/236 703/260/235 705/263/238
s 0
f 707/275/242 114/273/242 117/276/242
s 1
f 710/281/246 709/280/245 117/279/244
f 120/286/251 713/1754/253 711/287/250
f 121/288/252 714/314/274 713/289/253
f 716/290/254 715/1755/997 122/291/255
f 125/293/257 718/1756/263 717/294/258
f 124/295/259 717/1757/258 719/298/262
f 122/291/255 715/1755/997 718/299/263
f 128/300/264 722/1758/273 721/301/265
f 130/306/270 725/1759/271 723/307/269
f 127/302/266 721/1760/265 725/308/271
f 128/300/264 131/69/276 726/309/272
f 123/292/256 129/304/268 724/311/267
f 121/288/252 126/297/261 720/313/260
f 118/282/247 119/284/249 712/283/248
f 733/324/282 731/1761/281 131/316/276
f 132/325/283 133/5/562 734/326/282
s 0
f 3/559/421 744/566/421 745/560/421
s 1
f 743/562/6 251/550/413 249/563/409
s 0
f 246/561/998 745/560/998 746/564/998
s 1
f 748/573/423 252/595/442 253/574/424
f 749/575/425 253/574/424 254/576/426
f 254/576/426 255/646/477 751/578/428
f 752/580/429 256/586/435 257/581/430
f 755/584/433 258/583/432 256/586/435
f 753/582/431 257/581/430 259/587/436
f 756/589/437 259/587/436 260/590/438
f 757/591/439 260/590/438 261/592/440
f 758/594/441 261/592/440 252/595/442
f 759/597/443 262/601/447 263/598/444
f 761/600/446 264/612/455 262/601/447
f 760/602/445 263/598/444 265/603/448
f 764/608/451 266/605/450 267/609/453
f 765/611/454 267/609/453 264/612/455
f 766/614/456 268/623/464 269/615/457
f 270/617/459 271/620/462 768/618/460
f 770/621/463 271/620/462 268/623/464
f 767/625/458 269/615/457 272/626/465
s 0
f 273/628/476 270/617/476 769/629/476
s 1
f 275/634/465 274/631/468 773/633/470
f 774/632/469 274/631/468 276/636/472
f 776/638/473 276/636/472 277/639/474
f 251/5/413 747/1762/422 777/641/475
f 272/626/465 275/634/465 775/642/471
f 265/603/448 273/628/946 772/644/476
f 255/646/477 266/605/450 763/607/452
f 133/830/562 363/833/564 781/837/569
f 358/1016/558 788/1763/999 787/1017/706
f 789/1019/707 788/1764/999 358/1016/558
f 362/1024/563 791/1026/709 790/1025/708
f 359/1018/559 787/1765/706 791/1026/709
f 355/1027/555 793/1766/711 792/1028/710
f 357/1030/557 794/1767/1000 793/1031/711
f 356/1029/556 792/1028/710 795/1035/713
f 797/1036/714 794/1768/1000 357/1030/557
f 349/1038/549 799/1769/790 798/1039/715
f 352/1044/552 351/1041/551 801/1043/717
f 353/1046/553 803/1770/719 800/1047/716
f 350/1040/550 798/1039/715 803/1048/719
f 345/1049/545 805/1771/721 804/1050/720
f 344/1052/544 806/1215/789 805/1053/721
f 347/1054/547 346/1051/546 807/1055/722
f 348/1057/548 347/1054/547 808/1058/723
f 341/1064/541 340/1061/540 811/1063/726
f 342/1066/542 813/1772/729 810/1062/725
s 0
f 343/1067/1001 341/1064/1001 812/1068/1001
s 1
f 338/1070/538 815/1773/787 813/1071/729
f 817/1072/730 816/1774/738 333/1073/533
f 331/1075/531 819/1090/737 818/1076/731
f 339/1081/539 335/1078/535 821/1082/733
f 337/1084/537 339/1081/539 822/1085/734
f 334/1087/534 824/1775/736 820/1079/732
f 336/1077/536 818/1076/731 824/1088/736
f 330/1089/530 825/1776/1002 819/1090/737
f 816/1091/738 825/1777/1002 330/1089/530
s 0
f 448/1092/1003 827/1778/1003 826/1093/1003
s 1
f 449/1094/660 826/1779/740 828/1095/740
f 323/1097/523 830/1780/742 829/1098/741
f 452/1100/663 831/1781/743 830/1101/742
f 450/1096/661 828/1095/740 831/1102/743
f 448/1092/659 446/1782/657 832/1103/744
f 319/1105/519 834/1783/752 833/1106/745
f 325/1108/525 836/1784/750 835/1109/746
s 0
f 328/1114/1004 327/1112/1004 838/1115/1004
s 1
f 329/1110/529 835/1785/746 837/1117/748
f 324/1118/524 840/1786/751 836/1119/750
f 326/1107/526 833/1787/745 840/1120/751
f 320/1121/520 841/1788/753 834/1122/752
f 322/1099/522 829/1098/741 841/1123/753
f 370/1124/581 843/1789/785 842/1125/754
f 368/1127/579 845/1790/756 844/1128/755
f 371/1126/582 842/1791/754 845/1130/756
f 376/1131/587 847/1135/758 846/1132/757
f 377/1134/588 848/1792/759 847/1135/758
f 365/1129/576 844/1793/755 848/1136/759
f 382/1137/593 380/1142/591 850/1138/760
f 378/1140/589 851/1143/762 850/1141/760
f 372/1133/583 846/1794/757 851/1143/762
f 390/1144/601 385/1149/596 853/1145/763
f 387/1147/598 854/1795/783 853/1148/763
f 393/1150/604 856/1796/776 855/1151/765
f 399/1153/610 858/1158/768 857/1154/766
f 394/1155/605 857/1797/766 859/1156/767
f 391/1152/602 855/1798/765 858/1158/768
f 400/1159/611 861/1164/759 860/1160/759
f 405/1161/616 860/1799/759 862/1162/769
f 397/1157/608 859/1800/767 861/1164/759
f 408/1165/619 864/1178/775 863/1166/770
f 410/1168/621 409/1167/620 863/1169/770
f 412/1171/623 415/1176/626 866/1172/772
f 412/1171/623 867/1801/773 868/1174/774
f 415/1176/626 410/1168/621 865/1177/771
f 402/1163/613 862/1802/769 864/1178/775
f 390/1144/601 852/1803/764 856/1179/776
f 422/1180/633 419/1205/630 869/1181/777
f 425/1183/636 424/1188/635 871/1184/777
f 426/1186/637 425/1183/636 872/1185/777
f 424/1188/635 422/1180/633 870/1182/775
f 431/1190/642 875/1804/780 874/1191/779
f 431/1190/642 430/1204/641 876/1193/772
f 435/1195/646 878/1203/767 877/1196/756
s 0
f 436/1197/1005 877/1196/1005 879/1198/1005
s 1
f 880/1200/781 442/1211/653 441/1201/652
f 444/1199/655 879/1198/756 881/1202/782
f 438/1192/649 874/1191/779 878/1203/767
f 426/1186/637 873/1805/778 876/1193/772
f 419/1205/630 420/1175/631 868/1206/774
f 382/1137/593 849/1806/761 854/1207/783
s 0
f 832/1210/1006 446/1782/1006 442/1211/1006
f 332/1074/1004 328/1114/1004 839/1116/1004
s 1
f 815/1213/787 338/1070/538 337/1084/537
f 344/1052/544 343/1067/543 814/1214/788
f 349/1038/549 348/1057/548 809/1216/724
f 354/1037/554 352/1044/552 802/1045/718
f 361/1020/561 360/1033/560 796/1032/712
f 491/1219/791 492/1224/796 883/1220/792
f 493/1222/794 491/1219/791 884/1221/793
f 494/1227/798 493/1222/794 885/1223/795
f 495/1229/800 494/1227/798 887/1230/799
f 496/1232/802 497/1235/805 889/1233/803
f 497/1235/805 495/1229/800 888/1236/801
f 496/1232/802 890/1807/804 891/1237/806
f 498/1238/807 891/1808/806 892/1239/808
f 500/1241/810 501/1244/813 893/1242/811
f 502/1247/815 503/1250/818 896/1248/816
f 503/1250/818 500/1241/810 894/1243/812
f 502/1247/815 897/1809/817 898/1251/819
f 505/1253/821 506/1259/826 899/1254/822
f 507/1256/824 505/1253/821 900/1257/823
f 508/1261/828 507/1256/824 901/1262/825
f 508/1261/828 903/1810/829 904/1264/830
f 510/1266/832 511/1274/839 905/1267/833
f 512/1269/835 510/1266/832 906/1270/834
f 512/1269/835 907/1271/836 908/1272/837
f 515/1279/844 514/1276/841 910/1278/843
f 517/1281/846 914/1811/849 913/1282/847
f 517/1281/846 515/1279/844 912/1280/845
f 518/1285/850 519/1438/921 915/1286/851
f 521/1288/853 918/1812/856 917/1289/854
f 521/1288/853 518/1285/850 916/1291/852
s 0
f 437/1293/877 440/1436/877 919/1294/877
s 1
f 432/1296/643 434/1299/645 921/1297/858
f 434/1299/645 433/1308/644 923/1300/860
f 924/1302/861 429/1813/640 428/1303/639
f 427/1305/638 429/1813/640 924/1302/861
f 428/1303/639 432/1296/643 922/1307/859
f 433/1308/644 437/1293/648 920/1295/864
f 927/1309/865 417/1332/628 421/1310/632
f 928/1311/866 421/1310/632 423/1312/634
f 930/1314/868 413/1322/624 418/1315/629
f 932/1317/870 411/1330/622 416/1318/627
f 933/1319/871 416/1318/627 414/1320/625
f 934/1321/872 414/1320/625 413/1322/624
f 403/1324/614 407/1328/618 935/1325/873
f 406/1327/617 937/1814/875 935/1325/873
f 937/1329/875 406/1327/617 411/1330/622
f 931/1331/869 418/1315/629 417/1332/628
f 929/1333/867 423/1312/634 427/1305/638
f 398/1335/609 401/1338/612 938/1336/876
f 401/1338/612 404/1355/615 940/1339/878
f 392/1341/603 396/1344/607 941/1342/879
f 396/1344/607 395/1353/606 943/1345/881
f 388/1347/599 389/1350/600 944/1348/882
f 389/1350/600 392/1341/603 942/1351/880
f 395/1353/606 398/1335/609 939/1337/877
f 404/1355/615 403/1324/614 936/1356/874
f 384/1357/595 386/1389/597 946/1358/884
f 383/1360/594 384/1357/595 947/1359/885
f 379/1362/590 381/1369/592 949/1363/887
f 373/1365/584 379/1362/590 950/1366/888
f 383/1360/594 948/1815/886 949/1368/887
f 375/1370/586 374/1386/585 952/1371/888
f 366/1373/577 375/1370/586 953/1372/865
f 369/1375/580 367/1383/578 955/1376/858
f 370/1378/581 369/1375/580 956/1381/874
f 367/1383/578 366/1373/577 954/1384/890
f 374/1386/585 373/1365/584 951/1387/889
f 386/1389/597 388/1347/599 945/1390/883
f 522/1392/892 523/1396/895 958/1393/893
f 524/1398/897 522/1392/892 959/1394/894
f 525/1400/899 526/1403/902 962/1401/900
f 526/1403/902 527/1409/906 964/1404/903
f 528/1406/904 525/1400/899 963/1407/901
f 527/1409/906 524/1398/897 961/1410/898
f 529/1412/907 528/1406/904 965/1408/905
f 530/1414/909 531/1417/912 967/1415/910
f 531/1417/912 529/1412/907 966/1413/908
f 453/1418/664 454/1434/665 969/1419/913
f 451/1421/662 453/1418/664 970/1422/914
f 973/1424/916 443/1816/654 445/1425/656
s 0
f 445/1425/1007 447/1430/1007 974/1426/1007
f 439/1427/1008 443/1816/1008 973/1428/1008
s 1
f 447/1430/658 451/1421/662 971/1431/915
f 968/1433/911 969/1817/913 454/1434/665
s 0
f 499/1240/1009 892/1239/1009 960/1435/1009
f 440/1436/1008 439/1427/1008 975/1429/1008
s 1
f 520/1290/855 917/1289/854 911/1439/842
f 516/1283/848 913/1282/847 909/1275/840
f 513/1273/838 908/1818/837 902/1260/827
f 509/1265/831 904/1264/830 895/1245/814
f 504/1252/820 898/1251/819 886/1225/797
f 532/1447/927 982/1819/1010 981/1445/925
f 553/1644/952 986/1820/966 987/1645/957
f 557/1646/956 987/1821/957 983/1647/957
f 548/1661/947 550/1689/949 996/1662/967
f 549/1664/948 548/1661/947 997/1665/968
f 551/1667/950 549/1664/948 998/1668/969
f 552/1670/951 1000/1822/971 993/1671/962
f 552/1670/951 551/1667/950 999/1672/970
f 545/1674/943 539/1702/937 1001/1675/972
f 544/1677/942 543/1685/941 1003/1678/974
f 546/1680/944 1005/1823/977 1006/1681/976
f 546/1680/944 544/1677/942 1004/1683/975
f 543/1685/941 545/1674/943 1002/1686/973
f 547/1682/945 1006/1824/976 1007/1688/978
f 535/1690/933 534/1711/932 1008/1691/979
f 542/1693/940 535/1690/933 1009/1694/980
f 540/1696/938 541/1703/939 1011/1697/982
f 540/1696/938 1012/1698/983 1013/1699/984
f 538/1700/936 1013/1825/984 1014/1701/985
f 541/1703/939 542/1693/940 1010/1695/981
f 537/1705/935 1015/1826/990 1016/1706/986
f 536/1707/934 1016/1827/986 1017/1708/987
f 533/1709/931 1017/1708/987 1018/1710/988
s 0
f 537/5/991 258/276/991 1020/1716/991
f 974/1722/992 971/1828/992 970/1829/992
f 970/1829/992 969/1830/992 968/1831/992
f 967/1832/1011 966/1833/1011 965/1834/1011
f 970/1829/1012 968/1831/1012 967/1832/1012
f 920/1835/992 919/1836/992 975/1720/992
f 921/1837/1013 923/1838/1013 920/1835/1013
f 925/1839/992 922/1840/992 921/1837/992
f 926/1841/242 924/1842/242 925/1839/242
f 927/1843/992 928/1844/992 929/1845/992
f 929/1845/992 926/1841/992 925/1839/992
f 925/1839/1014 921/1837/1014 920/1835/1014
f 974/1722/1015 970/1829/1015 967/1832/1015
f 967/1832/992 965/1834/992 963/1846/992
f 962/1847/1016 964/1848/1016 961/1849/1016
f 967/1832/1017 963/1846/1017 962/1847/1017
f 925/1839/1011 920/1835/1011 975/1720/1011
f 927/1843/1018 929/1845/1018 925/1839/1018
f 930/1850/992 931/1851/992 927/1843/992
f 932/1852/992 933/1853/992 934/1854/992
f 934/1854/1019 930/1850/1019 927/1843/1019
f 927/1843/1015 925/1839/1015 975/1720/1015
f 934/1854/1020 927/1843/1020 975/1720/1020
f 937/1855/992 932/1852/992 934/1854/992
f 936/1856/1019 935/1857/1019 937/1855/1019
f 938/1858/1018 940/1859/1018 936/1856/1018
f 941/1860/992 943/1861/992 939/1862/992
f 938/1858/1014 936/1856/1014 937/1855/1014
f 941/1860/1021 939/1862/1021 938/1858/1021
f 944/1863/1022 942/1864/1022 941/1860/1022
f 946/1865/478 945/1866/478 944/1863/478
f 949/1867/992 948/1867/992 947/1868/992
f 946/1865/992 944/1863/992 941/1860/992
f 949/1867/1023 947/1868/1023 946/1865/1023
f 950/1869/991 949/1867/991 946/1865/991
f 946/1865/992 941/1860/992 938/1858/992
f 938/1858/1018 937/1855/1018 934/1854/1018
f 974/1722/1024 967/1832/1024 962/1847/1024
f 962/1847/992 961/1849/992 959/1870/992
f 958/1871/1025 960/1872/1025 892/1873/1025
f 962/1847/1026 959/1870/1026 958/1871/1026
f 938/1858/992 934/1854/992 975/1720/992
f 950/1869/992 946/1865/992 938/1858/992
f 953/1874/1019 952/1875/1019 951/1876/1019
f 950/1869/992 938/1858/992 975/1720/992
f 954/1877/1027 953/1874/1027 951/1876/1027
f 951/1876/992 950/1869/992 975/1720/992
f 954/1877/992 951/1876/992 975/1720/992
f 956/1878/1020 955/1879/1020 954/1877/1020
f 843/1880/992 882/1881/992 957/1882/992
f 956/1878/992 954/1877/992 975/1720/992
f 843/1880/992 957/1882/992 956/1878/992
f 844/1883/992 845/1884/992 842/1885/992
f 842/1885/992 843/1880/992 956/1878/992
f 974/1722/1028 962/1847/1028 958/1871/1028
f 958/1871/1029 892/1873/1029 891/1886/1029
f 891/1886/992 890/1887/992 889/1888/992
f 889/1888/992 888/1889/992 887/1890/992
f 887/1890/1030 885/1891/1030 884/1892/1030
f 883/1893/1031 886/1894/1031 898/1895/1031
f 887/1890/1012 884/1892/1012 883/1893/1012
f 891/1886/992 889/1888/992 887/1890/992
f 958/1871/1032 891/1886/1032 887/1890/1032
f 883/1893/1033 898/1895/1033 897/1896/1033
f 958/1871/992 887/1890/992 883/1893/992
f 842/1885/992 956/1878/992 975/1720/992
f 848/1897/991 844/1883/991 842/1885/991
f 846/1898/992 847/1899/992 848/1897/992
f 846/1898/1027 848/1897/1027 842/1885/1027
f 958/1871/992 883/1893/992 897/1896/992
f 897/1896/1019 896/1900/1019 894/1901/1019
f 893/1902/1034 895/1903/1034 904/1904/1034
f 897/1896/992 894/1901/992 893/1902/992
f 974/1722/992 958/1871/992 897/1896/992
f 974/1722/992 897/1896/992 893/1902/992
f 893/1902/1033 904/1904/1033 903/1905/1033
f 903/1905/1035 901/1906/1035 900/1907/1035
f 899/1908/1036 902/1909/1036 908/1910/1036
f 903/1905/1037 900/1907/1037 899/1908/1037
f 974/1722/992 893/1902/992 903/1905/992
f 974/1722/1032 903/1905/1032 899/1908/1032
f 899/1908/1038 908/1910/1038 907/1911/1038
f 907/1911/992 906/1912/992 905/1913/992
f 905/1913/1039 909/1914/1039 913/1915/1039
f 913/1915/992 914/1916/992 912/1917/992
f 910/1918/1032 911/1919/1032 917/1920/1032
f 913/1915/1040 912/1917/1040 910/1918/1040
f 899/1908/992 907/1911/992 905/1913/992
f 905/1913/992 913/1915/992 910/1918/992
f 910/1918/1041 917/1920/1041 918/1921/1041
f 910/1918/1042 918/1921/1042 916/1922/1042
f 899/1908/992 905/1913/992 910/1918/992
f 846/1898/992 842/1885/992 975/1720/992
f 851/1923/992 846/1898/992 975/1720/992
f 850/1924/992 851/1923/992 975/1720/992
f 854/1925/1043 849/1926/1043 850/1924/1043
f 856/1927/1044 852/1928/1044 853/1929/1044
f 853/1929/1045 854/1925/1045 850/1924/1045
f 974/1722/992 899/1908/992 910/1918/992
f 910/1918/1032 916/1922/1032 915/1930/1032
f 915/1930/992 976/1931/992 977/1932/992
f 977/1932/242 978/1933/242 979/1934/242
f 979/1934/1046 985/1935/1046 984/1936/1046
f 984/1936/1047 980/1937/1047 981/1938/1047
f 981/1938/992 982/1939/992 983/1940/992
f 981/1938/992 983/1940/992 987/1941/992
f 979/1934/992 984/1936/992 981/1938/992
f 915/1930/992 977/1932/992 979/1934/992
f 974/1722/992 910/1918/992 915/1930/992
f 974/1722/992 915/1930/992 979/1934/992
f 979/1934/1048 981/1938/1048 987/1941/1048
f 986/1942/992 989/1943/992 988/1944/992
f 979/1934/1049 987/1941/1049 986/1942/1049
f 853/1929/992 850/1924/992 975/1720/992
f 858/1945/1016 855/1946/1016 856/1927/1016
f 856/1927/992 853/1929/992 975/1720/992
f 858/1945/992 856/1927/992 975/1720/992
f 859/1947/992 857/1948/992 858/1945/992
f 862/1949/992 860/1950/992 861/1951/992
f 861/1951/991 859/1947/991 858/1945/991
f 974/1722/992 979/1934/992 986/1942/992
f 986/1942/1040 988/1944/1040 990/1952/1040
f 990/1952/1050 991/1953/1050 995/1954/1050
f 995/1954/992 994/1955/992 992/1956/992
f 992/1956/1051 993/1957/1051 1000/1958/1051
f 1000/1958/992 999/1959/992 998/1960/992
f 998/1960/1052 997/1961/1052 996/1962/1052
f 996/1962/1036 1007/1963/1036 1006/1964/1036
f 1006/1964/992 1005/1965/992 1004/1966/992
f 1004/1966/992 1003/1967/992 1002/1968/992
f 1001/1969/1053 1014/1970/1053 1013/1971/1053
f 1004/1966/1054 1002/1968/1054 1001/1969/1054
f 996/1962/1041 1006/1964/1041 1004/1966/1041
f 1000/1958/992 998/1960/992 996/1962/992
f 995/1954/1055 992/1956/1055 1000/1958/1055
f 986/1942/1056 990/1952/1056 995/1954/1056
f 861/1951/992 858/1945/992 975/1720/992
f 864/1972/1027 862/1949/1027 861/1951/1027
f 866/1973/1057 865/1974/1057 863/1975/1057
f 863/1975/992 864/1972/992 861/1951/992
f 974/1722/992 986/1942/992 995/1954/992
f 995/1954/1041 1000/1958/1041 996/1962/1041
f 996/1962/992 1004/1966/992 1001/1969/992
f 1001/1969/1032 1013/1971/1032 1012/1976/1032
f 1012/1976/1058 1011/1977/1058 1010/1978/1058
f 1010/1978/992 1009/1979/992 1008/1980/992
f 1008/1980/1059 1018/1981/1059 1017/1982/1059
f 1017/1982/1060 1016/1983/1060 1015/1984/1060
f 1015/1984/992 1019/1985/992 1020/1986/992
f 1020/1986/992 754/1987/992 755/1988/992
f 755/1988/1061 752/1989/1061 753/1990/1061
f 753/1990/1062 756/1991/1062 757/1992/1062
f 757/1992/992 758/1993/992 748/1994/992
f 748/1994/992 749/1995/992 750/1996/992
f 750/1996/1063 751/1997/1063 763/1998/1063
f 764/1999/1064 765/2000/1064 761/2001/1064
f 750/1996/992 763/1998/992 764/1999/992
f 757/1992/992 748/1994/992 750/1996/992
f 755/1988/992 753/1990/992 757/1992/992
f 1015/1984/992 1020/1986/992 755/1988/992
f 1008/1980/992 1017/1982/992 1015/1984/992
f 1012/1976/992 1010/1978/992 1008/1980/992
f 996/1962/992 1001/1969/992 1012/1976/992
f 974/1722/992 995/1954/992 996/1962/992
f 974/1722/992 996/1962/992 1012/1976/992
f 1008/1980/992 1015/1984/992 755/1988/992
f 974/1722/992 1012/1976/992 1008/1980/992
f 974/1722/992 1008/1980/992 755/1988/992
f 755/1988/992 757/1992/992 750/1996/992
f 755/1988/1065 750/1996/1065 764/1999/1065
f 863/1975/992 861/1951/992 975/1720/992
f 867/2002/992 866/1973/992 863/1975/992
f 869/2003/1066 868/2004/1066 867/2002/1066
f 872/2005/242 871/2006/242 870/2007/242
f 870/2007/1014 869/2003/1014 867/2002/1014
f 867/2002/992 863/1975/992 975/1720/992
f 870/2007/992 867/2002/992 975/1720/992
f 872/2005/992 870/2007/992 975/1720/992
f 873/2008/992 872/2005/992 975/1720/992
f 875/2009/1067 876/2010/1067 873/2008/1067
f 878/2011/992 874/2012/992 875/2009/992
f 879/2013/1014 877/2014/1014 878/2011/1014
f 880/2015/992 881/2016/992 879/2013/992
f 826/2017/1068 827/2018/1068 832/2019/1068
f 832/2019/992 880/2015/992 879/2013/992
f 879/2013/1018 878/2011/1018 875/2009/1018
f 875/2009/992 873/2008/992 975/1720/992
f 879/2013/992 875/2009/992 975/1720/992
f 826/2017/1011 832/2019/1011 879/2013/1011
f 831/2020/478 828/2021/478 826/2017/478
f 829/2022/992 830/2023/992 831/2020/992
f 834/2024/1014 841/2025/1014 829/2022/1014
f 840/2026/992 833/2027/992 834/2024/992
f 835/2028/992 836/2029/992 840/2026/992
f 839/2030/992 838/2031/992 837/2032/992
f 837/2032/992 835/2028/992 840/2026/992
f 840/2026/992 834/2024/992 829/2022/992
f 829/2022/1069 831/2020/1069 826/2017/1069
f 826/2017/992 879/2013/992 975/1720/992
f 829/2022/992 826/2017/992 975/1720/992
f 837/2032/1049 840/2026/1049 829/2022/1049
f 817/2033/992 839/2030/992 837/2032/992
f 825/2034/992 816/2035/992 817/2033/992
f 824/2036/1070 818/2037/1070 819/2038/1070
f 819/2038/1071 825/2034/1071 817/2033/1071
f 837/2032/992 829/2022/992 975/1720/992
f 819/2038/992 817/2033/992 837/2032/992
f 820/2039/1031 824/2036/1031 819/2038/1031
f 822/2040/992 821/2041/992 820/2039/992
f 813/2042/992 815/2043/992 823/2044/992
f 823/2044/992 822/2040/992 820/2039/992
f 820/2039/992 819/2038/992 837/2032/992
f 974/1722/992 755/1988/992 764/1999/992
f 761/2001/992 759/2045/992 760/2046/992
f 974/1722/992 764/1999/992 761/2001/992
f 974/1722/992 761/2001/992 760/2046/992
f 760/2046/1028 762/2047/1028 772/2048/1028
f 769/2049/1072 768/2050/1072 770/2051/1072
f 760/2046/1073 772/2048/1073 769/2049/1073
f 820/2039/992 837/2032/992 975/1720/992
f 813/2042/992 823/2044/992 820/2039/992
f 812/2052/992 811/2053/992 810/2054/992
f 810/2054/1074 813/2042/1074 820/2039/1074
f 974/1722/992 760/2046/992 769/2049/992
f 770/2051/992 766/2055/992 767/2056/992
f 974/1722/992 769/2049/992 770/2051/992
f 974/1722/992 770/2051/992 767/2056/992
f 767/2056/992 771/2057/992 775/2058/992
f 775/2058/992 773/2059/992 774/2060/992
f 774/2060/1075 776/2061/1075 777/2062/1075
f 777/2062/1076 747/2063/1076 737/2064/1076
f 737/2064/992 738/2065/992 739/2066/992
f 739/2066/1015 740/2067/1015 741/2068/1015
f 741/2068/992 742/2069/992 743/2070/992
f 743/2070/478 746/2071/478 745/2072/478
f 744/2073/1077 560/2074/1077 559/2075/1077
f 743/2070/1078 745/2072/1078 744/2073/1078
f 739/2066/992 741/2068/992 743/2070/992
f 777/2062/1048 737/2064/1048 739/2066/1048
f 767/2056/992 775/2058/992 774/2060/992
f 774/2060/1042 777/2062/1042 739/2066/1042
f 743/2070/992 744/2073/992 559/2075/992
f 774/2060/992 739/2066/992 743/2070/992
f 974/1722/992 767/2056/992 774/2060/992
f 974/1722/992 774/2060/992 743/2070/992
f 743/2070/1079 559/2075/1079 558/2076/1079
f 558/2076/1080 561/2077/1080 562/2078/1080
f 562/2078/1081 563/2079/1081 564/2080/1081
f 564/2080/1082 568/2081/1082 567/2082/1082
f 567/2082/992 565/2083/992 566/2084/992
f 566/2084/1083 591/2085/1083 590/2086/1083
f 589/2087/992 588/2088/992 587/2089/992
f 566/2084/992 590/2086/992 589/2087/992
f 564/2080/992 567/2082/992 566/2084/992
f 558/2076/992 562/2078/992 564/2080/992
f 974/1722/992 743/2070/992 558/2076/992
f 974/1722/992 558/2076/992 564/2080/992
f 564/2080/1028 566/2084/1028 589/2087/1028
f 589/2087/1050 587/2089/1050 586/2090/1050
f 586/2090/1084 585/2091/1084 584/2092/1084
f 584/2092/992 583/2093/992 581/2094/992
f 580/2095/1085 582/2096/1085 624/2097/1085
f 584/2092/1086 581/2094/1086 580/2095/1086
f 589/2087/1087 586/2090/1087 584/2092/1087
f 974/1722/992 564/2080/992 589/2087/992
f 974/1722/992 589/2087/992 584/2092/992
f 580/2095/1072 624/2097/1072 623/2098/1072
f 974/1722/992 584/2092/992 580/2095/992
f 974/1722/992 580/2095/992 623/2098/992
f 622/2099/992 621/2100/992 620/2101/992
f 974/1722/992 623/2098/992 622/2099/992
f 974/1722/992 622/2099/992 620/2101/992
f 619/2102/992 618/2103/992 617/2104/992
f 974/1722/992 620/2101/992 619/2102/992
f 974/1722/992 619/2102/992 617/2104/992
f 617/2104/1019 616/2105/1019 615/2106/1019
f 615/2106/1088 614/2107/1088 613/2108/1088
f 613/2108/1089 612/2109/1089 611/2110/1089
f 611/2110/992 610/2111/992 609/2112/992
f 609/2112/992 608/2113/992 607/2114/992
f 611/2110/992 609/2112/992 607/2114/992
f 615/2106/1090 613/2108/1090 611/2110/1090
f 974/1722/992 617/2104/992 615/2106/992
f 974/1722/992 615/2106/992 611/2110/992
f 974/1722/992 611/2110/992 607/2114/992
f 974/1722/1041 607/2114/1041 606/2115/1041
f 974/1722/1091 606/2115/1091 605/2116/1091
f 974/1722/1032 605/2116/1032 604/2117/1032
f 604/2117/1092 603/2118/1092 602/2119/1092
f 604/2117/1083 602/2119/1083 601/2120/1083
f 810/2054/992 820/2039/992 975/1720/992
f 814/2121/1093 812/2052/1093 810/2054/1093
f 805/2122/1072 806/2123/1072 814/2121/1072
f 808/2124/1094 807/2125/1094 804/2126/1094
f 804/2126/1085 805/2122/1085 814/2121/1085
f 814/2121/992 810/2054/992 975/1720/992
f 804/2126/992 814/2121/992 975/1720/992
f 809/2127/992 808/2124/992 804/2126/992
f 798/2128/992 799/2129/992 809/2127/992
f 800/2130/1048 803/2131/1048 798/2128/1048
f 802/2132/992 801/2133/992 800/2130/992
f 794/2134/1067 797/2135/1067 802/2132/1067
f 792/2136/1095 793/2137/1095 794/2134/1095
f 789/2138/992 796/2139/992 795/2140/992
f 795/2140/992 792/2136/992 794/2134/992
f 794/2134/992 802/2132/992 800/2130/992
f 800/2130/992 798/2128/992 809/2127/992
f 809/2127/992 804/2126/992 975/1720/992
f 800/2130/992 809/2127/992 975/1720/992
f 795/2140/992 794/2134/992 800/2130/992
f 788/2141/992 789/2138/992 795/2140/992
f 791/2142/1088 787/2143/1088 788/2141/1088
f 785/2144/992 784/2145/992 790/2146/992
f 790/2146/1096 791/2142/1096 788/2141/1096
f 788/2141/992 795/2140/992 800/2130/992
f 974/1722/992 604/2117/992 601/2120/992
f 600/2147/992 599/2148/992 598/2149/992
f 974/1722/1097 601/2120/1097 600/2147/1097
f 974/1722/1065 600/2147/1065 598/2149/1065
f 596/2150/1098 595/2151/1098 597/2152/1098
f 974/1722/1041 598/2149/1041 596/2150/1041
f 974/1722/1065 596/2150/1065 597/2152/1065
f 594/2153/992 593/2154/992 592/2155/992
f 974/1722/1041 597/2152/1041 594/2153/1041
f 974/1722/992 594/2153/992 592/2155/992
f 592/2155/992 625/2156/992 626/2157/992
f 626/2157/992 627/2158/992 657/2159/992
f 657/2159/992 658/2160/992 656/2161/992
f 656/2161/1099 654/2162/1099 655/2163/1099
f 656/2161/1100 655/2163/1100 651/2164/1100
f 626/2157/1038 657/2159/1038 656/2161/1038
f 974/1722/992 592/2155/992 626/2157/992
f 974/1722/992 626/2157/992 656/2161/992
f 974/1722/992 656/2161/992 651/2164/992
f 974/1722/1097 651/2164/1097 652/2165/1097
f 652/2165/1019 653/2166/1019 648/2167/1019
f 652/2165/1101 648/2167/1101 649/2168/1101
f 788/2141/992 800/2130/992 975/1720/992
f 786/2169/992 785/2144/992 790/2146/992
f 790/2146/992 788/2141/992 975/1720/992
f 786/2169/992 790/2146/992 975/1720/992
f 782/2170/1102 783/2171/1102 786/2169/1102
f 780/2172/1103 779/2173/1103 782/2170/1103
f 734/2174/1039 778/2175/1039 781/2176/1039
f 781/2176/1104 780/2172/1104 782/2170/1104
f 782/2170/992 786/2169/992 975/1720/992
f 781/2176/992 782/2170/992 975/1720/992
f 733/2177/992 734/2174/992 781/2176/992
f 735/2178/1105 732/2179/1105 731/2180/1105
f 731/2180/992 733/2177/992 781/2176/992
f 974/1722/1106 652/2165/1106 649/2168/1106
f 650/2181/992 646/2182/992 647/2183/992
f 974/1722/1065 649/2168/1065 650/2181/1065
f 974/1722/992 650/2181/992 647/2183/992
f 974/1722/1065 647/2183/1065 643/2184/1065
f 974/1722/1107 643/2184/1107 644/2185/1107
f 645/2186/1067 639/2187/1067 640/2188/1067
f 974/1722/1097 644/2185/1097 645/2186/1097
f 974/1722/992 645/2186/992 640/2188/992
f 640/2188/992 641/2189/992 642/2190/992
f 642/2190/992 636/2191/992 637/2192/992
f 637/2192/1067 638/2193/1067 632/2194/1067
f 632/2194/1027 633/2195/1027 634/2196/1027
f 634/2196/1108 635/2197/1108 630/2198/1108
f 630/2198/1109 631/2199/1109 628/2200/1109
f 629/2201/1012 659/2202/1012 670/2203/1012
f 630/2198/1110 628/2200/1110 629/2201/1110
f 632/2194/1111 634/2196/1111 630/2198/1111
f 642/2190/1088 637/2192/1088 632/2194/1088
f 974/1722/992 640/2188/992 642/2190/992
f 974/1722/992 642/2190/992 632/2194/992
f 632/2194/992 630/2198/992 629/2201/992
f 629/2201/992 670/2203/992 669/2204/992
f 668/2205/1112 671/2206/1112 666/2207/1112
f 629/2201/992 669/2204/992 668/2205/992
f 974/1722/992 632/2194/992 629/2201/992
f 974/1722/992 629/2201/992 668/2205/992
f 668/2205/1113 666/2207/1113 667/2208/1113
f 667/2208/1114 664/2209/1114 665/2210/1114
f 665/2210/1115 672/2211/1115 662/2212/1115
f 662/2212/992 663/2213/992 660/2214/992
f 661/2215/992 579/2216/992 569/2217/992
f 662/2212/1116 660/2214/1116 661/2215/1116
f 667/2208/1117 665/2210/1117 662/2212/1117
f 974/1722/992 668/2205/992 667/2208/992
f 974/1722/992 667/2208/992 662/2212/992
f 662/2212/992 661/2215/992 569/2217/992
f 569/2217/1118 570/2218/1118 571/2219/1118
f 571/2219/992 572/2220/992 578/2221/992
f 578/2221/1119 577/2222/1119 574/2223/1119
f 573/2224/992 575/2225/992 576/2226/992
f 578/2221/1120 574/2223/1120 573/2224/1120
f 569/2217/992 571/2219/992 578/2221/992
f 974/1722/992 662/2212/992 569/2217/992
f 974/1722/992 569/2217/992 578/2221/992
f 573/2224/992 576/2226/992 675/2227/992
f 974/1722/992 578/2221/992 573/2224/992
f 974/1722/992 573/2224/992 675/2227/992
f 675/2227/478 676/2228/478 674/2229/478
f 674/2229/1121 673/2230/1121 679/2231/1121
f 679/2231/992 678/2232/992 677/2233/992
f 677/2233/1122 681/2234/1122 680/2235/1122
f 684/2236/992 683/2237/992 682/2238/992
f 677/2233/1103 680/2235/1103 684/2236/1103
f 675/2227/1067 674/2229/1067 679/2231/1067
f 679/2231/992 677/2233/992 684/2236/992
f 684/2236/992 682/2238/992 688/2239/992
f 688/2239/992 687/2240/992 686/2241/992
f 685/2242/1123 693/2243/1123 694/2244/1123
f 688/2239/992 686/2241/992 685/2242/992
f 679/2231/992 684/2236/992 688/2239/992
f 974/1722/1065 675/2227/1065 679/2231/1065
f 974/1722/992 679/2231/992 688/2239/992
f 685/2242/1032 694/2244/1032 692/2245/1032
f 974/1722/992 688/2239/992 685/2242/992
f 974/1722/992 685/2242/992 692/2245/992
f 692/2245/992 691/2246/992 690/2247/992
f 689/2248/1097 700/2249/1097 698/2250/1097
f 692/2245/1124 690/2247/1124 689/2248/1124
f 731/2180/992 781/2176/992 975/1720/992
f 736/2251/1117 735/2178/1117 731/2180/1117
f 729/2252/1125 730/2253/1125 736/2251/1125
f 727/2254/992 728/2255/992 729/2252/992
f 722/2256/992 726/2257/992 727/2254/992
f 723/2258/1126 725/2259/1126 721/2260/1126
f 721/2260/992 722/2256/992 727/2254/992
f 727/2254/992 729/2252/992 736/2251/992
f 736/2251/992 731/2180/992 975/1720/992
f 727/2254/992 736/2251/992 975/1720/992
f 723/2258/992 721/2260/992 727/2254/992
f 716/2261/992 724/2262/992 723/2258/992
f 718/2263/992 715/2264/992 716/2261/992
f 719/2265/992 717/2266/992 718/2263/992
f 714/2267/992 720/2268/992 719/2265/992
f 711/2269/992 713/2270/992 714/2267/992
f 710/2271/992 712/2272/992 711/2269/992
f 707/2273/992 708/2274/992 709/2275/992
f 709/2275/992 710/2271/992 711/2269/992
f 711/2269/992 714/2267/992 719/2265/992
f 719/2265/1127 718/2263/1127 716/2261/1127
f 716/2261/992 723/2258/992 727/2254/992
f 974/1722/992 692/2245/992 689/2248/992
f 689/2248/1037 698/2250/1037 699/2276/1037
f 699/2276/1128 697/2277/1128 696/2278/1128
f 695/2279/1076 705/2280/1076 703/2281/1076
f 699/2276/1056 696/2278/1056 695/2279/1056
f 974/1722/992 689/2248/992 699/2276/992
f 974/1722/992 699/2276/992 695/2279/992
f 695/2279/1129 703/2281/1129 704/2282/1129
f 704/2282/992 702/2283/992 701/2284/992
f 701/2284/992 706/2285/992 707/2273/992
f 707/2273/992 709/2275/992 711/2269/992
f 719/2265/992 716/2261/992 727/2254/992
f 707/2273/992 711/2269/992 719/2265/992
f 704/2282/1032 701/2284/1032 707/2273/1032
f 974/1722/992 695/2279/992 704/2282/992
f 974/1722/992 704/2282/992 707/2273/992
f 707/2273/992 719/2265/992 727/2254/992
f 974/1722/992 707/2273/992 727/2254/992
f 974/1722/992 727/2254/992 975/1720/992
f 973/1721/992 972/1721/992 974/1722/992
