# Blender 5.0.1
# www.blender.org
o Part_1.006
v 0.791691 -0.732390 -0.419912
v 0.793047 -0.711012 -0.427743
v 0.791386 -0.737150 -0.418234
v 0.791585 -0.734040 -0.419331
v 0.793447 -0.704650 -0.427032
v 0.799073 -0.611815 -0.415949
v 0.800512 -0.586603 -0.412659
v 0.796879 -0.648653 -0.420471
v 0.796158 -0.660760 -0.421958
v 0.806771 -0.470265 -0.396427
v 0.807542 -0.454356 -0.393994
v 0.804302 -0.518090 -0.403381
v 0.802925 -0.543398 -0.406873
v 0.801840 -0.563321 -0.409622
v 0.811716 -0.363786 -0.379686
v 0.813033 -0.331422 -0.374254
v 0.809521 -0.413176 -0.387658
v 0.808395 -0.436769 -0.391305
v 0.809091 -0.422423 -0.389112
v 0.815632 -0.262454 -0.362422
v 0.817335 -0.209605 -0.353148
v 0.813226 -0.326670 -0.373457
v 0.813756 -0.313663 -0.371274
v 0.817335 0.345350 -0.353148
v 0.816428 0.370124 -0.358256
v 0.816108 0.377796 -0.359852
v 0.814368 0.419430 -0.368517
v 0.813211 0.443216 -0.373412
v 0.808388 0.532410 -0.391284
v 0.807047 0.554730 -0.395599
v 0.811870 0.470803 -0.379090
v 0.809610 0.512078 -0.387354
v 0.811943 0.469292 -0.378779
v 0.802917 0.616397 -0.406849
v 0.801234 0.640295 -0.411066
v 0.805772 0.574247 -0.399215
v 0.804324 0.596424 -0.403324
v 0.798219 0.680350 -0.417773
v 0.789284 -0.769650 -0.407384
v 0.790013 -0.758456 -0.411008
v 0.771779 -1.023612 -0.344215
v 0.772303 -1.016243 -0.345779
v 0.767964 -1.076728 -0.333037
v 0.770028 -1.048044 -0.339114
v 0.765955 -1.104586 -0.326767
v 0.766237 -1.100677 -0.327720
v 0.767074 -1.089085 -0.330348
v 0.767782 -1.079260 -0.332500
v 0.764877 -1.119499 -0.322802
v 0.765190 -1.115173 -0.324077
v 0.765504 -1.110830 -0.325245
v 0.764179 -1.129154 -0.319336
v 0.764219 -1.128600 -0.319584
v 0.764525 -1.124365 -0.321200
v 0.764849 -1.119887 -0.322687
v 0.763651 -1.136449 -0.315724
v 0.763662 -1.136307 -0.315816
v 0.763931 -1.132584 -0.317802
v 0.763209 -1.142561 -0.311364
v 0.763391 -1.140044 -0.313382
v 0.762892 -1.146943 -0.306809
v 0.762993 -1.145558 -0.308490
v 0.763182 -1.142943 -0.311057
v 0.762619 -1.150716 -0.301078
v 0.762734 -1.149131 -0.303859
v 0.762825 -1.147875 -0.305678
v 0.762471 -1.152765 -0.296620
v 0.762591 -1.151104 -0.300397
v 0.762417 -1.153519 -0.294346
v 0.762335 -1.154650 -0.290547
v 0.762372 -1.154136 -0.292485
v 0.775389 -0.972895 -0.354979
v 0.787817 -0.791969 -0.400473
v 0.789161 -0.771516 -0.406806
v 0.786075 -0.818161 -0.392836
v 0.786645 -0.809584 -0.395337
v 0.782230 -0.874851 -0.377745
v 0.783816 -0.851608 -0.383755
v 0.780104 -0.905655 -0.370213
v 0.780656 -0.897655 -0.372169
v 0.777140 -0.948023 -0.360494
v 0.776146 -0.962144 -0.357363
v 0.777995 -0.935891 -0.363185
v 0.784215 -0.845747 -0.385271
v 0.552335 -1.154650 -0.290547
v 0.524658 -0.758475 -0.411002
v 0.525386 -0.769650 -0.407384
v 0.523283 -0.737150 -0.418234
v 0.536674 -0.935891 -0.363185
v 0.537529 -0.948023 -0.360494
v 0.534566 -0.905655 -0.370213
v 0.532440 -0.874851 -0.377745
v 0.534014 -0.897655 -0.372169
v 0.530454 -0.845747 -0.385271
v 0.530854 -0.851608 -0.383755
v 0.528595 -0.818161 -0.392836
v 0.526852 -0.791969 -0.400473
v 0.528024 -0.809584 -0.395337
v 0.525508 -0.771516 -0.406806
v 0.552298 -1.154136 -0.292485
v 0.552253 -1.153519 -0.294346
v 0.552050 -1.150716 -0.301078
v 0.552078 -1.151104 -0.300397
v 0.552198 -1.152765 -0.296620
v 0.551845 -1.147875 -0.305678
v 0.551935 -1.149131 -0.303859
v 0.551777 -1.146943 -0.306809
v 0.551488 -1.142943 -0.311057
v 0.551677 -1.145558 -0.308490
v 0.551460 -1.142561 -0.311364
v 0.551018 -1.136449 -0.315724
v 0.551278 -1.140044 -0.313382
v 0.550739 -1.132584 -0.317802
v 0.551008 -1.136307 -0.315816
v 0.550490 -1.129154 -0.319336
v 0.550144 -1.124365 -0.321200
v 0.550450 -1.128600 -0.319584
v 0.549821 -1.119887 -0.322687
v 0.549792 -1.119499 -0.322802
v 0.549166 -1.110830 -0.325245
v 0.549480 -1.115173 -0.324077
v 0.548715 -1.104586 -0.326767
v 0.547596 -1.089085 -0.330348
v 0.548433 -1.100677 -0.327720
v 0.546887 -1.079260 -0.332500
v 0.546705 -1.076728 -0.333037
v 0.542891 -1.023612 -0.344215
v 0.544642 -1.048044 -0.339114
v 0.539281 -0.972895 -0.354979
v 0.542366 -1.016243 -0.345779
v 0.538524 -0.962144 -0.357363
v 0.628104 -0.391142 -0.556664
v 0.628323 -0.378663 -0.559959
v 0.686909 -0.379561 -0.559731
v 0.628457 -0.365931 -0.563047
v 0.686717 -0.365931 -0.563047
v 0.686819 -0.373176 -0.561284
v 0.687192 -0.392890 -0.556182
v 0.628042 -0.393487 -0.555997
v 0.627338 -0.415363 -0.549542
v 0.627781 -0.403374 -0.553184
v 0.687586 -0.405911 -0.552432
v 0.687210 -0.393491 -0.556009
v 0.627800 -0.402654 -0.553389
v 0.627071 -0.420735 -0.547812
v 0.688106 -0.418458 -0.548564
v 0.688113 -0.418616 -0.548515
v 0.626754 -0.427116 -0.545759
v 0.688230 -0.420738 -0.547821
v 0.688794 -0.431000 -0.544464
v 0.626010 -0.438640 -0.541854
v 0.689654 -0.443060 -0.540308
v 0.625138 -0.449326 -0.538067
v 0.625901 -0.439983 -0.541378
v 0.621440 -0.479873 -0.526471
v 0.693580 -0.477276 -0.527508
v 0.693719 -0.478078 -0.527188
v 0.622620 -0.471919 -0.529602
v 0.692019 -0.466199 -0.531803
v 0.622856 -0.470008 -0.530332
v 0.623964 -0.461033 -0.533759
v 0.625087 -0.449944 -0.537848
v 0.690223 -0.449320 -0.538052
v 0.690440 -0.451714 -0.537189
v 0.690720 -0.454793 -0.536079
v 0.614616 -0.513531 -0.512617
v 0.697882 -0.499555 -0.518492
v 0.698038 -0.500161 -0.518239
v 0.621034 -0.482608 -0.525394
v 0.694029 -0.479873 -0.526471
v 0.695438 -0.488028 -0.523216
v 0.619183 -0.493111 -0.521147
v 0.695796 -0.489877 -0.522466
v 0.617045 -0.503440 -0.516875
v 0.618611 -0.495875 -0.520004
v 0.700292 -0.508959 -0.514556
v 0.596453 -0.563774 -0.490575
v 0.716481 -0.549221 -0.497065
v 0.716614 -0.549453 -0.496961
v 0.720958 -0.557034 -0.493588
v 0.712580 -0.541659 -0.500411
v 0.709087 -0.534053 -0.503753
v 0.709334 -0.534591 -0.503517
v 0.597430 -0.561751 -0.491481
v 0.705939 -0.526268 -0.507145
v 0.601717 -0.552005 -0.495828
v 0.605556 -0.542322 -0.500119
v 0.600409 -0.554977 -0.494502
v 0.614598 -0.513605 -0.512586
v 0.701676 -0.513529 -0.512611
v 0.702864 -0.517452 -0.510942
v 0.703078 -0.518159 -0.510641
v 0.611821 -0.523621 -0.508291
v 0.613721 -0.516769 -0.511229
v 0.607730 -0.536210 -0.502804
v 0.608694 -0.533502 -0.503994
v 0.592560 -0.571835 -0.486964
v 0.750736 -0.601800 -0.473525
v 0.756466 -0.611194 -0.469337
v 0.749098 -0.599240 -0.474670
v 0.745242 -0.593449 -0.477265
v 0.739019 -0.584261 -0.481386
v 0.742146 -0.588799 -0.479349
v 0.734081 -0.577098 -0.484602
v 0.757884 -0.613728 -0.468214
v 0.726410 -0.565718 -0.489706
v 0.725190 -0.563774 -0.490575
v 0.725295 -0.563942 -0.490500
v 0.760857 -0.619044 -0.465859
v 0.586872 -0.582679 -0.482096
v 0.591448 -0.573954 -0.486013
v 0.572315 -0.608042 -0.470740
v 0.579015 -0.596607 -0.475850
v 0.565818 -0.619044 -0.465859
v 0.579896 -0.595103 -0.476522
v 0.542573 -0.662595 -0.447072
v 0.775456 -0.650578 -0.452142
v 0.775673 -0.651109 -0.451914
v 0.779695 -0.662104 -0.447268
v 0.555358 -0.637421 -0.457811
v 0.767088 -0.631230 -0.460501
v 0.771361 -0.640581 -0.456434
v 0.565229 -0.620043 -0.465415
v 0.761786 -0.620705 -0.465123
v 0.766740 -0.630469 -0.460832
v 0.558631 -0.631477 -0.460391
v 0.546880 -0.653508 -0.450894
v 0.552518 -0.642579 -0.455571
v 0.544908 -0.657539 -0.449187
v 0.542493 -0.662767 -0.447000
v 0.783161 -0.672745 -0.442854
v 0.783440 -0.673604 -0.442498
v 0.786920 -0.685635 -0.437619
v 0.790143 -0.698212 -0.432651
v 0.779854 -0.662591 -0.447066
v 0.790294 -0.698877 -0.432395
v 0.533306 -0.684592 -0.438050
v 0.535512 -0.678814 -0.440371
v 0.540010 -0.668144 -0.444750
v 0.527819 -0.700009 -0.431955
v 0.531380 -0.689636 -0.436023
v 0.523085 -0.734047 -0.419350
v 0.527589 -0.700680 -0.431692
v 0.790552 -0.700011 -0.431961
v 0.525328 -0.708045 -0.428881
v 0.522133 -0.719099 -0.424726
v 0.524115 -0.712000 -0.427371
v 0.521222 -0.704650 -0.423460
v 0.499651 -0.279797 -0.371713
v 0.500024 -0.290112 -0.373582
v 0.500682 -0.307633 -0.376585
v 0.501391 -0.325829 -0.379548
v 0.497452 -0.213491 -0.357602
v 0.497876 -0.227248 -0.360989
v 0.497335 -0.209605 -0.356575
v 0.498344 -0.241825 -0.364254
v 0.498857 -0.257182 -0.367429
v 0.499416 -0.273287 -0.370533
v 0.502970 -0.364173 -0.385374
v 0.504713 -0.403680 -0.390899
v 0.502961 -0.363959 -0.385342
v 0.506476 -0.441308 -0.395799
v 0.501617 -0.331423 -0.380417
v 0.502153 -0.344682 -0.382477
v 0.510451 -0.519659 -0.405097
v 0.512251 -0.552885 -0.408729
v 0.507222 -0.456391 -0.397644
v 0.508389 -0.479989 -0.400529
v 0.507121 -0.454356 -0.397395
v 0.512344 -0.554535 -0.408900
v 0.515054 -0.602484 -0.413857
v 0.514156 -0.586603 -0.412215
v 0.518047 -0.653080 -0.418761
v 0.518370 -0.658327 -0.419240
v 0.628457 0.345350 -0.563047
v 0.686717 0.345350 -0.563047
v 0.497335 0.345350 -0.356575
v 0.509552 0.584594 -0.403165
v 0.508888 0.574247 -0.401607
v 0.510296 0.595685 -0.404771
v 0.512362 0.625135 -0.408872
v 0.516450 0.680350 -0.416210
v 0.513178 0.636760 -0.410491
v 0.502977 0.473953 -0.385319
v 0.502728 0.469292 -0.384497
v 0.505011 0.511230 -0.391771
v 0.504197 0.496784 -0.389343
v 0.507209 0.548048 -0.397664
v 0.507144 0.547036 -0.397511
v 0.499036 0.390124 -0.368460
v 0.498544 0.377796 -0.365467
v 0.499657 0.404700 -0.371706
v 0.501120 0.437078 -0.378446
v 0.499913 0.410712 -0.373045
v 0.502543 0.465831 -0.383887
v 0.497776 0.357703 -0.360232
v 0.498334 0.372533 -0.364189
v 0.518373 0.704593 -0.419234
v 0.519028 0.712851 -0.420264
v 0.628408 0.392106 -0.561731
v 0.628417 0.383687 -0.561968
v 0.628286 0.512475 -0.559298
v 0.628305 0.492610 -0.559653
v 0.628122 0.714959 -0.556898
v 0.628170 0.650638 -0.557537
v 0.627992 0.877841 -0.555337
v 0.628002 0.867875 -0.555449
v 0.628067 0.789334 -0.556207
v 0.627802 1.029749 -0.553387
v 0.627916 0.951309 -0.554511
v 0.628174 0.644248 -0.557601
v 0.628228 0.576842 -0.558383
v 0.628346 0.450947 -0.560398
v 0.626273 1.367149 -0.543148
v 0.626608 1.332078 -0.544955
v 0.626853 1.300456 -0.546346
v 0.627772 1.047666 -0.553100
v 0.627786 1.040767 -0.553230
v 0.627543 1.144829 -0.551135
v 0.627624 1.117653 -0.551787
v 0.625903 1.402220 -0.541376
v 0.627170 1.245159 -0.548368
v 0.627421 1.185481 -0.550158
v 0.627166 1.246077 -0.548340
v 0.626026 1.393112 -0.541927
v 0.626472 1.349607 -0.544184
v 0.625830 1.407668 -0.541047
v 0.624785 1.473429 -0.536682
v 0.624804 1.472597 -0.536750
v 0.625475 1.434161 -0.539444
v 0.622861 1.545708 -0.530329
v 0.623117 1.538116 -0.531064
v 0.623990 1.508517 -0.533844
v 0.623136 1.538076 -0.531120
v 0.623354 1.530523 -0.531816
v 0.618617 1.571637 -0.519999
v 0.622167 1.564936 -0.528335
v 0.619655 1.579101 -0.522176
v 0.621498 1.579927 -0.526596
v 0.621079 1.589320 -0.525506
v 0.613736 1.536418 -0.511214
v 0.616423 1.555840 -0.515732
v 0.618073 1.567730 -0.518859
v 0.614708 1.543450 -0.512767
v 0.608455 1.498006 -0.503686
v 0.610888 1.515746 -0.506957
v 0.613236 1.532797 -0.510415
v 0.607737 1.492748 -0.502798
v 0.603282 1.460020 -0.497525
v 0.605941 1.479592 -0.500575
v 0.600420 1.438829 -0.494491
v 0.607209 1.488876 -0.502143
v 0.591450 1.371519 -0.486010
v 0.596229 1.407584 -0.490331
v 0.599811 1.434319 -0.493846
v 0.592540 1.379816 -0.486947
v 0.586308 1.332242 -0.481653
v 0.587549 1.341823 -0.482657
v 0.579009 1.275425 -0.475852
v 0.582220 1.300660 -0.478343
v 0.571051 1.211979 -0.469789
v 0.576717 1.257409 -0.474075
v 0.568692 1.192627 -0.468017
v 0.559285 1.114137 -0.460896
v 0.565234 1.164263 -0.465420
v 0.555361 1.079873 -0.457795
v 0.558244 1.105216 -0.460092
v 0.542488 0.963089 -0.447007
v 0.543158 0.969579 -0.447636
v 0.550275 1.035170 -0.453742
v 0.553686 1.065151 -0.456460
v 0.533317 0.872339 -0.438026
v 0.536785 0.907813 -0.441645
v 0.540794 0.946665 -0.445414
v 0.525325 0.786738 -0.428884
v 0.525901 0.793359 -0.429640
v 0.529759 0.835149 -0.434150
v 0.531059 0.849236 -0.435670
v 0.521721 0.745350 -0.424157
v 0.656664 1.840647 -0.411866
v 0.657003 1.843021 -0.405273
v 0.657667 1.843021 -0.405273
v 0.658006 1.840647 -0.411866
v 0.656528 1.839692 -0.414304
v 0.658142 1.839692 -0.414304
v 0.655928 1.835489 -0.424343
v 0.656308 1.838156 -0.418223
v 0.658361 1.838156 -0.418223
v 0.655829 1.834798 -0.425751
v 0.658741 1.835489 -0.424343
v 0.658840 1.834798 -0.425751
v 0.655067 1.829456 -0.435879
v 0.655516 1.832601 -0.430228
v 0.659153 1.832601 -0.430228
v 0.659602 1.829456 -0.435879
v 0.659604 1.829440 -0.435904
v 0.655065 1.829440 -0.435904
v 0.654277 1.823913 -0.444312
v 0.654578 1.826024 -0.441299
v 0.660092 1.826024 -0.441299
v 0.660393 1.823913 -0.444312
v 0.660467 1.823390 -0.444986
v 0.654202 1.823390 -0.444986
v 0.653702 1.819886 -0.449500
v 0.653221 1.816507 -0.453328
v 0.660967 1.819886 -0.449500
v 0.661449 1.816507 -0.453328
v 0.652414 1.810851 -0.459115
v 0.653083 1.815539 -0.454425
v 0.661587 1.815539 -0.454425
v 0.651966 1.807709 -0.461900
v 0.662256 1.810851 -0.459115
v 0.662704 1.807709 -0.461900
v 0.651694 1.805800 -0.463592
v 0.650919 1.800365 -0.467875
v 0.662976 1.805800 -0.463592
v 0.650552 1.797789 -0.469683
v 0.663751 1.800365 -0.467875
v 0.664118 1.797789 -0.469683
v 0.665506 1.788051 -0.476032
v 0.649164 1.788051 -0.476032
v 0.650073 1.794428 -0.472041
v 0.648898 1.786189 -0.477073
v 0.664597 1.794428 -0.472041
v 0.648176 1.781117 -0.479908
v 0.665771 1.786189 -0.477073
v 0.667675 1.772822 -0.484026
v 0.646987 1.772769 -0.484049
v 0.646994 1.772822 -0.484026
v 0.666494 1.781117 -0.479908
v 0.667683 1.772769 -0.484049
v 0.645724 1.763903 -0.487939
v 0.669903 1.757174 -0.490553
v 0.644767 1.757174 -0.490553
v 0.668945 1.763903 -0.487939
v 0.671811 1.743756 -0.495318
v 0.642859 1.743756 -0.495318
v 0.644352 1.754256 -0.491687
v 0.670318 1.754256 -0.491687
v 0.672475 1.739084 -0.496799
v 0.642194 1.739084 -0.496799
v 0.640205 1.725076 -0.500913
v 0.641963 1.737453 -0.497316
v 0.672707 1.737453 -0.497316
v 0.674465 1.725073 -0.500914
v 0.639116 1.717399 -0.502911
v 0.636098 1.696112 -0.508037
v 0.638255 1.711331 -0.504490
v 0.676416 1.711324 -0.504492
v 0.678573 1.696102 -0.508040
v 0.635444 1.691484 -0.509003
v 0.675554 1.717399 -0.502911
v 0.680951 1.679293 -0.511548
v 0.630839 1.658893 -0.515337
v 0.631357 1.662563 -0.514655
v 0.683312 1.662563 -0.514654
v 0.630834 1.658853 -0.515344
v 0.683836 1.658853 -0.515343
v 0.633721 1.679307 -0.511545
v 0.679226 1.691484 -0.509003
v 0.625719 1.622477 -0.521060
v 0.683848 1.658770 -0.515359
v 0.686940 1.636800 -0.518970
v 0.627763 1.637043 -0.518933
v 0.693720 1.588386 -0.525621
v 0.694186 1.585046 -0.526025
v 0.690231 1.613351 -0.522389
v 0.624491 1.613726 -0.522337
v 0.688950 1.622477 -0.521058
v 0.692111 1.533901 -0.531525
v 0.693086 1.560778 -0.528787
v 0.693721 1.574787 -0.527193
v 0.693954 1.579928 -0.526608
v 0.692014 1.530525 -0.531831
v 0.691257 1.504202 -0.534215
v 0.690559 1.473429 -0.536678
v 0.689829 1.432433 -0.539557
v 0.690429 1.466612 -0.537173
v 0.690514 1.471456 -0.536835
v 0.689497 1.407668 -0.541043
v 0.689270 1.390696 -0.542062
v 0.688815 1.346136 -0.544349
v 0.688697 1.332079 -0.544994
v 0.688666 1.328420 -0.545162
v 0.688310 1.277047 -0.547251
v 0.688146 1.245157 -0.548324
v 0.688016 1.220058 -0.549168
v 0.687777 1.156290 -0.550906
v 0.687746 1.144829 -0.551154
v 0.688108 1.237906 -0.548568
v 0.687584 1.084781 -0.552450
v 0.687514 1.047665 -0.553069
v 0.687429 1.002775 -0.553817
v 0.687312 0.916007 -0.554931
v 0.687274 0.877841 -0.555329
v 0.687230 0.834726 -0.555778
v 0.687164 0.758000 -0.556497
v 0.687104 0.685209 -0.557184
v 0.687074 0.650638 -0.557547
v 0.687044 0.615917 -0.557912
v 0.686980 0.549808 -0.558743
v 0.686916 0.492609 -0.559636
v 0.686909 0.486646 -0.559729
v 0.686832 0.426251 -0.560919
v 0.686812 0.412076 -0.561274
v 0.686772 0.383688 -0.561983
v 0.686751 0.368490 -0.562363
v 0.657335 1.845350 -0.398442
v 0.687510 0.952633 -0.553088
v 0.689079 1.369874 -0.542993
v 0.688886 -0.431899 -0.543977
v 0.698047 1.557275 -0.518253
v 0.697316 1.562549 -0.519512
v 0.695588 1.574980 -0.522899
v 0.701494 1.532357 -0.512795
v 0.702874 1.522337 -0.510956
v 0.699203 1.548935 -0.516261
v 0.701256 1.534080 -0.513134
v 0.706579 1.495341 -0.506421
v 0.707460 1.488876 -0.505492
v 0.703881 1.515016 -0.509612
v 0.713121 1.447212 -0.499925
v 0.716622 1.421170 -0.496969
v 0.709335 1.475132 -0.503519
v 0.709636 1.472927 -0.503202
v 0.721839 1.382015 -0.492939
v 0.725307 1.355608 -0.490503
v 0.717134 1.417361 -0.496537
v 0.728360 1.332242 -0.488393
v 0.734890 1.281578 -0.484076
v 0.727536 1.338639 -0.488938
v 0.743146 1.215807 -0.478690
v 0.745247 1.198622 -0.477274
v 0.739031 1.248585 -0.481374
v 0.745979 1.192627 -0.476780
v 0.748596 1.171222 -0.475017
v 0.753843 1.127266 -0.471293
v 0.757890 1.092488 -0.468221
v 0.758893 1.083865 -0.467459
v 0.761011 1.065154 -0.465719
v 0.763750 1.040958 -0.463469
v 0.767086 1.010604 -0.460477
v 0.772897 0.956424 -0.454875
v 0.773901 0.946668 -0.453785
v 0.768417 0.998493 -0.459284
v 0.775449 0.931619 -0.452104
v 0.781295 0.873321 -0.445287
v 0.783152 0.853840 -0.442814
v 0.777189 0.914713 -0.450216
v 0.788947 0.791363 -0.434550
v 0.790283 0.776048 -0.432351
v 0.784934 0.835151 -0.440442
v 0.785214 0.832216 -0.440070
v 0.795641 0.712851 -0.422960
v 0.796879 0.697252 -0.420471
v 0.792492 0.750730 -0.428716
v 0.792949 0.745350 -0.427917
v 0.791614 -0.733589 -0.028135
v 0.791605 -0.733735 -0.028135
v 0.791603 -0.733769 -0.028135
v 0.791386 -0.737150 -0.028135
v 0.791604 -0.733747 -0.028135
v 0.792042 -0.726876 -0.028135
v 0.791832 -0.730182 -0.028135
v 0.791617 -0.733544 -0.028135
v 0.792439 -0.720625 -0.028135
v 0.792246 -0.723674 -0.028135
v 0.793447 -0.704650 -0.028135
v 0.792726 -0.716094 -0.028135
v 0.792617 -0.717817 -0.028135
v 0.793628 -0.701632 -0.028135
v 0.793590 -0.702297 -0.028135
v 0.793533 -0.703246 -0.028135
v 0.793515 -0.703554 -0.028135
v 0.800716 -0.583055 -0.028135
v 0.800694 -0.583502 -0.028135
v 0.800627 -0.584810 -0.028135
v 0.800590 -0.585483 -0.028135
v 0.800527 -0.586604 -0.028135
v 0.800561 -0.586004 -0.028135
v 0.807714 -0.450875 -0.028135
v 0.807675 -0.451830 -0.028135
v 0.807613 -0.453233 -0.028135
v 0.807582 -0.453882 -0.028135
v 0.807601 -0.453489 -0.028135
v 0.807559 -0.454357 -0.028135
v 0.813184 -0.327755 -0.028135
v 0.813131 -0.329402 -0.028135
v 0.813060 -0.331288 -0.028135
v 0.813075 -0.330915 -0.028135
v 0.813055 -0.331423 -0.028135
v 0.817335 -0.209605 -0.028135
v 0.817335 0.328643 -0.028135
v 0.817335 0.345350 -0.028135
v 0.816166 0.376820 -0.028135
v 0.816139 0.377569 -0.028135
v 0.812071 0.466592 -0.028135
v 0.816129 0.377797 -0.028135
v 0.812018 0.467857 -0.028135
v 0.811984 0.468552 -0.028135
v 0.805868 0.573117 -0.028135
v 0.805832 0.573727 -0.028135
v 0.805968 0.571358 -0.028135
v 0.805902 0.572550 -0.028135
v 0.805970 0.571313 -0.028135
v 0.811948 0.469292 -0.028135
v 0.798341 0.678690 -0.028135
v 0.798297 0.679322 -0.028135
v 0.798419 0.677541 -0.028135
v 0.805797 0.574248 -0.028135
v 0.798379 0.678152 -0.028135
v 0.798219 0.680350 -0.028135
v 0.790028 -0.758221 -0.028135
v 0.790162 -0.756157 -0.028135
v 0.790350 -0.753248 -0.028135
v 0.790550 -0.750149 -0.028135
v 0.791372 -0.737370 -0.028135
v 0.791172 -0.740486 -0.028135
v 0.791377 -0.737293 -0.028135
v 0.790975 -0.743566 -0.028135
v 0.790760 -0.746894 -0.028135
v 0.789284 -0.769650 -0.028135
v 0.776013 -0.964046 -0.028135
v 0.776030 -0.963810 -0.028135
v 0.775886 -0.965814 -0.028135
v 0.775956 -0.964843 -0.028135
v 0.775815 -0.966799 -0.028135
v 0.775826 -0.966657 -0.028135
v 0.775855 -0.966245 -0.028135
v 0.775880 -0.965902 -0.028135
v 0.775775 -0.967353 -0.028135
v 0.775787 -0.967189 -0.028135
v 0.775799 -0.967027 -0.028135
v 0.775748 -0.967736 -0.028135
v 0.775749 -0.967713 -0.028135
v 0.775762 -0.967543 -0.028135
v 0.775774 -0.967368 -0.028135
v 0.775725 -0.968052 -0.028135
v 0.775725 -0.968045 -0.028135
v 0.775737 -0.967880 -0.028135
v 0.775703 -0.968350 -0.028135
v 0.775713 -0.968221 -0.028135
v 0.775685 -0.968601 -0.028135
v 0.775692 -0.968515 -0.028135
v 0.775702 -0.968369 -0.028135
v 0.775666 -0.968866 -0.028135
v 0.775675 -0.968744 -0.028135
v 0.775681 -0.968659 -0.028135
v 0.775653 -0.969048 -0.028135
v 0.775664 -0.968896 -0.028135
v 0.775647 -0.969132 -0.028135
v 0.775637 -0.969271 -0.028135
v 0.762335 -1.154650 -0.028135
v 0.775642 -0.969202 -0.028135
v 0.776126 -0.962466 -0.028135
v 0.789245 -0.770239 -0.028135
v 0.789281 -0.769699 -0.028135
v 0.789198 -0.770956 -0.028135
v 0.789213 -0.770718 -0.028135
v 0.789086 -0.772601 -0.028135
v 0.789133 -0.771911 -0.028135
v 0.789021 -0.773546 -0.028135
v 0.789038 -0.773297 -0.028135
v 0.788926 -0.774905 -0.028135
v 0.776178 -0.961728 -0.028135
v 0.776148 -0.962144 -0.028135
v 0.788954 -0.774509 -0.028135
v 0.789145 -0.771741 -0.028135
v 0.754560 -1.154650 -0.028135
v 0.552335 -1.154650 -0.028135
v 0.523297 -0.737370 -0.028135
v 0.523292 -0.737293 -0.028135
v 0.523283 -0.737150 -0.028135
v 0.523497 -0.740486 -0.028135
v 0.523695 -0.743566 -0.028135
v 0.523909 -0.746894 -0.028135
v 0.524119 -0.750149 -0.028135
v 0.524642 -0.758221 -0.028135
v 0.525386 -0.769650 -0.028135
v 0.524508 -0.756157 -0.028135
v 0.524319 -0.753248 -0.028135
v 0.525743 -0.774905 -0.028135
v 0.525716 -0.774509 -0.028135
v 0.538492 -0.961728 -0.028135
v 0.525649 -0.773546 -0.028135
v 0.525631 -0.773297 -0.028135
v 0.525583 -0.772601 -0.028135
v 0.525536 -0.771911 -0.028135
v 0.525525 -0.771741 -0.028135
v 0.525472 -0.770956 -0.028135
v 0.525456 -0.770718 -0.028135
v 0.525424 -0.770239 -0.028135
v 0.525389 -0.769699 -0.028135
v 0.539032 -0.969271 -0.028135
v 0.539027 -0.969202 -0.028135
v 0.539022 -0.969132 -0.028135
v 0.539005 -0.968896 -0.028135
v 0.539003 -0.968866 -0.028135
v 0.539016 -0.969048 -0.028135
v 0.538994 -0.968744 -0.028135
v 0.538988 -0.968659 -0.028135
v 0.538984 -0.968601 -0.028135
v 0.538978 -0.968515 -0.028135
v 0.538967 -0.968369 -0.028135
v 0.538966 -0.968350 -0.028135
v 0.538957 -0.968221 -0.028135
v 0.538945 -0.968052 -0.028135
v 0.538944 -0.968045 -0.028135
v 0.538932 -0.967880 -0.028135
v 0.538922 -0.967736 -0.028135
v 0.538920 -0.967713 -0.028135
v 0.538908 -0.967543 -0.028135
v 0.538895 -0.967368 -0.028135
v 0.538894 -0.967353 -0.028135
v 0.538882 -0.967189 -0.028135
v 0.538871 -0.967027 -0.028135
v 0.538854 -0.966799 -0.028135
v 0.538844 -0.966657 -0.028135
v 0.538814 -0.966245 -0.028135
v 0.538789 -0.965902 -0.028135
v 0.538783 -0.965814 -0.028135
v 0.538713 -0.964843 -0.028135
v 0.538656 -0.964046 -0.028135
v 0.538639 -0.963810 -0.028135
v 0.538544 -0.962466 -0.028135
v 0.538521 -0.962144 -0.028135
v 0.521943 -0.716092 -0.028135
v 0.522052 -0.717814 -0.028135
v 0.522230 -0.720623 -0.028135
v 0.522423 -0.723672 -0.028135
v 0.522627 -0.726873 -0.028135
v 0.522838 -0.730180 -0.028135
v 0.523052 -0.733543 -0.028135
v 0.523067 -0.733769 -0.028135
v 0.523065 -0.733747 -0.028135
v 0.523059 -0.733643 -0.028135
v 0.521222 -0.704650 -0.028135
v 0.501558 -0.329950 -0.028135
v 0.501569 -0.330250 -0.028135
v 0.501588 -0.330753 -0.028135
v 0.501608 -0.331267 -0.028135
v 0.501490 -0.327919 -0.028135
v 0.501504 -0.328358 -0.028135
v 0.497335 -0.209605 -0.028135
v 0.501487 -0.327792 -0.028135
v 0.501519 -0.328812 -0.028135
v 0.501534 -0.329279 -0.028135
v 0.501551 -0.329759 -0.028135
v 0.506997 -0.451880 -0.028135
v 0.507046 -0.452986 -0.028135
v 0.506996 -0.451874 -0.028135
v 0.507093 -0.454009 -0.028135
v 0.501614 -0.331423 -0.028135
v 0.506957 -0.450935 -0.028135
v 0.506973 -0.451321 -0.028135
v 0.514046 -0.584859 -0.028135
v 0.514093 -0.585733 -0.028135
v 0.507144 -0.455033 -0.028135
v 0.507113 -0.454411 -0.028135
v 0.513990 -0.583792 -0.028135
v 0.507111 -0.454357 -0.028135
v 0.514095 -0.585776 -0.028135
v 0.514165 -0.587009 -0.028135
v 0.521065 -0.702046 -0.028135
v 0.514142 -0.586604 -0.028135
v 0.521142 -0.703352 -0.028135
v 0.521151 -0.703485 -0.028135
v 0.497335 0.328812 -0.028135
v 0.497335 0.345350 -0.028135
v 0.516251 0.677559 -0.028135
v 0.516269 0.677841 -0.028135
v 0.516290 0.678141 -0.028135
v 0.516345 0.678924 -0.028135
v 0.516450 0.680350 -0.028135
v 0.516366 0.679229 -0.028135
v 0.508702 0.571359 -0.028135
v 0.508709 0.571493 -0.028135
v 0.508744 0.572143 -0.028135
v 0.508767 0.572547 -0.028135
v 0.508825 0.573525 -0.028135
v 0.508827 0.573552 -0.028135
v 0.508872 0.574248 -0.028135
v 0.502600 0.466635 -0.028135
v 0.502615 0.467013 -0.028135
v 0.502634 0.467450 -0.028135
v 0.502642 0.467627 -0.028135
v 0.502677 0.468390 -0.028135
v 0.502717 0.469197 -0.028135
v 0.502722 0.469292 -0.028135
v 0.498504 0.376830 -0.028135
v 0.498517 0.377204 -0.028135
v 0.498534 0.377643 -0.028135
v 0.498540 0.377797 -0.028135
v 0.519011 0.712635 -0.028135
v 0.519024 0.712796 -0.028135
v 0.519028 0.712850 -0.028135
v 0.518511 0.706439 -0.028135
v 0.518759 0.709519 -0.028135
v 0.518244 0.703111 -0.028135
v 0.517984 0.699857 -0.028135
v 0.517344 0.691786 -0.028135
v 0.517507 0.693850 -0.028135
v 0.517738 0.696759 -0.028135
v 0.797325 0.691787 -0.028135
v 0.797162 0.693851 -0.028135
v 0.796932 0.696760 -0.028135
v 0.796685 0.699858 -0.028135
v 0.795658 0.712636 -0.028135
v 0.795910 0.709520 -0.028135
v 0.795649 0.712748 -0.028135
v 0.795641 0.712850 -0.028135
v 0.796158 0.706440 -0.028135
v 0.796425 0.703112 -0.028135
v 0.606868 1.486346 -0.028135
v 0.586412 1.333089 -0.028135
v 0.606892 1.486530 -0.028135
v 0.586328 1.332451 -0.028135
v 0.606973 1.487140 -0.028135
v 0.607050 1.487719 -0.028135
v 0.607064 1.487816 -0.028135
v 0.607125 1.488269 -0.028135
v 0.607181 1.488682 -0.028135
v 0.607207 1.488876 -0.028135
v 0.585960 1.329557 -0.028135
v 0.586089 1.330587 -0.028135
v 0.568728 1.193061 -0.028135
v 0.586140 1.330991 -0.028135
v 0.586212 1.331550 -0.028135
v 0.586301 1.332243 -0.028135
v 0.568369 1.190042 -0.028135
v 0.568437 1.190634 -0.028135
v 0.568461 1.190841 -0.028135
v 0.553681 1.065493 -0.028135
v 0.568597 1.191989 -0.028135
v 0.568675 1.192629 -0.028135
v 0.553379 1.062755 -0.028135
v 0.553395 1.062911 -0.028135
v 0.553564 1.064461 -0.028135
v 0.553643 1.065156 -0.028135
v 0.540796 0.947056 -0.028135
v 0.540521 0.944316 -0.028135
v 0.529762 0.835492 -0.028135
v 0.540577 0.944884 -0.028135
v 0.540756 0.946669 -0.028135
v 0.540661 0.945744 -0.028135
v 0.529531 0.832921 -0.028135
v 0.529622 0.833963 -0.028135
v 0.529731 0.835152 -0.028135
v 0.529636 0.834128 -0.028135
v 0.631405 1.662906 -0.028135
v 0.631441 1.663158 -0.028135
v 0.631500 1.663575 -0.028135
v 0.631518 1.663705 -0.028135
v 0.631455 1.663254 -0.028135
v 0.631580 1.664140 -0.028135
v 0.631542 1.663870 -0.028135
v 0.631585 1.664176 -0.028135
v 0.631643 1.664584 -0.028135
v 0.631634 1.664517 -0.028135
v 0.631600 1.664280 -0.028135
v 0.631695 1.664949 -0.028135
v 0.631665 1.664739 -0.028135
v 0.631742 1.665281 -0.028135
v 0.631724 1.665153 -0.028135
v 0.631696 1.664951 -0.028135
v 0.631773 1.665494 -0.028135
v 0.631786 1.665584 -0.028135
v 0.631749 1.665328 -0.028135
v 0.631817 1.665807 -0.028135
v 0.631825 1.665863 -0.028135
v 0.631796 1.665654 -0.028135
v 0.631859 1.666100 -0.028135
v 0.631864 1.666131 -0.028135
v 0.631839 1.665955 -0.028135
v 0.631879 1.666242 -0.028135
v 0.631897 1.666364 -0.028135
v 0.631899 1.666382 -0.028135
v 0.631910 1.666460 -0.028135
v 0.631929 1.666592 -0.028135
v 0.631929 1.666593 -0.028135
v 0.631948 1.666725 -0.028135
v 0.631963 1.666825 -0.028135
v 0.631967 1.666857 -0.028135
v 0.631986 1.666990 -0.028135
v 0.631998 1.667073 -0.028135
v 0.632005 1.667125 -0.028135
v 0.632025 1.667265 -0.028135
v 0.657335 1.845350 -0.028135
v 0.632046 1.667411 -0.028135
v 0.630865 1.659029 -0.028135
v 0.630881 1.659145 -0.028135
v 0.607218 1.488957 -0.028135
v 0.630935 1.659534 -0.028135
v 0.630997 1.659983 -0.028135
v 0.631017 1.660135 -0.028135
v 0.630986 1.659905 -0.028135
v 0.631054 1.660400 -0.028135
v 0.631089 1.660653 -0.028135
v 0.631101 1.660736 -0.028135
v 0.631123 1.660893 -0.028135
v 0.631153 1.661107 -0.028135
v 0.631220 1.661587 -0.028135
v 0.631244 1.661760 -0.028135
v 0.631285 1.662050 -0.028135
v 0.631346 1.662488 -0.028135
v 0.631346 1.662489 -0.028135
v 0.631357 1.662564 -0.028135
v 0.521721 0.745350 -0.028135
v 0.785070 0.833713 -0.028135
v 0.785036 0.834091 -0.028135
v 0.784946 0.835082 -0.028135
v 0.785137 0.832942 -0.028135
v 0.792949 0.745350 -0.028135
v 0.785125 0.833078 -0.028135
v 0.774133 0.944465 -0.028135
v 0.774088 0.944937 -0.028135
v 0.773990 0.945923 -0.028135
v 0.774177 0.944006 -0.028135
v 0.784939 0.835152 -0.028135
v 0.773950 0.946320 -0.028135
v 0.761166 1.063912 -0.028135
v 0.761090 1.064608 -0.028135
v 0.761302 1.062645 -0.028135
v 0.773890 0.946895 -0.028135
v 0.773914 0.946669 -0.028135
v 0.761197 1.063632 -0.028135
v 0.746261 1.190385 -0.028135
v 0.746169 1.191174 -0.028135
v 0.746052 1.192157 -0.028135
v 0.760958 1.065768 -0.028135
v 0.760980 1.065576 -0.028135
v 0.761028 1.065156 -0.028135
v 0.728692 1.329693 -0.028135
v 0.745932 1.193137 -0.028135
v 0.745978 1.192761 -0.028135
v 0.728601 1.330421 -0.028135
v 0.745994 1.192629 -0.028135
v 0.728510 1.331146 -0.028135
v 0.707507 1.488544 -0.028135
v 0.707501 1.488590 -0.028135
v 0.707666 1.487368 -0.028135
v 0.707655 1.487450 -0.028135
v 0.707843 1.486030 -0.028135
v 0.728303 1.332742 -0.028135
v 0.728351 1.332380 -0.028135
v 0.728368 1.332243 -0.028135
v 0.707768 1.486606 -0.028135
v 0.707581 1.488004 -0.028135
v 0.683386 1.662045 -0.028135
v 0.683323 1.662487 -0.028135
v 0.683426 1.661760 -0.028135
v 0.683323 1.662488 -0.028135
v 0.683519 1.661089 -0.028135
v 0.683451 1.661579 -0.028135
v 0.683558 1.660813 -0.028135
v 0.683528 1.661024 -0.028135
v 0.683634 1.660263 -0.028135
v 0.683610 1.660440 -0.028135
v 0.683735 1.659535 -0.028135
v 0.683713 1.659694 -0.028135
v 0.683683 1.659909 -0.028135
v 0.683678 1.659945 -0.028135
v 0.683793 1.659109 -0.028135
v 0.707444 1.489010 -0.028135
v 0.707462 1.488876 -0.028135
v 0.683594 1.660552 -0.028135
v 0.682644 1.667265 -0.028135
v 0.682624 1.667411 -0.028135
v 0.682672 1.667073 -0.028135
v 0.682664 1.667125 -0.028135
v 0.682707 1.666825 -0.028135
v 0.682702 1.666857 -0.028135
v 0.682684 1.666990 -0.028135
v 0.682740 1.666592 -0.028135
v 0.682740 1.666593 -0.028135
v 0.682721 1.666725 -0.028135
v 0.682773 1.666364 -0.028135
v 0.682770 1.666382 -0.028135
v 0.682759 1.666460 -0.028135
v 0.682806 1.666131 -0.028135
v 0.682790 1.666242 -0.028135
v 0.682831 1.665955 -0.028135
v 0.682810 1.666100 -0.028135
v 0.682844 1.665863 -0.028135
v 0.682874 1.665654 -0.028135
v 0.682852 1.665807 -0.028135
v 0.682884 1.665584 -0.028135
v 0.682920 1.665328 -0.028135
v 0.682897 1.665494 -0.028135
v 0.682927 1.665281 -0.028135
v 0.682945 1.665153 -0.028135
v 0.682974 1.664951 -0.028135
v 0.682974 1.664949 -0.028135
v 0.683004 1.664739 -0.028135
v 0.683026 1.664584 -0.028135
v 0.683036 1.664517 -0.028135
v 0.683069 1.664280 -0.028135
v 0.683084 1.664176 -0.028135
v 0.683151 1.663705 -0.028135
v 0.683128 1.663870 -0.028135
v 0.683089 1.664140 -0.028135
v 0.683215 1.663254 -0.028135
v 0.683169 1.663575 -0.028135
v 0.683229 1.663158 -0.028135
v 0.683313 1.662564 -0.028135
v 0.683264 1.662906 -0.028135
v 0.795366 0.716232 -0.028135
v 0.794802 0.723124 -0.028135
v 0.795073 0.719818 -0.028135
v 0.795348 0.716455 -0.028135
v 0.794538 0.726326 -0.028135
v 0.794286 0.729374 -0.028135
v 0.793910 0.733905 -0.028135
v 0.794053 0.732182 -0.028135
v 0.520760 0.733908 -0.028135
v 0.520617 0.732185 -0.028135
v 0.520384 0.729377 -0.028135
v 0.519596 0.719820 -0.028135
v 0.519322 0.716457 -0.028135
v 0.519303 0.716232 -0.028135
v 0.519868 0.723126 -0.028135
v 0.520131 0.726328 -0.028135
vn 0.5172 -0.3184 -0.7945
vn 0.9981 -0.0620 -0.0000
vn 0.9980 -0.0631 -0.0000
vn 0.9980 -0.0638 -0.0000
vn 0.9980 -0.0639 -0.0000
vn 0.9978 -0.0657 -0.0000
vn 0.9643 -0.0305 -0.2629
vn 0.9980 -0.0635 -0.0000
vn 0.9980 -0.0637 -0.0000
vn 0.9981 -0.0622 -0.0000
vn 0.9980 -0.0633 -0.0000
vn 0.9980 -0.0634 -0.0000
vn 0.9980 -0.0628 -0.0000
vn 0.9980 -0.0632 -0.0000
vn 0.7022 -0.2621 -0.6620
vn 0.9741 -0.0297 -0.2239
vn 0.9983 -0.0582 0.0005
vn 0.9983 -0.0584 0.0005
vn 0.9679 -0.0304 -0.2496
vn 0.9982 -0.0594 0.0002
vn 0.9981 -0.0616 -0.0000
vn 0.9611 -0.0242 -0.2751
vn 0.9982 -0.0606 0.0001
vn 0.9853 -0.0253 -0.1691
vn 0.9987 -0.0503 0.0009
vn 0.9987 -0.0504 0.0010
vn 0.9821 -0.0269 -0.1863
vn 0.9986 -0.0533 0.0003
vn 0.9820 -0.0277 -0.1869
vn 0.9985 -0.0546 0.0001
vn 0.9785 -0.0284 -0.2043
vn 0.9983 -0.0584 -0.0000
vn 0.9784 -0.0293 -0.2045
vn 0.9984 -0.0558 -0.0000
vn 0.9908 -0.0214 -0.1334
vn 0.9991 -0.0423 0.0007
vn 0.9991 -0.0429 0.0007
vn 0.9894 -0.0229 -0.1432
vn 0.9990 -0.0455 0.0002
vn 0.9880 -0.0240 -0.1527
vn 0.9988 -0.0483 -0.0000
vn 0.9877 -0.0243 -0.1544
vn 0.9989 -0.0474 -0.0000
vn 0.9987 -0.0507 -0.0000
vn 0.9878 -0.0246 -0.1541
vn 0.9945 -0.0173 -0.1036
vn 0.9994 -0.0334 0.0006
vn 0.9994 -0.0347 0.0005
vn 0.9928 -0.0195 -0.1181
vn 0.9992 -0.0403 -0.0001
vn 0.9926 -0.0204 -0.1195
vn 0.9992 -0.0389 -0.0000
vn 0.9991 -0.0422 -0.0001
vn 0.9926 -0.0205 -0.1199
vn 0.9934 -0.0123 -0.1137
vn 0.9994 -0.0351 -0.0000
vn 1.0000 -0.0000 -0.0000
vn 0.9993 0.0371 -0.0000
vn 0.9939 0.0138 -0.1093
vn 0.9993 0.0368 -0.0000
vn 0.9992 0.0393 -0.0000
vn 0.9950 0.0199 -0.0980
vn 0.9990 0.0438 -0.0001
vn 0.9949 0.0212 -0.0986
vn 0.9991 0.0435 0.0005
vn 0.9931 0.0227 -0.1151
vn 0.9930 0.0245 -0.1157
vn 0.9990 0.0456 0.0004
vn 0.9980 0.0628 0.0001
vn 0.9882 0.0304 -0.1501
vn 0.9852 0.0317 -0.1683
vn 0.9881 0.0287 -0.1510
vn 0.9986 0.0527 0.0017
vn 0.9909 0.0260 -0.1317
vn 0.9986 0.0535 -0.0000
vn 0.9931 0.0251 -0.1150
vn 0.9986 0.0530 0.0016
vn 0.9983 0.0577 0.0006
vn 0.9772 0.0371 -0.2091
vn 0.9975 0.0703 0.0005
vn 0.9814 0.0358 -0.1886
vn 0.9977 0.0682 -0.0001
vn 0.9851 0.0333 -0.1688
vn 0.9977 0.0678 0.0009
vn 0.9813 0.0341 -0.1893
vn 0.9977 0.0682 0.0009
vn 0.9971 0.0765 -0.0000
vn 0.9973 0.0728 0.0002
vn 0.9988 0.0485 -0.0000
vn 0.9979 -0.0647 -0.0000
vn 0.5028 -0.2908 -0.8141
vn 0.9979 -0.0646 -0.0000
vn 0.9979 -0.0644 -0.0000
vn 0.9979 -0.0640 -0.0000
vn 0.9979 -0.0645 -0.0000
vn 0.7002 -0.2652 -0.6629
vn 0.9979 -0.0641 -0.0000
vn 0.9979 -0.0642 -0.0000
vn 0.9979 -0.0643 -0.0000
vn 0.9979 -0.0650 -0.0000
vn 0.7002 -0.1956 -0.6867
vn 0.9975 -0.0712 -0.0000
vn 0.8791 -0.1582 -0.4496
vn 0.8948 -0.1531 -0.4194
vn 0.9974 -0.0720 0.0001
vn 0.7001 -0.1958 -0.6866
vn 0.6978 -0.2111 -0.6845
vn 0.9974 -0.0721 0.0004
vn 0.6993 -0.2167 -0.6811
vn 0.6991 -0.2031 -0.6856
vn 0.9974 -0.0721 0.0003
vn 0.6993 -0.1983 -0.6868
vn 0.9974 -0.0720 0.0002
vn 0.6958 -0.2406 -0.6767
vn 0.9971 -0.0755 0.0004
vn 0.6979 -0.2490 -0.6715
vn 0.6964 -0.2245 -0.6816
vn 0.9974 -0.0719 0.0003
vn 0.9974 -0.0723 0.0001
vn 0.6896 -0.3183 -0.6505
vn 0.9972 -0.0743 0.0007
vn 0.6950 -0.3351 -0.6362
vn 0.6919 -0.2856 -0.6631
vn 0.9973 -0.0733 0.0005
vn 0.6935 -0.2598 -0.6720
vn 0.9974 -0.0719 0.0002
vn 0.6919 -0.4283 -0.5812
vn 0.9973 -0.0738 -0.0000
vn 0.9971 -0.0758 -0.0003
vn 0.6864 -0.3580 -0.6330
vn 0.6830 -0.4062 -0.6071
vn 0.9974 -0.0726 0.0004
vn 0.9969 -0.0783 0.0005
vn 0.6799 -0.4607 -0.5706
vn 0.9974 -0.0725 0.0003
vn 0.6897 -0.4830 -0.5395
vn 0.6754 -0.5647 -0.4743
vn 0.9975 -0.0710 0.0001
vn 0.6865 -0.5807 -0.4375
vn 0.6774 -0.5140 -0.5262
vn 0.9975 -0.0711 0.0003
vn 0.6748 -0.6378 -0.3713
vn 0.9975 -0.0710 0.0002
vn 0.6839 -0.6458 -0.3393
vn 0.6762 -0.6048 -0.4206
vn 0.9974 -0.0723 0.0003
vn 0.6713 -0.6713 -0.3143
vn 0.9974 -0.0714 0.0001
vn 0.6718 -0.6971 -0.2503
vn 0.6824 -0.6985 -0.2153
vn 0.9976 -0.0698 -0.0000
vn 0.9974 -0.0716 -0.0000
vn 0.8488 -0.5148 -0.1203
vn 0.9974 -0.0718 0.0003
vn 0.6752 -0.7107 -0.1976
vn 0.9975 -0.0703 0.0001
vn 0.9974 -0.0719 0.0001
vn 0.9973 -0.0736 0.0005
vn 0.9975 -0.0713 0.0002
vn 0.9974 -0.0716 0.0001
vn 0.9975 -0.0710 -0.0000
vn 0.4025 -0.2216 -0.8882
vn 0.9978 -0.0656 -0.0000
vn 0.7009 -0.2476 -0.6689
vn 0.3730 -0.2967 -0.8791
vn 0.9978 -0.0662 -0.0000
vn 0.7012 -0.2374 -0.6723
vn 0.6991 -0.2426 -0.6726
vn 0.6997 -0.2232 -0.6787
vn 0.9977 -0.0682 0.0004
vn 0.7014 -0.2190 -0.6783
vn 0.6999 -0.2149 -0.6811
vn 0.9976 -0.0689 0.0006
vn 0.7014 -0.2112 -0.6807
vn 0.4990 -0.2207 -0.8380
vn 0.9976 -0.0696 0.0008
vn 0.9977 -0.0681 0.0001
vn 0.9975 -0.0703 -0.0000
vn 0.7015 -0.2044 -0.6827
vn 0.9976 -0.0698 0.0009
vn 0.9976 -0.0686 0.0005
vn 0.7012 -0.2277 -0.6756
vn 0.9977 -0.0676 0.0003
vn 0.9977 -0.0674 0.0002
vn 0.9978 -0.0661 -0.0000
vn 0.9979 -0.0649 -0.0000
vn 0.9975 -0.0701 -0.0000
vn -0.0000 -1.0000 -0.0000
vn -0.5088 -0.2900 -0.8106
vn -0.9979 -0.0646 -0.0000
vn -0.7002 -0.2652 -0.6628
vn -0.9979 -0.0651 -0.0000
vn -0.3650 -0.3282 -0.8712
vn -0.9979 -0.0642 -0.0000
vn -0.9979 -0.0641 -0.0000
vn -0.9979 -0.0643 -0.0000
vn -0.9979 -0.0644 -0.0000
vn -0.9979 -0.0650 -0.0000
vn -0.9979 -0.0648 -0.0000
vn -0.9979 -0.0645 -0.0000
vn -0.7015 -0.2044 -0.6827
vn -0.9976 -0.0693 0.0008
vn -0.9976 -0.0696 0.0009
vn -0.4990 -0.2207 -0.8380
vn -0.9977 -0.0681 0.0001
vn -0.7014 -0.2112 -0.6807
vn -0.9976 -0.0689 0.0006
vn -0.7014 -0.2190 -0.6783
vn -0.9976 -0.0688 0.0005
vn -0.9977 -0.0684 0.0004
vn -0.6999 -0.2148 -0.6811
vn -0.7013 -0.2277 -0.6756
vn -0.9977 -0.0682 0.0003
vn -0.9977 -0.0677 0.0002
vn -0.6996 -0.2232 -0.6787
vn -0.7011 -0.2374 -0.6723
vn -0.9978 -0.0668 0.0001
vn -0.6991 -0.2426 -0.6726
vn -0.9978 -0.0666 0.0001
vn -0.3904 -0.2890 -0.8741
vn -0.9978 -0.0665 -0.0000
vn -0.9978 -0.0656 -0.0000
vn -0.8489 -0.5147 -0.1203
vn -0.9975 -0.0710 -0.0000
vn -0.6752 -0.7107 -0.1977
vn -0.9975 -0.0712 0.0001
vn -0.6821 -0.6987 -0.2158
vn -0.6843 -0.6454 -0.3396
vn -0.9975 -0.0700 -0.0000
vn -0.9975 -0.0703 0.0002
vn -0.6718 -0.6710 -0.3138
vn -0.9974 -0.0723 0.0001
vn -0.6761 -0.6047 -0.4210
vn -0.9974 -0.0720 0.0003
vn -0.9974 -0.0719 0.0001
vn -0.6864 -0.5809 -0.4375
vn -0.9975 -0.0710 0.0001
vn -0.6776 -0.5142 -0.5257
vn -0.9975 -0.0711 0.0003
vn -0.9973 -0.0736 0.0003
vn -0.6900 -0.4825 -0.5395
vn -0.9974 -0.0725 0.0002
vn -0.6753 -0.5647 -0.4744
vn -0.6749 -0.6378 -0.3711
vn -0.6716 -0.6975 -0.2499
vn -0.6919 -0.4288 -0.5809
vn -0.9974 -0.0717 0.0002
vn -0.9978 -0.0656 -0.0006
vn -0.6799 -0.4607 -0.5706
vn -0.6865 -0.3585 -0.6326
vn -0.9976 -0.0691 -0.0001
vn -0.9973 -0.0728 0.0004
vn -0.6952 -0.3348 -0.6361
vn -0.9972 -0.0743 0.0007
vn -0.6918 -0.2860 -0.6630
vn -0.9973 -0.0733 0.0005
vn -0.9974 -0.0719 0.0002
vn -0.6941 -0.2600 -0.6713
vn -0.9973 -0.0738 0.0005
vn -0.6983 -0.2484 -0.6713
vn -0.9973 -0.0735 0.0004
vn -0.6894 -0.3182 -0.6508
vn -0.6964 -0.2248 -0.6816
vn -0.9974 -0.0721 0.0003
vn -0.9974 -0.0719 0.0003
vn -0.6994 -0.2166 -0.6811
vn -0.9974 -0.0721 0.0004
vn -0.6957 -0.2405 -0.6769
vn -0.6991 -0.2031 -0.6856
vn -0.9974 -0.0722 0.0003
vn -0.6993 -0.1982 -0.6868
vn -0.9974 -0.0715 0.0001
vn -0.7001 -0.1959 -0.6867
vn -0.9974 -0.0716 0.0001
vn -0.6978 -0.2111 -0.6845
vn -0.8791 -0.1582 -0.4496
vn -0.9975 -0.0712 -0.0000
vn -0.8948 -0.1531 -0.4194
vn -0.7002 -0.1956 -0.6867
vn -0.9975 -0.0705 -0.0000
vn -0.7012 -0.1984 -0.6848
vn -0.9975 -0.0701 -0.0000
vn -0.3924 -0.2254 -0.8917
vn -0.9974 -0.0716 -0.0000
vn -0.9974 -0.0718 0.0003
vn -0.9975 -0.0703 -0.0000
vn -0.6723 -0.1803 -0.7180
vn -0.6815 -0.1692 -0.7120
vn 0.6767 -0.1691 -0.7166
vn -0.8590 -0.1101 -0.5000
vn 0.8548 -0.1049 -0.5082
vn 0.6867 -0.1626 -0.7085
vn 0.6678 -0.1812 -0.7219
vn -0.6744 -0.1816 -0.7157
vn -0.6510 -0.1986 -0.7327
vn -0.6622 -0.1899 -0.7249
vn 0.6572 -0.1914 -0.7290
vn 0.6703 -0.1925 -0.7167
vn -0.6739 -0.1867 -0.7148
vn -0.6529 -0.2020 -0.7300
vn 0.6584 -0.1970 -0.7264
vn 0.6456 -0.2003 -0.7369
vn -0.6382 -0.2058 -0.7419
vn 0.6457 -0.2047 -0.7356
vn 0.6259 -0.2158 -0.7495
vn -0.6239 -0.2120 -0.7522
vn 0.4577 -0.2606 -0.8501
vn -0.6260 -0.2179 -0.7487
vn -0.6248 -0.2150 -0.7506
vn -0.5751 -0.2234 -0.7870
vn 0.5530 -0.2237 -0.8026
vn 0.5539 -0.2243 -0.8018
vn -0.5725 -0.2241 -0.7887
vn 0.5771 -0.2216 -0.7860
vn -0.5919 -0.2225 -0.7747
vn -0.5912 -0.2209 -0.7757
vn -0.6085 -0.2168 -0.7634
vn 0.4595 -0.2639 -0.8481
vn 0.6176 -0.2167 -0.7560
vn 0.5982 -0.2182 -0.7710
vn -0.5103 -0.2255 -0.8299
vn 0.4948 -0.2256 -0.8392
vn 0.4940 -0.2249 -0.8399
vn -0.5525 -0.2260 -0.8023
vn 0.5534 -0.2244 -0.8022
vn 0.5378 -0.2247 -0.8126
vn -0.5308 -0.2272 -0.8164
vn 0.5220 -0.2251 -0.8227
vn -0.5080 -0.2281 -0.8306
vn -0.5314 -0.2275 -0.8160
vn 0.4645 -0.2251 -0.8565
vn -0.3716 -0.2237 -0.9010
vn 0.3311 -0.2216 -0.9172
vn 0.3301 -0.2192 -0.9182
vn 0.3112 -0.2209 -0.9243
vn 0.3539 -0.2227 -0.9084
vn 0.3793 -0.2240 -0.8978
vn 0.3783 -0.2212 -0.8989
vn -0.3711 -0.2260 -0.9007
vn 0.4052 -0.2246 -0.8862
vn -0.3923 -0.2265 -0.8915
vn -0.4144 -0.2277 -0.8812
vn -0.3917 -0.2252 -0.8921
vn -0.4844 -0.2286 -0.8445
vn 0.4653 -0.2236 -0.8565
vn 0.4644 -0.2236 -0.8569
vn 0.4345 -0.2249 -0.8721
vn -0.4602 -0.2285 -0.8579
vn -0.4846 -0.2278 -0.8446
vn -0.4368 -0.2269 -0.8705
vn -0.4368 -0.2284 -0.8701
vn -0.3600 -0.2205 -0.9065
vn 0.3163 -0.2175 -0.9234
vn 0.3352 -0.2155 -0.9172
vn 0.3060 -0.2172 -0.9269
vn 0.3452 -0.1827 -0.9206
vn -0.0000 -0.4091 -0.9125
vn 0.3395 -0.1804 -0.9231
vn 0.4529 -0.0938 -0.8866
vn -0.0000 -0.4093 -0.9124
vn -0.0000 -0.4096 -0.9123
vn -0.0000 -0.4092 -0.9124
vn 0.0001 -0.4089 -0.9126
vn 0.3354 -0.2178 -0.9165
vn 0.2959 -0.2200 -0.9295
vn 0.4364 -0.1019 -0.8940
vn 0.3106 -0.2186 -0.9251
vn 0.3104 -0.2186 -0.9251
vn 0.3344 -0.2186 -0.9167
vn -0.3379 -0.2232 -0.9143
vn -0.3534 -0.2226 -0.9086
vn -0.3234 -0.2189 -0.9206
vn -0.3264 -0.2197 -0.9193
vn -0.3225 -0.2173 -0.9213
vn -0.3272 -0.2211 -0.9187
vn -0.3656 -0.2103 -0.9067
vn 0.4012 -0.2188 -0.8895
vn 0.4226 -0.2158 -0.8803
vn 0.4441 -0.2151 -0.8698
vn -0.3341 -0.2145 -0.9178
vn 0.3779 -0.2194 -0.8995
vn 0.4002 -0.2164 -0.8905
vn -0.3266 -0.2161 -0.9201
vn 0.3556 -0.2170 -0.9091
vn 0.3778 -0.2163 -0.9003
vn -0.3344 -0.2143 -0.9178
vn -0.3554 -0.2108 -0.9106
vn -0.3463 -0.2123 -0.9138
vn -0.3669 -0.2100 -0.9062
vn -0.3670 -0.2103 -0.9061
vn 0.4447 -0.2169 -0.8690
vn 0.4649 -0.2133 -0.8593
vn 0.4844 -0.2107 -0.8491
vn 0.5029 -0.2067 -0.8393
vn 0.4438 -0.2179 -0.8692
vn 0.5040 -0.2065 -0.8387
vn -0.4007 -0.2056 -0.8928
vn -0.4017 -0.2056 -0.8924
vn -0.3841 -0.2079 -0.8996
vn -0.4185 -0.2012 -0.8857
vn -0.4203 -0.2030 -0.8844
vn -0.6827 -0.4066 -0.6071
vn -0.0000 -0.2044 -0.9789
vn -0.0000 -0.2165 -0.9763
vn -0.0000 -0.2958 -0.9552
vn 0.3650 -0.3255 -0.8723
vn -0.0000 -0.3384 -0.9410
vn 0.0007 -0.3329 -0.9430
vn -0.4390 -0.1999 -0.8760
vn 0.5045 -0.2072 -0.8382
vn -0.4488 -0.1970 -0.8716
vn -0.5261 -0.2863 -0.8008
vn -0.4560 -0.1954 -0.8683
vn -0.9980 -0.0632 -0.0000
vn -0.9470 -0.0294 -0.3199
vn -0.9980 -0.0633 -0.0000
vn -0.9980 -0.0635 -0.0000
vn -0.9980 -0.0634 -0.0000
vn -0.9980 -0.0631 -0.0000
vn -0.9980 -0.0637 -0.0000
vn -0.9980 -0.0625 -0.0000
vn -0.9980 -0.0636 -0.0000
vn -0.9980 -0.0638 -0.0000
vn -0.9980 -0.0629 -0.0000
vn -0.9981 -0.0621 -0.0000
vn -0.9994 -0.0359 0.0003
vn -0.9941 -0.0185 -0.1073
vn -0.9993 -0.0366 0.0002
vn -0.9929 -0.0192 -0.1173
vn -0.9993 -0.0382 0.0001
vn -0.9992 -0.0401 -0.0000
vn -0.9995 -0.0313 0.0015
vn -0.9974 -0.0158 -0.0703
vn -0.9995 -0.0318 0.0012
vn -0.9976 -0.0122 -0.0688
vn -0.9995 -0.0329 0.0010
vn -0.9994 -0.0351 -0.0000
vn -0.9980 -0.0154 -0.0614
vn -0.9967 -0.0164 -0.0797
vn -0.9995 -0.0330 0.0009
vn -0.9958 -0.0169 -0.0894
vn -0.9994 -0.0345 0.0006
vn -0.9949 -0.0174 -0.0997
vn -0.9994 -0.0358 0.0004
vn -0.9950 -0.0181 -0.0981
vn -0.9991 -0.0429 0.0010
vn -0.9849 -0.0230 -0.1716
vn -0.9990 -0.0456 0.0002
vn -0.9991 -0.0415 0.0014
vn -0.9880 -0.0215 -0.1526
vn -0.9814 -0.0245 -0.1906
vn -0.9988 -0.0482 -0.0000
vn -0.9916 -0.0205 -0.1276
vn -0.9991 -0.0423 0.0008
vn -0.9991 -0.0430 -0.0000
vn -0.9902 -0.0205 -0.1381
vn -0.9991 -0.0414 0.0011
vn -0.9903 -0.0211 -0.1373
vn -0.9986 -0.0532 0.0003
vn -0.9685 -0.0285 -0.2475
vn -0.9985 -0.0544 0.0001
vn -0.9686 -0.0176 -0.2479
vn -0.9987 -0.0511 0.0001
vn -0.9988 -0.0493 -0.0000
vn -0.9772 -0.0259 -0.2105
vn -0.9986 -0.0525 0.0004
vn -0.9733 -0.0272 -0.2277
vn -0.9989 -0.0477 -0.0000
vn -0.9684 -0.0291 -0.2478
vn -0.9985 -0.0555 -0.0000
vn -0.9621 -0.0299 -0.2712
vn -0.9982 -0.0594 0.0002
vn -0.9983 -0.0581 -0.0000
vn -0.9984 -0.0564 -0.0000
vn -0.9551 -0.0312 -0.2947
vn -0.9982 -0.0607 0.0001
vn -0.9510 -0.0322 -0.3076
vn -0.9981 -0.0617 -0.0000
vn -0.9988 -0.0495 -0.0000
vn -0.9916 -0.0198 -0.1277
vn -0.0000 -0.0000 -1.0000
vn -1.0000 -0.0000 -0.0000
vn -0.9762 0.0335 -0.2143
vn -0.9977 0.0673 0.0011
vn -0.9978 0.0658 0.0015
vn -0.9723 0.0351 -0.2311
vn -0.9976 0.0686 0.0008
vn -0.9719 0.0358 -0.2326
vn -0.9975 0.0700 0.0005
vn -0.9658 0.0374 -0.2566
vn -0.9971 0.0764 -0.0000
vn -0.9595 0.0401 -0.2789
vn -0.9974 0.0726 0.0003
vn -0.9889 0.0271 -0.1459
vn -0.9984 0.0565 0.0008
vn -0.9985 0.0543 0.0014
vn -0.9837 0.0292 -0.1773
vn -0.9985 0.0553 0.0011
vn -0.9983 0.0581 0.0005
vn -0.9979 0.0655 -0.0000
vn -0.9792 0.0326 -0.2002
vn -0.9792 0.0313 -0.2003
vn -0.9977 0.0676 -0.0000
vn -0.9793 0.0331 -0.1996
vn -0.9866 0.0277 -0.1605
vn -0.9954 0.0207 -0.0933
vn -0.9991 0.0423 0.0008
vn -0.9991 0.0414 0.0011
vn -0.9954 0.0215 -0.0939
vn -0.9991 0.0426 0.0008
vn -0.9916 0.0239 -0.1270
vn -0.9990 0.0444 0.0006
vn -0.9989 0.0477 0.0002
vn -0.9987 0.0511 -0.0000
vn -0.9889 0.0260 -0.1460
vn -0.9985 0.0555 -0.0000
vn -0.9889 0.0273 -0.1463
vn -0.9937 0.0220 -0.1098
vn -0.9973 0.0141 -0.0726
vn -0.9993 0.0367 0.0001
vn -0.9974 0.0181 -0.0703
vn -0.9992 0.0390 -0.0000
vn -0.9965 0.0193 -0.0813
vn -0.9991 0.0430 -0.0000
vn -0.9965 0.0203 -0.0813
vn -0.9993 0.0371 -0.0000
vn -0.9993 0.0364 0.0001
vn -0.9968 0.0793 -0.0000
vn -0.9588 0.0410 -0.2811
vn -0.9968 0.0797 -0.0000
vn -0.9534 0.0422 -0.2987
vn -0.9968 0.0801 -0.0001
vn -0.9968 0.0805 -0.0001
vn -0.9968 0.0798 -0.0001
vn -0.9968 0.0795 -0.0001
vn -0.9969 0.0783 -0.0000
vn -0.9969 0.0788 -0.0000
vn -0.9969 0.0791 -0.0000
vn -0.9968 0.0797 -0.0001
vn -0.9653 -0.0159 -0.2608
vn -0.6882 0.0178 -0.7253
vn -0.6936 0.0194 -0.7201
vn -0.6829 0.0110 -0.7305
vn -0.6852 0.0112 -0.7283
vn -0.7865 0.0054 -0.6176
vn -0.6795 0.0057 -0.7337
vn -0.6736 0.0075 -0.7390
vn -0.6740 0.0064 -0.7387
vn -0.9350 0.0012 -0.3546
vn -0.6706 0.0100 -0.7418
vn -0.6708 0.0076 -0.7416
vn -0.6796 0.0060 -0.7336
vn -0.6816 0.0073 -0.7317
vn -0.6864 0.0119 -0.7271
vn -0.9812 -0.0000 -0.1929
vn -0.6354 0.0181 -0.7720
vn -0.5793 0.0420 -0.8140
vn -0.6661 0.0123 -0.7458
vn -0.6667 0.0098 -0.7453
vn -0.6587 0.0160 -0.7522
vn -0.6607 0.0144 -0.7505
vn -0.6270 0.0373 -0.7781
vn -0.6511 0.0148 -0.7588
vn -0.6551 0.0157 -0.7553
vn -0.6482 0.0084 -0.7614
vn -0.6326 0.0362 -0.7737
vn -0.6031 0.0400 -0.7966
vn -0.6243 0.0388 -0.7803
vn -0.6032 0.0430 -0.7964
vn -0.6042 0.0448 -0.7956
vn -0.6156 0.0387 -0.7871
vn -0.5771 0.0527 -0.8150
vn -0.9494 -0.0001 -0.3140
vn -0.5855 0.0284 -0.8102
vn -0.5843 0.0605 -0.8092
vn -0.5829 0.0596 -0.8104
vn -0.9781 0.0665 -0.1975
vn -0.5758 0.0667 -0.8148
vn -0.9800 0.0653 -0.1878
vn -0.5605 0.0653 -0.8256
vn -0.6962 0.1627 -0.6992
vn -0.9587 0.0708 -0.2756
vn -0.9679 0.0714 -0.2408
vn -0.9732 0.0682 -0.2195
vn -0.9631 0.0716 -0.2595
vn -0.9466 0.0720 -0.3143
vn -0.9539 0.0683 -0.2921
vn -0.9589 0.0694 -0.2750
vn -0.9036 0.0514 -0.4253
vn -0.9334 0.0721 -0.3514
vn -0.8869 0.0485 -0.4594
vn -0.9268 0.0704 -0.3688
vn -0.7777 -0.0000 -0.6286
vn -0.9061 0.0712 -0.4170
vn -0.9191 0.0721 -0.3874
vn -0.9274 0.0688 -0.3678
vn -0.9126 0.0719 -0.4024
vn -0.8995 0.0713 -0.4310
vn -0.9066 0.0688 -0.4163
vn -0.8953 0.0701 -0.4399
vn -0.9003 0.0689 -0.4299
vn -0.8926 0.0687 -0.4455
vn -0.8957 0.0685 -0.4394
vn -0.8918 0.0677 -0.4474
vn -0.8934 0.0653 -0.4445
vn -0.8921 0.0667 -0.4469
vn -0.8981 0.0627 -0.4354
vn -0.8952 0.0635 -0.4411
vn -0.9156 0.0545 -0.3984
vn -0.9069 0.0578 -0.4174
vn -0.8991 0.0586 -0.4338
vn -0.8984 0.0625 -0.4346
vn -0.9260 0.0515 -0.3739
vn -0.9166 0.0501 -0.3965
vn -0.9163 0.0547 -0.3966
vn -0.9460 0.0438 -0.3212
vn -0.9369 0.0475 -0.3463
vn -0.9372 0.0465 -0.3457
vn -0.9270 0.0456 -0.3724
vn -0.9466 0.0424 -0.3195
vn -0.8790 0.0126 -0.4766
vn -0.6546 0.7188 -0.2341
vn -0.6548 0.7228 -0.2207
vn 0.6556 0.7219 -0.2217
vn 0.6537 0.7192 -0.2355
vn -0.6581 0.7137 -0.2399
vn 0.6567 0.7140 -0.2430
vn -0.6537 0.7025 -0.2813
vn -0.6534 0.7123 -0.2565
vn 0.6539 0.7114 -0.2576
vn -0.6589 0.6960 -0.2852
vn 0.6531 0.7023 -0.2832
vn 0.6549 0.6958 -0.2950
vn -0.6551 0.6769 -0.3358
vn -0.6532 0.6895 -0.3128
vn 0.6535 0.6888 -0.3138
vn 0.6527 0.6741 -0.3459
vn 0.6499 0.6679 -0.3626
vn -0.6606 0.6680 -0.3425
vn -0.6573 0.6406 -0.3970
vn -0.6591 0.6526 -0.3738
vn 0.6550 0.6549 -0.3770
vn 0.6547 0.6393 -0.4034
vn 0.6511 0.6339 -0.4174
vn -0.6630 0.6316 -0.4020
vn -0.6575 0.6166 -0.4331
vn -0.6700 0.5891 -0.4517
vn 0.6570 0.6159 -0.4348
vn 0.6593 0.6040 -0.4478
vn -0.6615 0.5618 -0.4968
vn -0.6588 0.5896 -0.4672
vn 0.6589 0.5890 -0.4679
vn -0.6696 0.5406 -0.5093
vn 0.6609 0.5612 -0.4983
vn 0.6659 0.5466 -0.5077
vn -0.6637 0.5329 -0.5248
vn -0.6660 0.5039 -0.5501
vn 0.6632 0.5321 -0.5263
vn -0.6730 0.4887 -0.5552
vn 0.6653 0.5032 -0.5515
vn 0.6721 0.4874 -0.5575
vn 0.6696 0.4458 -0.5941
vn -0.6706 0.4459 -0.5928
vn -0.6676 0.4738 -0.5743
vn -0.6763 0.4364 -0.5935
vn 0.6685 0.4730 -0.5739
vn -0.6725 0.4183 -0.6106
vn 0.6723 0.4303 -0.6024
vn 0.6746 0.3878 -0.6281
vn -0.6790 0.3869 -0.6239
vn -0.6749 0.3886 -0.6273
vn 0.6729 0.4151 -0.6123
vn 0.6702 0.3782 -0.6386
vn -0.6771 0.3610 -0.6413
vn 0.6790 0.3492 -0.6457
vn -0.6831 0.3421 -0.6452
vn 0.6773 0.3597 -0.6418
vn 0.6809 0.3156 -0.6609
vn -0.6823 0.3132 -0.6606
vn -0.6792 0.3349 -0.6531
vn 0.6796 0.3345 -0.6529
vn 0.6839 0.3077 -0.6616
vn -0.6850 0.3049 -0.6617
vn -0.6843 0.2820 -0.6725
vn -0.6816 0.2994 -0.6677
vn 0.6812 0.2979 -0.6688
vn 0.6839 0.2815 -0.6730
vn -0.6881 0.2716 -0.6729
vn -0.6872 0.2479 -0.6829
vn -0.6854 0.2639 -0.6786
vn 0.6855 0.2636 -0.6787
vn 0.6869 0.2475 -0.6834
vn -0.6899 0.2432 -0.6818
vn 0.6872 0.2728 -0.6733
vn 0.6879 0.2318 -0.6878
vn -0.6894 0.2176 -0.6909
vn -0.4751 0.2217 -0.8516
vn 0.3967 0.2152 -0.8924
vn -0.4074 0.2065 -0.8896
vn 0.4842 0.2273 -0.8449
vn -0.4003 0.2310 -0.8868
vn 0.6882 0.2397 -0.6848
vn -0.6907 0.2022 -0.6943
vn 0.3964 0.2100 -0.8938
vn 0.4804 0.2011 -0.8537
vn -0.4779 0.2012 -0.8551
vn 0.6934 0.1836 -0.6967
vn 0.6964 0.1620 -0.6991
vn 0.6919 0.1922 -0.6959
vn -0.6921 0.1925 -0.6957
vn 0.6934 0.1973 -0.6930
vn 0.5752 0.0589 -0.8159
vn 0.5602 0.0651 -0.8258
vn 0.5465 0.0729 -0.8343
vn 0.5486 0.0700 -0.8332
vn 0.5894 0.0558 -0.8059
vn 0.5889 0.0529 -0.8065
vn 0.6022 0.0501 -0.7968
vn 0.5494 0.0456 -0.8343
vn 0.6146 0.0443 -0.7876
vn 0.6008 0.0470 -0.7980
vn 0.5836 0.0406 -0.8110
vn 0.6051 0.0369 -0.7953
vn 0.6196 0.0323 -0.7843
vn 0.6363 0.0298 -0.7709
vn 0.6391 0.0284 -0.7686
vn 0.6442 0.0243 -0.7645
vn 0.6517 0.0221 -0.7581
vn 0.6440 0.0203 -0.7648
vn 0.6527 0.0161 -0.7574
vn 0.6611 0.0146 -0.7502
vn 0.6515 0.0222 -0.7583
vn 0.6605 0.0127 -0.7507
vn 0.6665 0.0112 -0.7454
vn 0.6659 0.0098 -0.7459
vn 0.6672 0.0078 -0.7448
vn 0.6675 0.0071 -0.7446
vn 0.7711 0.0057 -0.6367
vn -0.0000 0.0093 -1.0000
vn 0.6693 0.0068 -0.7430
vn 0.6721 0.0072 -0.7404
vn 0.9220 0.0030 -0.3871
vn -0.0000 0.0097 -1.0000
vn 0.0001 0.0094 -1.0000
vn 0.6724 0.0079 -0.7402
vn 0.6741 0.0096 -0.7386
vn 0.6757 0.0109 -0.7371
vn 0.6763 0.0120 -0.7366
vn 0.6785 0.0154 -0.7344
vn 0.6862 0.0171 -0.7272
vn 0.6866 0.0173 -0.7268
vn 0.6873 0.0188 -0.7261
vn 0.8738 0.0131 -0.4861
vn -0.0000 0.9994 -0.0339
vn 0.9929 -0.0000 -0.1193
vn 0.9820 -0.0011 -0.1891
vn 0.9819 0.0073 -0.1891
vn 0.9719 0.0723 -0.2242
vn 0.9780 0.0901 -0.1883
vn 0.9749 0.0806 -0.2076
vn 0.9508 0.0721 -0.3014
vn 0.9458 0.0721 -0.3167
vn 0.9622 0.0681 -0.2635
vn 0.9545 0.0678 -0.2903
vn 0.8957 0.0518 -0.4416
vn 0.7264 -0.0015 -0.6873
vn 0.9449 0.0683 -0.3201
vn 0.9147 0.0733 -0.3974
vn 0.9038 0.0737 -0.4215
vn 0.8637 0.0457 -0.5020
vn 0.9245 0.0689 -0.3748
vn 0.8935 0.0735 -0.4431
vn 0.8840 0.0736 -0.4617
vn 0.9030 0.0695 -0.4240
vn 0.8774 0.0727 -0.4741
vn 0.8774 0.0706 -0.4746
vn 0.8841 0.0730 -0.4615
vn 0.8764 0.0701 -0.4764
vn 0.7936 0.0470 -0.6066
vn 0.8762 0.0709 -0.4768
vn 0.7775 0.0433 -0.6274
vn 0.8798 0.0657 -0.4707
vn 0.8860 0.0627 -0.4594
vn 0.8932 0.0647 -0.4450
vn 0.8929 0.0636 -0.4457
vn 0.9014 0.0619 -0.4284
vn 0.9021 0.0575 -0.4277
vn 0.9110 0.0599 -0.4081
vn 0.9206 0.0566 -0.3864
vn 0.9292 0.0528 -0.3658
vn 0.9114 0.0550 -0.4079
vn 0.9297 0.0550 -0.3641
vn 0.9390 0.0514 -0.3400
vn 0.9469 0.0500 -0.3176
vn 0.9303 0.0498 -0.3635
vn 0.9551 0.0464 -0.2927
vn 0.9616 0.0450 -0.2709
vn 0.9474 0.0457 -0.3168
vn 0.9476 0.0442 -0.3164
vn 0.9682 0.0416 -0.2466
vn 0.9724 0.0405 -0.2299
vn 0.9621 0.0445 -0.2691
vn 0.9655 0.0433 -0.2566
vn 0.9728 0.0396 -0.2282
vn 0.9969 0.0783 -0.0000
vn 0.9969 0.0788 -0.0000
vn 0.9969 0.0791 -0.0000
vn 0.9968 0.0794 -0.0001
vn 0.9968 0.0805 -0.0001
vn 0.9968 0.0804 -0.0001
vn 0.9969 0.0793 -0.0000
vn 0.9969 0.0785 -0.0000
vn 0.9968 0.0801 -0.0001
vn 0.9968 0.0798 -0.0001
vn -0.9914 0.1311 0.0001
vn -0.9913 0.1313 0.0005
vn -0.9914 0.1312 0.0005
vn -0.9916 0.1293 -0.0000
vn -0.9912 0.1323 0.0003
vn -0.9910 0.1336 0.0001
vn -0.9910 0.1339 0.0001
vn -0.9910 0.1341 -0.0000
vn -0.9909 0.1346 -0.0000
vn -0.9908 0.1353 -0.0000
vn -0.9922 0.1244 0.0004
vn -0.9921 0.1252 0.0003
vn -0.9924 0.1231 0.0001
vn -0.9920 0.1263 0.0001
vn -0.9919 0.1274 0.0001
vn -0.9917 0.1284 -0.0000
vn -0.9934 0.1148 0.0006
vn -0.9934 0.1148 0.0008
vn -0.9931 0.1171 0.0003
vn -0.9933 0.1152 -0.0000
vn -0.9928 0.1195 0.0001
vn -0.9926 0.1210 -0.0000
vn -0.9945 0.1046 0.0009
vn -0.9944 0.1054 0.0008
vn -0.9939 0.1106 0.0001
vn -0.9936 0.1132 -0.0001
vn -0.9944 0.1052 -0.0000
vn -0.9955 0.0951 -0.0000
vn -0.9952 0.0978 0.0003
vn -0.9952 0.0974 0.0004
vn -0.9947 0.1025 -0.0001
vn -0.9950 0.1002 0.0001
vn -0.9962 0.0876 0.0003
vn -0.9962 0.0872 0.0004
vn -0.9958 0.0919 -0.0001
vn -0.9960 0.0899 0.0002
vn -0.9901 0.1403 -0.0000
vn -0.9902 0.1397 -0.0000
vn -0.9901 0.1402 -0.0000
vn -0.9902 0.1396 -0.0000
vn -0.9901 0.1404 -0.0000
vn -0.9901 0.1407 -0.0000
vn -0.9901 0.1403 0.0001
vn -0.9900 0.1408 0.0002
vn -0.9901 0.1405 0.0002
vn -0.9901 0.1405 0.0001
vn -0.9900 0.1410 0.0001
vn -0.9899 0.1417 0.0002
vn -0.9925 0.1224 -0.0000
vn -0.9901 0.1403 0.0002
vn -0.9899 0.1417 0.0001
vn -0.9900 0.1412 0.0001
vn -0.9899 0.1415 -0.0000
vn -0.9901 0.1404 0.0003
vn -0.9898 0.1426 -0.0000
vn -0.9896 0.1438 -0.0001
vn -0.9900 0.1412 -0.0000
vn -0.9901 0.1406 0.0003
vn -0.9897 0.1430 0.0008
vn -0.9896 0.1441 0.0012
vn -0.9901 0.1403 0.0003
vn -0.9840 0.1780 0.0077
vn -0.9793 0.2022 0.0125
vn -0.9900 0.1409 0.0001
vn -0.9901 0.1404 0.0001
vn -0.9900 0.1411 0.0002
vn -0.9900 0.1410 -0.0000
vn -0.0000 1.0000 -0.0000
vn -0.9906 0.1369 0.0005
vn -0.9907 0.1362 0.0007
vn -0.9905 0.1377 -0.0000
vn -0.9906 0.1365 0.0005
vn -0.9905 0.1374 0.0004
vn -0.9905 0.1373 0.0004
vn -0.9906 0.1370 0.0004
vn -0.9905 0.1373 0.0002
vn -0.9906 0.1368 0.0002
vn -0.9906 0.1370 0.0002
vn -0.9904 0.1380 0.0001
vn -0.9904 0.1384 0.0001
vn -0.9903 0.1387 0.0001
vn -0.9903 0.1390 -0.0000
vn -0.9902 0.1395 -0.0000
vn -0.9898 0.1426 -0.0001
vn -0.9901 0.1400 -0.0000
vn -0.9894 0.1451 -0.0002
vn -0.9963 0.0863 -0.0000
vn 0.9962 0.0868 0.0004
vn 0.9957 0.0927 -0.0000
vn 0.9963 0.0863 -0.0000
vn 0.9963 0.0859 0.0005
vn 0.9963 0.0854 0.0007
vn 0.9955 0.0951 0.0009
vn 0.9953 0.0970 0.0005
vn 0.9953 0.0964 -0.0000
vn 0.9953 0.0965 0.0005
vn 0.9948 0.1023 -0.0000
vn 0.9940 0.1092 0.0001
vn 0.9943 0.1069 0.0004
vn 0.9944 0.1053 -0.0000
vn 0.9947 0.1025 -0.0000
vn 0.9942 0.1076 0.0004
vn 0.9932 0.1163 0.0004
vn 0.9931 0.1173 0.0003
vn 0.9932 0.1163 0.0001
vn 0.9935 0.1141 -0.0000
vn 0.9937 0.1125 -0.0000
vn 0.9922 0.1249 0.0003
vn 0.9924 0.1232 0.0001
vn 0.9926 0.1212 -0.0000
vn 0.9925 0.1222 -0.0000
vn 0.9922 0.1246 0.0003
vn 0.9908 0.1351 -0.0000
vn 0.9912 0.1325 0.0002
vn 0.9914 0.1311 0.0005
vn 0.9913 0.1313 0.0001
vn 0.9917 0.1290 -0.0000
vn 0.9918 0.1277 -0.0000
vn 0.9913 0.1313 0.0005
vn 0.9911 0.1331 0.0001
vn 0.9909 0.1347 -0.0000
vn 0.9902 0.1394 -0.0000
vn 0.9903 0.1387 -0.0000
vn 0.9894 0.1450 0.0001
vn 0.9905 0.1376 0.0001
vn 0.9905 0.1378 0.0002
vn 0.9905 0.1373 0.0002
vn 0.9904 0.1385 0.0001
vn 0.9906 0.1371 0.0003
vn 0.9907 0.1360 0.0006
vn 0.9906 0.1367 0.0005
vn 0.9907 0.1360 0.0003
vn 0.9906 0.1366 0.0004
vn 0.9905 0.1377 -0.0000
vn 0.9908 0.1353 -0.0000
vn 0.9907 0.1361 0.0003
vn 0.9906 0.1370 0.0002
vn 0.9900 0.1412 0.0001
vn 0.9901 0.1405 0.0001
vn 0.9903 0.1393 -0.0000
vn 0.9902 0.1400 0.0001
vn 0.9985 0.0534 0.0129
vn 0.9961 0.0883 0.0079
vn 0.9900 0.1409 0.0001
vn 0.9900 0.1407 0.0002
vn 0.9897 0.1430 0.0008
vn 0.9896 0.1441 0.0012
vn 0.9899 0.1417 -0.0001
vn 0.9899 0.1416 -0.0000
vn 0.9901 0.1401 -0.0000
vn 0.9899 0.1415 -0.0000
vn 0.9900 0.1408 0.0003
vn 0.9900 0.1412 0.0002
vn 0.9900 0.1408 0.0001
vn 0.9899 0.1416 0.0001
vn 0.9900 0.1411 0.0003
vn 0.9925 0.1224 0.0007
vn 0.9919 0.1271 0.0005
vn 0.9901 0.1403 0.0001
vn 0.9901 0.1404 0.0002
vn 0.9901 0.1405 0.0002
vn 0.9900 0.1408 -0.0000
vn 0.9901 0.1404 0.0001
vn 0.9900 0.1407 0.0001
vn 0.9901 0.1406 -0.0000
vn 0.9901 0.1404 -0.0000
vn 0.9902 0.1396 -0.0000
vn 0.9902 0.1398 -0.0000
vn 0.9901 0.1407 -0.0000
vn 0.9900 0.1414 0.0001
vn 0.9900 0.1414 0.0003
vn 0.9901 0.1407 0.0003
vn 0.9900 0.1410 -0.0000
vn 0.9920 0.1263 0.0001
vn 0.9926 0.1210 -0.0000
vn 0.9928 0.1199 -0.0000
vn 0.9938 0.1108 -0.0000
vn 0.9967 0.0810 -0.0000
vn 0.9966 0.0819 -0.0001
vn 0.9967 0.0816 -0.0001
vn 0.9966 0.0821 -0.0001
vn 0.9966 0.0823 -0.0000
vn 0.9966 0.0827 -0.0000
vn 0.9965 0.0832 -0.0000
vn 0.9966 0.0828 -0.0000
vn -0.9966 0.0828 -0.0000
vn -0.9965 0.0833 -0.0000
vn -0.9966 0.0826 -0.0000
vn -0.9966 0.0820 -0.0001
vn -0.9967 0.0816 -0.0001
vn -0.9967 0.0810 -0.0000
vn -0.9966 0.0819 -0.0001
vn -0.9966 0.0823 -0.0000
vn -0.0000 -0.0000 1.0000
vn 0.9980 -0.0627 -0.0000
vn 0.9982 0.0600 0.0002
vn 0.9978 -0.0665 0.0001
vn -0.9978 -0.0664 -0.0000
vn -0.9988 -0.0494 -0.0000
vn -0.9977 0.0673 -0.0001
vn -0.9902 0.1394 -0.0000
vn -0.9909 0.1345 -0.0000
vn -0.9902 0.1398 -0.0000
vn 0.9960 0.0891 0.0002
vn 0.9949 0.1005 0.0001
vn 0.9926 0.1213 -0.0000
vn 0.9910 0.1339 0.0001
vn 0.9902 0.1395 -0.0000
vn 0.9903 0.1388 -0.0000
vn -0.9966 0.0825 -0.0000
vn 0.0188 -0.0000 0.9998
vn -0.0122 -0.0000 0.9999
vn -0.0121 -0.0000 0.9999
vn 0.0526 -0.0000 0.9986
vn -0.0091 -0.0000 1.0000
vn 0.0076 -0.0000 1.0000
vn -0.0104 -0.0000 0.9999
vn -0.0151 -0.0000 0.9999
vn 0.1644 -0.0000 0.9864
vn -0.0014 -0.0000 1.0000
vn 0.0071 -0.0000 1.0000
vn 0.0020 -0.0000 1.0000
vn 0.0048 -0.0000 1.0000
vn -0.0093 -0.0000 1.0000
vn -0.0016 -0.0000 1.0000
vn -0.0046 -0.0000 1.0000
vn 0.0036 -0.0000 1.0000
vn 0.0022 -0.0000 1.0000
vn -0.0047 -0.0000 1.0000
vn -0.0004 -0.0000 1.0000
vn 0.0014 -0.0000 1.0000
vn -0.0001 -0.0000 1.0000
vn -0.0043 -0.0000 1.0000
vn 0.0019 -0.0000 1.0000
vn 0.0002 -0.0000 1.0000
vn -0.0007 -0.0000 1.0000
vn 0.0018 -0.0000 1.0000
vn -0.0012 -0.0000 1.0000
vn 0.0024 -0.0000 1.0000
vn -0.0005 -0.0000 1.0000
vn 0.0001 -0.0000 1.0000
vn -0.0624 -0.0000 0.9981
vn 0.4472 -0.0000 0.8944
vn 0.0384 -0.0000 0.9993
vn -0.0079 -0.0000 1.0000
vn 0.0070 -0.0000 1.0000
vn 0.0570 -0.0000 0.9984
vn 0.0061 -0.0000 1.0000
vn -0.0003 -0.0000 1.0000
vn 0.0068 -0.0000 1.0000
vn -0.0013 -0.0000 1.0000
vn 0.0038 -0.0000 1.0000
vn -0.0995 -0.0000 0.9950
vn 0.0555 -0.0000 0.9985
vn 0.1168 -0.0000 0.9932
vn 0.0040 -0.0000 1.0000
vn 0.0005 -0.0000 1.0000
vn -0.0076 -0.0000 1.0000
vn 0.0011 -0.0000 1.0000
vn -0.0002 -0.0000 1.0000
vn 0.0995 -0.0000 0.9950
vn -0.1644 -0.0000 0.9864
vn -0.4472 -0.0000 0.8944
vn 0.0033 -0.0000 1.0000
vn 0.0037 -0.0000 1.0000
vn -0.0025 -0.0000 1.0000
vn -0.1240 -0.0000 0.9923
vn 0.1240 -0.0000 0.9923
vn -0.0041 -0.0000 1.0000
vn 0.0109 -0.0000 0.9999
vn 0.0125 -0.0000 0.9999
vn 0.0104 -0.0000 0.9999
vn 0.2425 -0.0000 0.9701
vn -0.0748 -0.0000 0.9972
vn -0.0006 -0.0000 1.0000
vn 0.0052 -0.0000 1.0000
vn 0.0003 -0.0000 1.0000
vn 0.0830 -0.0000 0.9965
vn -0.0156 -0.0000 0.9999
vn 0.0624 -0.0000 0.9981
vn 0.4472 -0.0000 -0.8944
vn -0.0567 -0.0000 0.9984
vn 0.1240 -0.0000 -0.9923
vn 0.0066 -0.0000 1.0000
vn -0.2425 -0.0000 0.9701
vn -0.0283 -0.0000 0.9996
vn 0.0227 -0.0000 0.9997
vn 0.0062 -0.0000 1.0000
vn 0.0030 -0.0000 1.0000
vn -0.0143 -0.0000 0.9999
vn 0.0160 -0.0000 0.9999
vn 0.0087 -0.0000 1.0000
vn -0.0624 -0.0000 -0.9981
vn 0.0179 -0.0000 -0.9998
vn 0.0416 -0.0000 0.9991
vn 0.0333 -0.0000 0.9994
vn -0.0024 -0.0000 1.0000
vn -0.1240 -0.0000 -0.9923
vn 0.0004 -0.0000 1.0000
vn -0.0017 -0.0000 1.0000
vn 0.0238 -0.0000 0.9997
vn 0.0088 -0.0000 1.0000
vn -0.0077 -0.0000 1.0000
vn 0.0779 -0.0000 -0.9970
vn 0.0499 -0.0000 0.9988
vn 0.0007 -0.0000 1.0000
vn 0.0065 -0.0000 1.0000
vn 0.0023 -0.0000 1.0000
vn -0.0010 -0.0000 1.0000
vn 0.0312 -0.0000 0.9995
vn 0.1341 -0.0000 -0.9910
vn -0.0042 -0.0000 1.0000
vn 0.0044 -0.0000 1.0000
vn 0.0031 -0.0000 1.0000
vn -0.0021 -0.0000 1.0000
vn 0.0010 -0.0000 1.0000
vn 0.0139 -0.0000 0.9999
vn 0.0017 -0.0000 1.0000
vn -0.0040 -0.0000 1.0000
vn 0.0041 -0.0000 1.0000
vn 0.0008 -0.0000 1.0000
vn -0.0044 -0.0000 1.0000
vn -0.0027 -0.0000 1.0000
vn 0.0161 -0.0000 0.9999
vn 0.0078 -0.0000 1.0000
vn -0.0375 -0.0000 0.9993
vn -0.0312 -0.0000 0.9995
vn -0.0057 -0.0000 1.0000
vn -0.0227 -0.0000 0.9997
vn 0.0012 -0.0000 1.0000
vn -0.0022 -0.0000 1.0000
vn 0.0021 -0.0000 1.0000
vn -0.0030 -0.0000 1.0000
vn -0.0011 -0.0000 1.0000
vn 0.0016 -0.0000 1.0000
vt 0.999990 0.019115
vt 0.999997 0.975376
vt 0.999998 0.975376
vt 0.000000 0.023210
vt 0.992954 0.975376
vt 0.000000 0.975376
vt 0.999998 0.975376
vt 1.000000 0.020534
vt 0.999815 0.001736
vt 0.999955 0.975376
vt 0.999976 0.975376
vt 0.999997 0.975376
vt 0.999916 0.975376
vt 0.999935 0.975376
vt 0.999935 0.975376
vt 0.999955 0.975376
vt 0.999815 0.975376
vt 0.999887 0.975376
vt 0.999887 0.975376
vt 0.999898 0.975376
vt 0.999898 0.975376
vt 0.999916 0.975376
vt 0.999855 0.000000
vt 0.999997 0.975376
vt 0.812512 0.027100
vt 0.993905 0.975333
vt 0.995246 0.975333
vt 0.886913 0.016041
vt 0.995246 0.975333
vt 0.997165 0.975333
vt 1.000000 0.975333
vt 0.911362 0.012407
vt 0.997786 0.975333
vt 0.997165 0.975333
vt 0.526608 0.074832
vt 0.754425 0.975333
vt 0.755328 0.975333
vt 0.623210 0.057828
vt 0.755328 0.975333
vt 0.757970 0.975333
vt 0.674329 0.049291
vt 0.757970 0.975333
vt 0.759329 0.975333
vt 0.714568 0.042570
vt 0.761593 0.975333
vt 0.761593 0.035142
vt 0.760382 0.975333
vt 0.311512 0.115766
vt 0.487441 0.975333
vt 0.489371 0.975333
vt 0.411288 0.096273
vt 0.492204 0.975333
vt 0.429968 0.092718
vt 0.493515 0.975333
vt 0.458949 0.087355
vt 0.492204 0.975333
vt 0.492721 0.975333
vt 0.494475 0.975333
vt 0.494475 0.080780
vt 0.106786 0.157977
vt 0.238720 0.975333
vt 0.242048 0.975333
vt 0.210249 0.136333
vt 0.245857 0.975333
vt 0.236529 0.130996
vt 0.245105 0.975333
vt 0.246130 0.975333
vt 0.246130 0.129045
vt 0.000000 0.180653
vt 0.000000 0.975333
vt 0.238720 0.975333
vt 0.487441 0.975333
vt 0.494475 0.975333
vt 0.754425 0.975333
vt 0.993905 0.975333
vt 1.000000 0.030105
vt 1.000000 1.000000
vt 0.030105 0.030105
vt 0.030105 0.030105
vt 0.000000 1.000000
vt 0.000000 0.030105
vt 1.000000 0.974762
vt 1.000000 0.161675
vt 0.906092 0.974762
vt 0.903857 0.974762
vt 0.926075 0.148896
vt 0.903178 0.974762
vt 0.903178 0.144902
vt 0.638170 0.974762
vt 0.778930 0.123225
vt 0.638170 0.974762
vt 0.707933 0.110979
vt 0.634394 0.974762
vt 0.318357 0.974762
vt 0.441699 0.066268
vt 0.375071 0.055474
vt 0.502398 0.076101
vt 0.325429 0.974762
vt 0.625601 0.096776
vt 0.630110 0.974762
vt 0.630110 0.097554
vt 0.325562 0.974762
vt 0.325562 0.974762
vt 0.321870 0.974762
vt 0.119605 0.016781
vt 0.004955 0.974762
vt 0.190953 0.027331
vt 0.316800 0.974762
vt 0.316800 0.046427
vt 0.008385 0.974762
vt 0.250593 0.036148
vt 0.008385 0.974762
vt 0.006562 0.974762
vt 0.000000 0.974762
vt 0.003070 0.974762
vt 0.316800 0.974762
vt 0.630110 0.974762
vt 0.632320 0.974762
vt 0.903178 0.974762
vt 0.903857 0.974762
vt 0.648321 0.974791
vt 1.000000 0.027112
vt 0.584827 0.974791
vt 0.584827 0.974791
vt 0.495303 0.974791
vt 0.495303 0.974791
vt 0.399957 0.974791
vt 0.102644 0.974791
vt 0.006784 0.974791
vt 0.004408 0.974791
vt 0.655552 0.018056
vt 0.000006 0.974791
vt 0.004408 0.974791
vt 0.197409 0.974791
vt 0.102644 0.974791
vt 0.299822 0.974791
vt 0.197409 0.974791
vt 0.399957 0.974791
vt 0.299822 0.974791
vt 1.000000 0.974791
vt 0.648321 0.974791
vt 0.640515 0.158232
vt 0.504938 0.974088
vt 0.659653 0.162249
vt 0.723110 0.175350
vt 0.509532 0.974088
vt 0.797612 0.190959
vt 0.859817 0.204614
vt 0.512090 0.974088
vt 0.869968 0.207062
vt 0.829708 0.197865
vt 0.511722 0.974088
vt 0.804188 0.192337
vt 0.510651 0.974088
vt 0.897466 0.213972
vt 0.513529 0.974088
vt 0.908702 0.217247
vt 0.886186 0.210972
vt 0.513103 0.974088
vt 0.512682 0.974088
vt 0.509759 0.974088
vt 0.932340 0.225513
vt 0.514525 0.974088
vt 0.933778 0.226149
vt 0.921341 0.221360
vt 0.514465 0.974088
vt 0.909711 0.217541
vt 0.514021 0.974088
vt 0.952727 0.235426
vt 0.515326 0.974088
vt 0.515343 0.974088
vt 0.942687 0.230089
vt 0.515326 0.974088
vt 0.952358 0.235189
vt 0.514899 0.974088
vt 0.513568 0.974088
vt 0.962063 0.241441
vt 0.516117 0.974088
vt 0.968601 0.246626
vt 0.976385 0.254006
vt 0.516769 0.974088
vt 0.979982 0.258323
vt 0.969593 0.247413
vt 0.516547 0.974088
vt 0.985665 0.265900
vt 0.517458 0.974088
vt 0.989781 0.273044
vt 0.982403 0.261228
vt 0.517143 0.974088
vt 0.990790 0.274793
vt 0.517930 0.974088
vt 0.995103 0.284495
vt 0.997062 0.290336
vt 0.517536 0.974088
vt 1.000000 0.974088
vt 1.000000 0.300092
vt 0.518511 0.974088
vt 0.518331 0.974088
vt 0.998664 0.295114
vt 0.518149 0.974088
vt 0.516920 0.974088
vt 0.516168 0.974088
vt 0.515784 0.974088
vt 0.507010 0.974088
vt 0.500836 0.974088
vt 0.527924 0.134602
vt 0.000126 0.974088
vt 0.057975 0.017751
vt 0.004847 0.001484
vt 0.002774 0.974088
vt 0.126009 0.037365
vt 0.103733 0.030943
vt 0.212891 0.060690
vt 0.007664 0.974088
vt 0.273263 0.076127
vt 0.332497 0.090449
vt 0.010120 0.974088
vt 0.353274 0.095472
vt 0.463321 0.120435
vt 0.013649 0.974088
vt 0.498919 0.974088
vt 0.500000 0.128479
vt 0.498919 0.974088
vt 0.500000 0.974088
vt 0.431809 0.113525
vt 0.013649 0.974088
vt 0.012622 0.974088
vt 0.009472 0.974088
vt 0.197666 0.056797
vt 0.005873 0.974088
vt 0.005430 0.974088
vt 0.001529 0.974088
vt 0.000000 0.974088
vt 0.000126 0.974088
vt 0.500000 0.974088
vt 0.500836 0.974088
vt 0.000000 0.037021
vt 0.962979 0.037021
vt 0.962978 0.037022
vt 1.000000 0.037022
vt 0.000000 0.027112
vt 0.995588 0.974791
vt 0.343847 0.018072
vt 0.999994 0.974791
vt 1.000000 0.000000
vt 0.802591 0.974791
vt 0.897355 0.974791
vt 0.700178 0.974791
vt 0.600043 0.974791
vt 0.700178 0.974791
vt 0.000000 0.974791
vt 0.351679 0.974791
vt 0.415173 0.974791
vt 0.504697 0.974791
vt 0.504697 0.974791
vt 0.993216 0.974791
vt 0.013649 0.974088
vt 0.012622 0.974088
vt 0.013649 0.974088
vt 0.012622 0.974088
vt 0.010120 0.974088
vt 0.009472 0.974088
vt 0.007664 0.974088
vt 0.010120 0.974088
vt 0.009472 0.974088
vt 0.005873 0.974088
vt 0.007664 0.974088
vt 0.005873 0.974088
vt 0.005430 0.974088
vt 0.003392 0.974088
vt 0.001529 0.974088
vt 0.002774 0.974088
vt 0.000000 0.974088
vt 0.000000 0.000000
vt 0.518149 0.974088
vt 0.517536 0.974088
vt 0.517458 0.974088
vt 0.517930 0.974088
vt 0.517143 0.974088
vt 0.516920 0.974088
vt 0.516769 0.974088
vt 0.516547 0.974088
vt 0.516168 0.974088
vt 0.516117 0.974088
vt 0.516547 0.974088
vt 0.517458 0.974088
vt 0.517143 0.974088
vt 0.515784 0.974088
vt 0.516117 0.974088
vt 0.515326 0.974088
vt 0.514899 0.974088
vt 0.514899 0.974088
vt 0.514465 0.974088
vt 0.514021 0.974089
vt 0.513568 0.974088
vt 0.513529 0.974088
vt 0.514525 0.974088
vt 0.514465 0.974088
vt 0.513103 0.974088
vt 0.512682 0.974088
vt 0.512682 0.974088
vt 0.512090 0.974088
vt 0.511722 0.974088
vt 0.510651 0.974088
vt 0.509759 0.974088
vt 0.509532 0.974088
vt 0.511722 0.974088
vt 0.507010 0.974088
vt 0.504938 0.974088
vt 0.507010 0.974088
vt 0.504325 0.974088
vt 1.000000 0.974088
vt 0.498919 0.974088
vt 0.028012 0.608840
vt 0.014082 0.608031
vt 0.015080 0.391778
vt 0.000000 0.607537
vt 0.000000 0.392488
vt 0.008006 0.392110
vt 0.029973 0.390732
vt 0.030649 0.609068
vt 0.055385 0.611668
vt 0.041783 0.610030
vt 0.044653 0.389277
vt 0.030649 0.390665
vt 0.040971 0.609960
vt 0.061520 0.612653
vt 0.058912 0.387359
vt 0.059092 0.387335
vt 0.068811 0.613823
vt 0.061520 0.386904
vt 0.073267 0.384820
vt 0.082055 0.616568
vt 0.087154 0.381644
vt 0.094400 0.619788
vt 0.083606 0.616972
vt 0.129955 0.633439
vt 0.126917 0.367153
vt 0.127856 0.366641
vt 0.120662 0.629081
vt 0.113994 0.372918
vt 0.118437 0.628210
vt 0.107983 0.624120
vt 0.095114 0.619974
vt 0.094400 0.379546
vt 0.097171 0.378743
vt 0.100735 0.377711
vt 0.169406 0.658628
vt 0.153003 0.351273
vt 0.153715 0.350700
vt 0.133149 0.634937
vt 0.129955 0.365496
vt 0.139492 0.360296
vt 0.145448 0.641770
vt 0.141658 0.358974
vt 0.157560 0.649662
vt 0.148691 0.643882
vt 0.164038 0.342378
vt 0.228288 0.725675
vt 0.211276 0.282621
vt 0.211548 0.282129
vt 0.220416 0.266096
vt 0.202417 0.297022
vt 0.193496 0.309915
vt 0.194128 0.309003
vt 0.225927 0.722065
vt 0.184360 0.321536
vt 0.214534 0.706241
vt 0.203194 0.692071
vt 0.218013 0.711068
vt 0.169492 0.658693
vt 0.169406 0.337268
vt 0.174010 0.332885
vt 0.174839 0.332096
vt 0.181251 0.668944
vt 0.173210 0.661932
vt 0.196029 0.684044
vt 0.192850 0.680487
vt 0.237684 0.740041
vt 0.272375 0.156180
vt 0.283156 0.135029
vt 0.269428 0.162226
vt 0.262749 0.176459
vt 0.252120 0.199431
vt 0.257374 0.187887
vt 0.243806 0.217655
vt 0.286055 0.129796
vt 0.230557 0.245971
vt 0.228288 0.250473
vt 0.228485 0.250087
vt 0.292123 0.118816
vt 0.250286 0.761036
vt 0.240151 0.744145
vt 0.279544 0.814767
vt 0.266393 0.790037
vt 0.292123 0.838752
vt 0.264659 0.786784
vt 0.341089 0.924563
vt 0.327726 0.064933
vt 0.328320 0.064131
vt 0.340550 0.049286
vt 0.312958 0.877361
vt 0.305967 0.095821
vt 0.316519 0.080048
vt 0.293263 0.840925
vt 0.294017 0.115393
vt 0.305106 0.097105
vt 0.306247 0.865279
vt 0.330996 0.908653
vt 0.318765 0.887844
vt 0.335484 0.915933
vt 0.341280 0.924846
vt 0.352290 0.036493
vt 0.353234 0.035461
vt 0.366380 0.022616
vt 0.379980 0.010719
vt 0.341089 0.048699
vt 0.380694 0.010162
vt 0.365240 0.958758
vt 0.358943 0.950616
vt 0.347227 0.934013
vt 0.381910 0.979015
vt 0.370723 0.965866
vt 0.995340 0.888657
vt 0.995340 0.113229
vt 1.000000 0.113366
vt 0.990640 0.113067
vt 1.000000 0.888520
vt 0.990640 0.888819
vt 0.973982 0.112419
vt 0.984700 0.112862
vt 0.984700 0.889023
vt 0.971880 0.112317
vt 0.973982 0.889467
vt 0.963116 0.111892
vt 0.963116 0.889993
vt 0.956926 0.890329
vt 0.971880 0.889569
vt 0.952774 0.890577
vt 0.952774 0.111309
vt 0.956926 0.111557
vt 0.934726 0.110137
vt 0.946569 0.890947
vt 0.936118 0.891646
vt 0.946569 0.110938
vt 0.936118 0.110240
vt 0.925654 0.109466
vt 0.934726 0.891749
vt 0.925654 0.892420
vt 0.913920 0.893380
vt 0.913920 0.108505
vt 0.893024 0.106555
vt 0.913465 0.893417
vt 0.902420 0.894412
vt 0.913465 0.108468
vt 0.902420 0.107474
vt 0.869402 0.103979
vt 0.880834 0.896605
vt 0.870281 0.897800
vt 0.891545 0.895475
vt 0.891545 0.106411
vt 0.870281 0.104086
vt 0.880834 0.105280
vt 0.893024 0.895330
vt 0.838601 0.099973
vt 0.859876 0.899058
vt 0.850831 0.900216
vt 0.859876 0.102828
vt 0.869402 0.897906
vt 0.850831 0.101669
vt 0.831316 0.098962
vt 0.838601 0.901913
vt 0.831316 0.902923
vt 0.811208 0.095874
vt 0.811208 0.906011
vt 0.795505 0.908627
vt 0.791622 0.909349
vt 0.791622 0.092536
vt 0.795505 0.093259
vt 0.719834 0.923380
vt 0.710887 0.076471
vt 0.719834 0.078505
vt 0.750968 0.916917
vt 0.750968 0.084969
vt 0.661233 0.065181
vt 0.710887 0.925415
vt 0.661233 0.936704
vt 0.649509 0.062386
vt 0.649509 0.939499
vt 0.634391 0.943223
vt 0.634391 0.058662
vt 0.621621 0.055561
vt 0.621621 0.946325
vt 0.590436 0.047777
vt 0.590436 0.954109
vt 0.582300 0.956162
vt 0.582300 0.045723
vt 0.559347 0.961957
vt 0.559347 0.039929
vt 0.536147 0.034070
vt 0.530326 0.032600
vt 0.536147 0.967816
vt 0.530326 0.969286
vt 0.502919 0.025737
vt 0.502919 0.976149
vt 0.494374 0.978254
vt 0.494374 0.023631
vt 0.476811 0.019304
vt 0.476811 0.982582
vt 0.456250 0.987541
vt 0.456250 0.014345
vt 0.421116 0.006130
vt 0.443026 0.990680
vt 0.421116 0.995755
vt 0.443006 0.011201
vt 0.454368 0.987995
vt 0.454368 0.013891
vt 0.417885 0.996482
vt 0.417885 0.005396
vt 0.393667 0.000000
vt 0.382631 0.979862
vt 0.381910 0.009207
vt 0.416169 0.005006
vt 0.390504 0.988205
vt 0.402233 1.000000
vt 0.394717 0.992685
vt 0.000185 0.003113
vt 0.000102 0.975193
vt 0.000113 0.975193
vt 0.982749 0.975193
vt 0.000102 0.975193
vt 0.989504 0.975193
vt 0.986513 0.975193
vt 0.992970 0.975193
vt 0.991668 0.975193
vt 0.999898 0.015962
vt 0.992896 0.975193
vt 0.000000 0.013218
vt 0.992970 0.975193
vt 0.000094 0.000000
vt 0.992991 0.975193
vt 0.999898 0.975193
vt 0.999919 0.975193
vt 0.991667 0.975193
vt 0.986513 0.975193
vt 0.000113 0.975193
vt 0.000185 0.975193
vt 0.243155 0.975116
vt 0.162667 0.123028
vt 0.243762 0.975116
vt 0.243762 0.975116
vt 0.198067 0.115622
vt 0.244777 0.975116
vt 0.245814 0.975116
vt 0.244777 0.975116
vt 0.239050 0.975116
vt 0.035649 0.154091
vt 0.239938 0.975116
vt 0.000000 0.164979
vt 0.238795 0.975116
vt 0.000000 0.975116
vt 0.007852 0.162446
vt 0.239938 0.975116
vt 0.065103 0.146038
vt 0.240855 0.975116
vt 0.096134 0.138207
vt 0.241799 0.975116
vt 0.241799 0.975116
vt 0.128674 0.130549
vt 0.242768 0.975116
vt 0.242768 0.975116
vt 0.141827 0.127639
vt 0.243155 0.975116
vt 0.489471 0.975116
vt 0.392104 0.080316
vt 0.491705 0.975116
vt 0.489459 0.975116
vt 0.312295 0.093944
vt 0.489471 0.975116
vt 0.491705 0.975116
vt 0.468116 0.068227
vt 0.493771 0.975116
vt 0.246130 0.106169
vt 0.487561 0.975116
vt 0.246130 0.975116
vt 0.272916 0.101089
vt 0.488341 0.975116
vt 0.311862 0.094022
vt 0.489459 0.975116
vt 0.758069 0.975116
vt 0.693489 0.036334
vt 0.759835 0.975116
vt 0.498585 0.063678
vt 0.495840 0.975116
vt 0.494584 0.975116
vt 0.546249 0.056562
vt 0.755913 0.975116
vt 0.626379 0.045293
vt 0.494475 0.064292
vt 0.494584 0.975116
vt 0.494475 0.975116
vt 0.759835 0.975116
vt 0.696822 0.035913
vt 0.759922 0.975116
vt 0.793666 0.023687
vt 0.994741 0.975116
vt 0.762411 0.975116
vt 0.761593 0.027736
vt 0.761593 0.975116
vt 0.994741 0.975116
vt 0.895851 0.011588
vt 0.997378 0.975116
vt 0.997378 0.975116
vt 0.906449 0.010409
vt 0.997648 0.975116
vt 0.997648 0.975116
vt 0.759921 0.975116
vt 0.494475 0.975116
vt 0.493771 0.975116
vt 0.234829 0.108312
vt 0.029801 0.029801
vt 0.000000 0.029801
vt 1.000000 0.029801
vt 0.029801 0.029801
vt 0.285912 0.032763
vt 0.008332 0.974663
vt 0.007490 0.974663
vt 0.252798 0.028730
vt 0.007490 0.974663
vt 0.006595 0.974663
vt 0.164865 0.018429
vt 0.006595 0.974663
vt 0.004256 0.974663
vt 0.130158 0.014363
vt 0.000000 0.974663
vt 0.004256 0.974663
vt 0.003346 0.974663
vt 0.616196 0.077583
vt 0.325426 0.974663
vt 0.325024 0.974663
vt 0.504929 0.061379
vt 0.323083 0.974663
vt 0.321879 0.974663
vt 0.318960 0.974663
vt 0.395019 0.046579
vt 0.398040 0.046962
vt 0.321879 0.974663
vt 0.316800 0.974663
vt 0.316800 0.036674
vt 0.548049 0.067476
vt 0.325024 0.974663
vt 0.323083 0.974663
vt 0.866391 0.119926
vt 0.638040 0.974663
vt 0.636913 0.974663
vt 0.822889 0.111773
vt 0.635610 0.974663
vt 0.726260 0.094846
vt 0.635079 0.974663
vt 0.632802 0.974663
vt 0.630395 0.974663
vt 0.640441 0.081179
vt 0.630110 0.974663
vt 0.630110 0.079647
vt 0.804948 0.108410
vt 0.635610 0.974663
vt 0.635079 0.974663
vt 1.000000 0.149775
vt 0.904945 0.974663
vt 0.963138 0.140590
vt 0.903635 0.974663
vt 0.918883 0.130651
vt 0.903178 0.974663
vt 0.903178 0.127442
vt 1.000000 0.974663
vt 0.906063 0.974663
vt 0.638040 0.974663
vt 0.630110 0.974663
vt 0.008332 0.974663
vt 0.000000 0.010080
vt 0.998315 0.974918
vt 0.745912 0.002561
vt 0.999985 0.974918
vt 0.802709 0.974918
vt 0.897482 0.974918
vt 0.700307 0.974918
vt 0.802709 0.974918
vt 0.600181 0.974918
vt 0.700307 0.974918
vt 0.000000 0.974918
vt 0.351839 0.974918
vt 0.415336 0.974918
vt 0.504855 0.974918
vt 0.504855 0.974918
vt 0.993360 0.974918
vt 0.043051 0.190305
vt 0.021091 0.472892
vt 0.024741 0.475172
vt 0.033401 0.480512
vt 0.009999 0.466467
vt 0.002784 0.219028
vt 0.000000 0.220711
vt 0.012098 0.213069
vt 0.039511 0.193124
vt 0.030395 0.200101
vt 0.021275 0.206754
vt 0.000000 0.461116
vt 0.085982 0.153846
vt 0.081178 0.513308
vt 0.083196 0.514807
vt 0.063688 0.500852
vt 0.047034 0.489431
vt 0.048661 0.185836
vt 0.076573 0.162197
vt 0.069945 0.167940
vt 0.067174 0.170363
vt 0.057875 0.178246
vt 0.043051 0.486825
vt 0.086087 0.153753
vt 0.099494 0.526717
vt 0.107913 0.532975
vt 0.085982 0.516825
vt 0.128540 0.548486
vt 0.104868 0.136639
vt 0.129116 0.548924
vt 0.129116 0.113805
vt 0.128141 0.114686
vt 0.122280 0.120338
vt 0.139814 0.103582
vt 0.149925 0.564756
vt 0.156208 0.569561
vt 0.143967 0.560274
vt 0.172838 0.582317
vt 0.172121 0.072004
vt 0.157498 0.086397
vt 0.172838 0.071289
vt 0.217650 0.026326
vt 0.179406 0.587354
vt 0.203973 0.606237
vt 0.193688 0.050517
vt 0.186722 0.057397
vt 0.215419 0.028599
vt 0.990115 0.147476
vt 0.995816 0.481371
vt 0.996572 0.477724
vt 1.000000 0.152991
vt 0.979297 0.142070
vt 0.977070 0.141054
vt 0.968247 0.137084
vt 0.987967 0.533514
vt 0.989122 0.524908
vt 0.980073 0.621229
vt 0.982192 0.593366
vt 0.974858 0.691789
vt 0.975235 0.687472
vt 0.977775 0.653449
vt 0.968247 0.757596
vt 0.972071 0.723616
vt 0.982402 0.590598
vt 0.984975 0.561398
vt 0.991534 0.506860
vt 0.931673 0.903756
vt 0.938367 0.888563
vt 0.943452 0.874865
vt 0.967267 0.765357
vt 0.967710 0.762369
vt 0.960477 0.807448
vt 0.948733 0.129250
vt 0.941313 0.126486
vt 0.926810 0.121494
vt 0.967555 0.136771
vt 0.954894 0.131578
vt 0.962745 0.795675
vt 0.924979 0.120913
vt 0.924979 0.918949
vt 0.950727 0.850910
vt 0.957064 0.825058
vt 0.950629 0.851308
vt 0.927085 0.915003
vt 0.935526 0.896157
vt 0.923739 0.921309
vt 0.912230 0.116865
vt 0.911375 0.116597
vt 0.894996 0.111793
vt 0.880702 0.107907
vt 0.906770 0.949796
vt 0.907038 0.949436
vt 0.917595 0.932786
vt 0.880702 0.981107
vt 0.883836 0.977818
vt 0.895345 0.964997
vt 0.884070 0.977801
vt 0.886970 0.974529
vt 0.834531 0.992341
vt 0.864058 0.103632
vt 0.859324 0.102447
vt 0.839980 0.097897
vt 0.872217 0.989437
vt 0.877653 0.107078
vt 0.844747 0.995573
vt 0.864624 0.995931
vt 0.859825 1.000000
vt 0.790986 0.977084
vt 0.798274 0.089051
vt 0.798117 0.089019
vt 0.834531 0.096702
vt 0.813969 0.985497
vt 0.829179 0.990647
vt 0.799045 0.980129
vt 0.819590 0.093423
vt 0.790986 0.087650
vt 0.750032 0.960443
vt 0.768278 0.968128
vt 0.786835 0.975514
vt 0.775526 0.084681
vt 0.744891 0.958166
vt 0.751780 0.080400
vt 0.744891 0.079228
vt 0.713750 0.943988
vt 0.732025 0.952466
vt 0.694884 0.934808
vt 0.729331 0.076579
vt 0.703308 0.072385
vt 0.694884 0.071097
vt 0.741114 0.956488
vt 0.639149 0.905649
vt 0.669673 0.067286
vt 0.645721 0.063794
vt 0.668179 0.921273
vt 0.690869 0.932854
vt 0.645601 0.909243
vt 0.675692 0.068163
vt 0.639149 0.062875
vt 0.608919 0.888635
vt 0.616056 0.892785
vt 0.612123 0.059097
vt 0.567490 0.864021
vt 0.585476 0.874953
vt 0.572380 0.053715
vt 0.567490 0.053062
vt 0.523449 0.836537
vt 0.554649 0.856217
vt 0.510564 0.828154
vt 0.459446 0.794152
vt 0.491753 0.815867
vt 0.530377 0.048110
vt 0.438024 0.779308
vt 0.453789 0.790287
vt 0.494925 0.043343
vt 0.491724 0.042911
vt 0.455892 0.037958
vt 0.366738 0.728719
vt 0.380417 0.026668
vt 0.367165 0.024478
vt 0.422543 0.033148
vt 0.391428 0.028414
vt 0.438024 0.035381
vt 0.370575 0.731530
vt 0.410218 0.759944
vt 0.428808 0.772932
vt 0.366738 0.024402
vt 0.352687 0.022074
vt 0.313448 0.689405
vt 0.334062 0.704773
vt 0.356973 0.721604
vt 0.326609 0.017451
vt 0.264213 0.652324
vt 0.301975 0.012763
vt 0.280043 0.008270
vt 0.313448 0.014947
vt 0.267977 0.655192
vt 0.291888 0.673296
vt 0.300025 0.679398
vt 0.278635 0.007979
vt 0.264213 0.004787
vt 0.217650 0.616738
vt 0.256480 0.003075
vt 0.237338 0.006259
vt 0.222309 0.620316
vt 0.240689 0.634395
vt 0.243442 0.000000
vt 1.000000 0.461116
vt 0.030981 0.513253
vt 0.015751 0.508621
vt 0.015751 0.499533
vt 0.030981 0.494900
vt 0.036646 0.515122
vt 0.036646 0.493032
vt 0.060006 0.523318
vt 0.045722 0.518115
vt 0.045722 0.490038
vt 0.063338 0.524674
vt 0.060006 0.484835
vt 0.063338 0.483479
vt 0.087296 0.535090
vt 0.073856 0.528953
vt 0.073856 0.479201
vt 0.087296 0.473063
vt 0.087356 0.473032
vt 0.087356 0.535121
vt 0.107677 0.545905
vt 0.100345 0.541786
vt 0.100345 0.466367
vt 0.107677 0.462248
vt 0.109359 0.461213
vt 0.109359 0.546940
vt 0.120454 0.553761
vt 0.130086 0.560380
vt 0.120454 0.454392
vt 0.130086 0.447773
vt 0.144762 0.571386
vt 0.132793 0.562241
vt 0.132793 0.445912
vt 0.152076 0.577567
vt 0.144762 0.436767
vt 0.152076 0.430586
vt 0.156418 0.581238
vt 0.167812 0.591838
vt 0.156418 0.426915
vt 0.172808 0.596935
vt 0.167812 0.416315
vt 0.172808 0.411218
vt 0.190309 0.392309
vt 0.190309 0.615844
vt 0.179158 0.603413
vt 0.193360 0.619550
vt 0.179158 0.404740
vt 0.201440 0.629359
vt 0.193360 0.388603
vt 0.213646 0.362633
vt 0.213719 0.645625
vt 0.213646 0.645520
vt 0.201440 0.378794
vt 0.213719 0.362528
vt 0.225670 0.662889
vt 0.234099 0.332044
vt 0.234099 0.676109
vt 0.225670 0.345264
vt 0.249715 0.306062
vt 0.249715 0.702092
vt 0.237642 0.681667
vt 0.237642 0.326486
vt 0.254821 0.296941
vt 0.254821 0.711212
vt 0.269350 0.738391
vt 0.256575 0.714346
vt 0.256575 0.293807
vt 0.269353 0.269756
vt 0.276867 0.753469
vt 0.296494 0.794562
vt 0.282648 0.765066
vt 0.282654 0.243075
vt 0.296503 0.213571
vt 0.300540 0.803686
vt 0.276867 0.254684
vt 0.310925 0.181046
vt 0.327436 0.866498
vt 0.324531 0.859410
vt 0.324531 0.148744
vt 0.327468 0.866577
vt 0.327468 0.141574
vt 0.310913 0.827079
vt 0.300540 0.204468
vt 0.354799 0.936777
vt 0.327533 0.141419
vt 0.344321 0.099113
vt 0.344140 0.908573
vt 0.384224 0.994199
vt 0.378559 0.006372
vt 0.380807 0.000000
vt 0.361320 0.054104
vt 0.361054 0.953330
vt 0.377929 1.000000
vt 0.354799 0.071370
vt 0.415870 0.968843
vt 0.411179 0.971869
vt 0.413779 0.028380
vt 0.406385 0.975634
vt 0.396771 0.015051
vt 0.394079 0.985118
vt 0.387629 0.006362
vt 0.384224 0.003222
vt 0.415870 0.029731
vt 0.431878 0.040072
vt 0.429289 0.960188
vt 0.449977 0.949302
vt 0.449977 0.049627
vt 0.486852 0.934983
vt 0.472260 0.939868
vt 0.473222 0.059600
vt 0.450458 0.949048
vt 0.453906 0.051393
vt 0.451117 0.050229
vt 0.486852 0.064167
vt 0.496039 0.067246
vt 0.519621 0.073465
vt 0.517810 0.926239
vt 0.526916 0.924361
vt 0.526916 0.075089
vt 0.494739 0.932342
vt 0.489814 0.934012
vt 0.528805 0.075509
vt 0.554909 0.080383
vt 0.543105 0.921023
vt 0.570317 0.916740
vt 0.570770 0.082640
vt 0.570770 0.916686
vt 0.583097 0.084394
vt 0.613880 0.087670
vt 0.599875 0.913258
vt 0.619342 0.911581
vt 0.619342 0.088096
vt 0.574345 0.083138
vt 0.664998 0.908456
vt 0.632222 0.910472
vt 0.647680 0.090304
vt 0.664998 0.091271
vt 0.685791 0.092431
vt 0.725669 0.094023
vt 0.709479 0.906488
vt 0.743144 0.905447
vt 0.743144 0.094554
vt 0.673315 0.908041
vt 0.668204 0.908259
vt 0.783698 0.904420
vt 0.747705 0.905306
vt 0.762881 0.095153
vt 0.817999 0.903666
vt 0.798111 0.096058
vt 0.847993 0.903014
vt 0.831824 0.096877
vt 0.847993 0.097285
vt 0.882982 0.902212
vt 0.850995 0.902949
vt 0.864365 0.097699
vt 0.914198 0.901429
vt 0.896001 0.098577
vt 0.923997 0.099448
vt 0.923997 0.901163
vt 0.926955 0.099540
vt 0.957421 0.100590
vt 0.944846 0.900599
vt 0.975111 0.899752
vt 0.964720 0.100863
vt 0.979532 0.101407
vt 0.979532 0.899634
vt 1.000000 0.899085
vt 0.987578 0.101704
vt 1.000000 0.102172
vt 0.000000 0.504077
vt 0.994426 0.147139
vt 0.997865 0.470155
vt 0.996672 0.476774
vt 1.000000 0.150293
vt 1.000000 0.460076
vt 0.967403 0.724566
vt 0.960663 0.808273
vt 0.959791 0.813264
vt 0.967334 0.765955
vt 0.965194 0.782120
vt 0.973690 0.708614
vt 0.969905 0.746404
vt 0.975031 0.691992
vt 0.976540 0.673214
vt 0.981212 0.608095
vt 0.978937 0.639798
vt 0.951407 0.848811
vt 0.951407 0.127416
vt 0.982409 0.593038
vt 0.983607 0.577916
vt 0.953593 0.841037
vt 0.989502 0.521615
vt 0.989203 0.524212
vt 0.986317 0.549124
vt 0.993308 0.495311
vt 0.989510 0.144356
vt 0.994426 0.489137
vt 0.977889 0.138551
vt 0.977311 0.138290
vt 0.965133 0.132880
vt 0.907073 0.948419
vt 0.930528 0.906286
vt 0.922866 0.922747
vt 0.907073 0.112935
vt 0.938191 0.889826
vt 0.935741 0.895948
vt 0.926895 0.915355
vt 0.948699 0.126423
vt 0.950536 0.851969
vt 0.946614 0.865857
vt 0.938826 0.888232
vt 0.951234 0.127347
vt 0.936177 0.121953
vt 0.934318 0.121562
vt 0.910723 0.113975
vt 0.919937 0.116701
vt 0.862145 0.101450
vt 0.882509 0.977725
vt 0.869842 0.989431
vt 0.883886 0.976255
vt 0.905012 0.951388
vt 0.894466 0.964790
vt 0.902482 0.111591
vt 0.905679 0.950528
vt 0.883768 0.106623
vt 0.863738 0.101799
vt 0.815427 0.987906
vt 0.842323 0.097116
vt 0.858651 0.100668
vt 0.862145 0.995531
vt 0.822565 0.990202
vt 0.859350 0.997771
vt 0.840681 0.995616
vt 0.838424 0.096311
vt 0.815427 0.091832
vt 0.816898 0.092095
vt 0.856507 1.000000
vt 0.781916 0.086010
vt 0.794010 0.088000
vt 0.783217 0.977053
vt 0.771396 0.972689
vt 0.804131 0.984273
vt 0.785324 0.977803
vt 0.771396 0.084302
vt 0.740922 0.960931
vt 0.734181 0.958115
vt 0.745997 0.080461
vt 0.769510 0.083993
vt 0.719784 0.076837
vt 0.721598 0.077071
vt 0.762756 0.969500
vt 0.692082 0.939969
vt 0.667766 0.928627
vt 0.668657 0.070465
vt 0.695943 0.073758
vt 0.667766 0.070363
vt 0.719784 0.952129
vt 0.717478 0.951169
vt 0.611585 0.064126
vt 0.638734 0.067062
vt 0.632991 0.911574
vt 0.610940 0.900072
vt 0.664210 0.926968
vt 0.610940 0.064051
vt 0.527383 0.055196
vt 0.591683 0.889897
vt 0.551865 0.867831
vt 0.596774 0.892683
vt 0.556722 0.058323
vt 0.603815 0.063280
vt 0.508916 0.053227
vt 0.503070 0.839186
vt 0.490872 0.831700
vt 0.527383 0.853459
vt 0.490872 0.051196
vt 0.426086 0.043474
vt 0.459077 0.047565
vt 0.468528 0.048680
vt 0.417886 0.042366
vt 0.486529 0.829090
vt 0.471430 0.819768
vt 0.441180 0.800624
vt 0.417886 0.785476
vt 0.395428 0.039331
vt 0.400714 0.040055
vt 0.366704 0.035079
vt 0.364658 0.034746
vt 0.412113 0.781721
vt 0.399785 0.773572
vt 0.384067 0.763034
vt 0.364658 0.749813
vt 0.315305 0.026320
vt 0.330559 0.726217
vt 0.324477 0.721968
vt 0.339635 0.030675
vt 0.356916 0.744539
vt 0.315305 0.715412
vt 0.279910 0.690023
vt 0.268335 0.681536
vt 0.304913 0.708050
vt 0.268335 0.016665
vt 0.288718 0.021089
vt 0.289713 0.021301
vt 0.314019 0.026090
vt 0.231621 0.654328
vt 0.222810 0.647655
vt 0.257203 0.673399
vt 0.255494 0.672121
vt 0.222810 0.005284
vt 0.223816 0.005575
vt 0.244664 0.011052
vt 0.266617 0.016292
vt 0.183212 0.021886
vt 0.201822 0.002771
vt 0.221058 0.004791
vt 0.186802 0.620134
vt 0.178090 0.613338
vt 0.178090 0.027161
vt 0.208253 0.636631
vt 0.205186 0.634288
vt 0.146625 0.588533
vt 0.142074 0.064324
vt 0.151766 0.054184
vt 0.133718 0.578121
vt 0.133718 0.073003
vt 0.162510 0.043203
vt 0.168655 0.605979
vt 0.089363 0.119443
vt 0.122941 0.569426
vt 0.111070 0.559767
vt 0.100897 0.551267
vt 0.096518 0.111781
vt 0.103189 0.104852
vt 0.123109 0.084023
vt 0.044781 0.167395
vt 0.058131 0.514715
vt 0.057378 0.514057
vt 0.078868 0.532691
vt 0.089363 0.541541
vt 0.059585 0.151227
vt 0.079655 0.129716
vt 0.083445 0.125689
vt 0.046565 0.165323
vt 0.010726 0.470866
vt 0.000000 0.460076
vt 0.000000 0.218377
vt 0.019716 0.195360
vt 0.014153 0.474207
vt 0.033285 0.492340
vt 0.044781 0.502693
vt 0.039597 0.173057
vt 0.204522 0.000000
vt 0.916908 0.933533
vt 0.000361 0.975085
vt 0.000558 0.012809
vt 0.000326 0.975085
vt 0.000326 0.975085
vt 0.000276 0.975085
vt 0.000276 0.975085
vt 0.000223 0.975085
vt 0.000057 0.975085
vt 0.000004 0.975085
vt 0.000002 0.975085
vt 0.000268 0.006148
vt 0.006513 0.975085
vt 0.000002 0.975085
vt 0.000110 0.975085
vt 0.000057 0.975085
vt 0.000167 0.975085
vt 0.000110 0.975085
vt 0.000223 0.975085
vt 0.000558 0.975085
vt 0.000361 0.975085
vt 0.430873 0.077832
vt 0.465814 0.980120
vt 0.326465 0.980120
vt 0.423330 0.075986
vt 0.326465 0.980120
vt 0.326298 0.980120
vt 0.465814 0.980120
vt 0.457873 0.084439
vt 0.466394 0.980120
vt 0.398082 0.069318
vt 0.326298 0.980120
vt 0.325743 0.980120
vt 0.373772 0.062391
vt 0.325743 0.980120
vt 0.325216 0.980120
vt 0.350403 0.055140
vt 0.325128 0.980120
vt 0.324717 0.980120
vt 0.369671 0.061118
vt 0.324341 0.980120
vt 0.332606 0.049130
vt 0.324164 0.980120
vt 0.324164 0.046039
vt 0.534620 0.101352
vt 0.469025 0.980120
vt 0.468089 0.980120
vt 0.575921 0.109797
vt 0.593119 0.980120
vt 0.469025 0.980120
vt 0.495298 0.092941
vt 0.467722 0.980120
vt 0.467213 0.980120
vt 0.518239 0.097848
vt 0.467722 0.980120
vt 0.466584 0.980120
vt 0.466584 0.086418
vt 0.672973 0.128905
vt 0.595863 0.980120
vt 0.595325 0.980120
vt 0.664863 0.127322
vt 0.595325 0.980120
vt 0.595137 0.980120
vt 0.696004 0.133432
vt 0.709079 0.980120
vt 0.595863 0.980120
vt 0.619298 0.118407
vt 0.595137 0.980120
vt 0.594093 0.980120
vt 0.593512 0.980120
vt 0.593512 0.113289
vt 0.796254 0.153451
vt 0.711567 0.980120
vt 0.711426 0.980120
vt 0.736641 0.141419
vt 0.711426 0.980120
vt 0.710017 0.980120
vt 0.709386 0.980120
vt 0.709386 0.136062
vt 0.802149 0.154691
vt 0.816723 0.980120
vt 0.711567 0.980120
vt 0.905612 0.177033
vt 0.918101 0.980120
vt 0.819212 0.980120
vt 0.884616 0.172389
vt 0.818696 0.980120
vt 0.852385 0.165258
vt 0.817074 0.980120
vt 0.817074 0.157830
vt 0.817915 0.980120
vt 0.962397 0.190404
vt 0.920437 0.980120
vt 0.919490 0.980120
vt 0.956382 0.188914
vt 0.918410 0.980120
vt 0.918410 0.180028
vt 0.919490 0.980120
vt 0.919341 0.980120
vt 0.139924 0.032521
vt 0.165912 0.980120
vt 0.165683 0.980120
vt 0.116357 0.044527
vt 0.165304 0.980120
vt 0.165186 0.980120
vt 0.121876 0.041415
vt 0.165596 0.980120
vt 0.164790 0.980120
vt 0.109376 0.048464
vt 0.165036 0.980120
vt 0.096638 0.056572
vt 0.164757 0.980120
vt 0.165186 0.980120
vt 0.135716 0.034425
vt 0.164387 0.980120
vt 0.082841 0.066646
vt 0.164448 0.980120
vt 0.164448 0.980120
vt 0.092389 0.059490
vt 0.164663 0.980120
vt 0.164054 0.980120
vt 0.074067 0.074031
vt 0.164245 0.980120
vt 0.163753 0.980120
vt 0.058413 0.089857
vt 0.163869 0.980120
vt 0.163869 0.980120
vt 0.065957 0.081742
vt 0.164053 0.980120
vt 0.066004 0.081697
vt 0.164245 0.980120
vt 0.080187 0.068880
vt 0.043252 0.110007
vt 0.163559 0.980120
vt 0.163477 0.980120
vt 0.052107 0.097495
vt 0.046308 0.105360
vt 0.163710 0.980120
vt 0.053801 0.095443
vt 0.163753 0.980120
vt 0.034230 0.125342
vt 0.163274 0.980120
vt 0.163224 0.980120
vt 0.035966 0.122008
vt 0.163413 0.980120
vt 0.026229 0.142234
vt 0.163008 0.980120
vt 0.162979 0.980120
vt 0.027109 0.140073
vt 0.163139 0.980120
vt 0.163008 0.980120
vt 0.031373 0.130831
vt 0.163139 0.980120
vt 0.019970 0.158674
vt 0.162878 0.980120
vt 0.162768 0.980120
vt 0.023157 0.149779
vt 0.162979 0.980120
vt 0.040909 0.113569
vt 0.163477 0.980120
vt 0.163413 0.980120
vt 0.164663 0.980120
vt 0.164757 0.980120
vt 0.017575 0.165938
vt 0.162751 0.980120
vt 0.162681 0.980120
vt 0.014468 0.176572
vt 0.162681 0.980120
vt 0.162560 0.980120
vt 0.011593 0.187756
vt 0.162559 0.980120
vt 0.162439 0.980120
vt 0.009596 0.196577
vt 0.162348 0.980120
vt 0.014454 0.176620
vt 0.006542 0.211413
vt 0.162319 0.980120
vt 0.162198 0.980120
vt 0.005145 0.219136
vt 0.162198 0.980120
vt 0.162123 0.980120
vt 0.008967 0.199353
vt 0.162348 0.980120
vt 0.162319 0.980120
vt 0.002118 0.236933
vt 0.162075 0.980120
vt 0.161948 0.980120
vt 0.000000 0.250394
vt 0.161815 0.980120
vt 0.000000 0.980120
vt 0.161948 0.980120
vt 0.161815 0.980120
vt 0.004277 0.223939
vt 0.162075 0.980120
vt 0.019495 0.160001
vt 0.162751 0.980120
vt 0.315862 0.042999
vt 0.169437 0.980120
vt 0.169332 0.980120
vt 0.320643 0.044750
vt 0.324091 0.980120
vt 0.169437 0.980120
vt 0.299731 0.036554
vt 0.168979 0.980120
vt 0.274539 0.025104
vt 0.168570 0.980120
vt 0.168433 0.980120
vt 0.280934 0.028164
vt 0.168642 0.980120
vt 0.168570 0.980120
vt 0.263273 0.019262
vt 0.168432 0.980120
vt 0.168191 0.980120
vt 0.284227 0.029740
vt 0.168979 0.980120
vt 0.168642 0.980120
vt 0.252461 0.013100
vt 0.168191 0.980120
vt 0.167961 0.980120
vt 0.242121 0.006564
vt 0.167886 0.980120
vt 0.167743 0.980120
vt 0.248908 0.010854
vt 0.167961 0.980120
vt 0.210635 0.006245
vt 0.167548 0.980120
vt 0.167112 0.980120
vt 0.202677 0.008763
vt 0.167112 0.980120
vt 0.166955 0.980120
vt 0.169598 0.020026
vt 0.166691 0.980120
vt 0.166292 0.980120
vt 0.166224 0.021383
vt 0.166291 0.980120
vt 0.166224 0.980120
vt 0.169562 0.020039
vt 0.166291 0.980120
vt 0.189431 0.012955
vt 0.166955 0.980120
vt 0.166691 0.980120
vt 0.167548 0.980120
vt 0.232828 0.000000
vt 0.324091 0.980120
vt 0.150997 0.027512
vt 1.000000 0.980120
vt 0.920437 0.980120
vt 1.000000 0.199720
vt 0.918101 0.980120
vt 0.709079 0.980120
vt 0.593119 0.980120
vt 0.466394 0.980120
vt 0.958196 0.180076
vt 0.919718 0.980140
vt 0.972109 0.184405
vt 0.918474 0.980140
vt 0.921078 0.169210
vt 1.000000 0.980140
vt 1.000000 0.193134
vt 0.920418 0.980140
vt 0.995112 0.191561
vt 0.920294 0.980140
vt 0.883727 0.158940
vt 0.819077 0.980140
vt 0.901428 0.163808
vt 0.846114 0.149237
vt 0.818647 0.980140
vt 0.918410 0.980140
vt 0.918410 0.168477
vt 0.819494 0.980140
vt 0.819494 0.980140
vt 0.817391 0.980140
vt 0.830749 0.145520
vt 0.731380 0.123148
vt 0.710516 0.980140
vt 0.758966 0.129036
vt 0.808208 0.140066
vt 0.711668 0.980140
vt 0.816869 0.980140
vt 0.817074 0.142211
vt 0.817073 0.980140
vt 0.769975 0.131386
vt 0.711668 0.980140
vt 0.710771 0.980140
vt 0.652929 0.107744
vt 0.595552 0.980140
vt 0.684541 0.113792
vt 0.612972 0.100414
vt 0.594834 0.980140
vt 0.692380 0.115292
vt 0.708829 0.980140
vt 0.709004 0.980140
vt 0.709386 0.118718
vt 0.709004 0.980140
vt 0.709386 0.980140
vt 0.595552 0.980140
vt 0.708829 0.980140
vt 0.572441 0.093184
vt 0.468902 0.980140
vt 0.593050 0.980140
vt 0.588062 0.095971
vt 0.593050 0.980140
vt 0.593392 0.980140
vt 0.542639 0.087900
vt 0.468902 0.980140
vt 0.593512 0.096943
vt 0.593392 0.980140
vt 0.593512 0.980140
vt 0.512647 0.082581
vt 0.468240 0.980140
vt 0.324424 0.980140
vt 0.338667 0.044929
vt 0.336662 0.044306
vt 0.385729 0.057199
vt 0.325535 0.980140
vt 0.389192 0.058050
vt 0.445339 0.069928
vt 0.326752 0.980140
vt 0.466130 0.980140
vt 0.460768 0.073010
vt 0.466459 0.980140
vt 0.466584 0.074083
vt 0.466459 0.980140
vt 0.466584 0.980140
vt 0.421330 0.065133
vt 0.326752 0.980140
vt 0.326229 0.980140
vt 0.362049 0.051380
vt 0.325461 0.980140
vt 0.324466 0.980140
vt 0.169673 0.020998
vt 0.166696 0.980140
vt 0.189652 0.013888
vt 0.166955 0.980140
vt 0.202677 0.009777
vt 0.169598 0.021028
vt 0.166294 0.980140
vt 0.210976 0.007158
vt 0.167564 0.980140
vt 0.233677 0.000796
vt 0.236715 0.000000
vt 0.167815 0.980140
vt 0.245868 0.006154
vt 0.167624 0.980140
vt 0.167119 0.980140
vt 0.261968 0.015301
vt 0.168316 0.980140
vt 0.269552 0.019221
vt 0.293738 0.029665
vt 0.168977 0.980140
vt 0.300395 0.032310
vt 0.284627 0.026044
vt 0.168834 0.980140
vt 0.283060 0.025377
vt 0.168638 0.980140
vt 0.318286 0.038593
vt 0.169365 0.980140
vt 0.324043 0.980140
vt 0.324164 0.040421
vt 0.324043 0.980140
vt 0.324164 0.980140
vt 0.169365 0.980140
vt 0.168604 0.980140
vt 0.257172 0.012822
vt 0.168155 0.980140
vt 0.168053 0.980140
vt 0.000000 0.251159
vt 0.161948 0.980140
vt 0.002118 0.237712
vt 0.004277 0.224731
vt 0.162123 0.980140
vt 0.005145 0.219934
vt 0.162075 0.980140
vt 0.008967 0.200170
vt 0.162348 0.980140
vt 0.009596 0.197398
vt 0.006542 0.212218
vt 0.162319 0.980140
vt 0.014468 0.177412
vt 0.162559 0.980140
vt 0.162559 0.980141
vt 0.011593 0.188586
vt 0.014454 0.177461
vt 0.162439 0.980140
vt 0.162198 0.980140
vt 0.019495 0.160859
vt 0.162768 0.980140
vt 0.019970 0.159533
vt 0.017575 0.166790
vt 0.162751 0.980140
vt 0.023157 0.150647
vt 0.162979 0.980140
vt 0.026229 0.143110
vt 0.027109 0.140951
vt 0.163139 0.980140
vt 0.031373 0.131718
vt 0.163224 0.980140
vt 0.034230 0.126235
vt 0.163008 0.980140
vt 0.035966 0.122904
vt 0.163413 0.980140
vt 0.040909 0.114474
vt 0.163477 0.980140
vt 0.043252 0.110915
vt 0.163274 0.980140
vt 0.046308 0.106273
vt 0.163710 0.980140
vt 0.052107 0.098416
vt 0.053801 0.096367
vt 0.163710 0.980140
vt 0.163753 0.980140
vt 0.065957 0.082680
vt 0.163869 0.980140
vt 0.164053 0.980140
vt 0.066004 0.082635
vt 0.164053 0.980140
vt 0.164054 0.980140
vt 0.058413 0.090786
vt 0.163753 0.980140
vt 0.080187 0.069830
vt 0.164245 0.980140
vt 0.164387 0.980140
vt 0.092389 0.060450
vt 0.164448 0.980140
vt 0.164663 0.980140
vt 0.096638 0.057535
vt 0.164757 0.980140
vt 0.082841 0.067598
vt 0.164387 0.980140
vt 0.164448 0.980140
vt 0.074067 0.074976
vt 0.164054 0.980140
vt 0.164245 0.980140
vt 0.109379 0.049434
vt 0.165186 0.980140
vt 0.116357 0.045503
vt 0.164790 0.980140
vt 0.165036 0.980140
vt 0.121882 0.042391
vt 0.165596 0.980140
vt 0.135725 0.035406
vt 0.165683 0.980140
vt 0.139924 0.033509
vt 0.166224 0.980140
vt 0.151011 0.028500
vt 0.165913 0.980140
vt 0.165913 0.980140
vt 0.165304 0.980140
vt 0.098121 0.056517
vt 0.163559 0.980140
vt 0.162878 0.980140
vt 0.162681 0.980140
vt 0.000000 0.980140
vt 0.161815 0.980140
vt 0.166292 0.980140
vt 0.166224 0.022384
vt 0.467581 0.980140
vt 0.466584 0.980140
vt 0.593512 0.980140
vt 0.593941 0.980140
vt 0.709386 0.980140
vt 0.709884 0.980140
vt 0.918410 0.980140
vt 1.000000 0.012095
vt 0.999942 0.975387
vt 0.006513 0.975387
vt 0.999442 0.000000
vt 0.999824 0.975387
vt 0.999880 0.975386
vt 0.999880 0.975386
vt 0.999938 0.975386
vt 0.999769 0.975387
vt 0.999824 0.975387
vt 0.999716 0.975387
vt 0.999769 0.975387
vt 0.999442 0.975386
vt 0.999639 0.975387
vt 0.999639 0.975386
vt 0.999668 0.975386
vt 0.999938 0.975387
vt 0.999942 0.975386
vt 0.000231 0.000000
vt 0.000005 0.975158
vt 0.000035 0.975159
vt 0.982780 0.975159
vt 0.000005 0.975159
vt 0.992844 0.975159
vt 0.991580 0.975159
vt 0.999721 0.009585
vt 0.992844 0.975159
vt 0.999721 0.975158
vt 0.999779 0.975159
vt 0.989456 0.975159
vt 0.989456 0.975159
vt 0.986504 0.975159
vt 0.986504 0.975159
vt 0.982780 0.975159
vt 0.000035 0.975159
vt 0.000231 0.975159
vt 0.675528 0.559771
vt 0.677441 0.551792
vt 0.685217 0.523158
vt 0.760382 0.975333
vt 0.492721 0.975333
vt 0.493515 0.975333
vt 0.245105 0.975333
vt 0.634394 0.974762
vt 0.320176 0.974762
vt 0.321870 0.974762
vt 0.325429 0.974762
vt 0.320176 0.974762
vt 0.003070 0.974762
vt 0.006562 0.974762
vt 0.004955 0.974762
vt 0.006784 0.974791
vt 0.504325 0.974088
vt 0.511722 0.974088
vt 0.513103 0.974088
vt 0.512090 0.974088
vt 0.513568 0.974088
vt 0.513529 0.974088
vt 0.516547 0.974088
vt 0.517458 0.974088
vt 0.518331 0.974088
vt 0.516769 0.974088
vt 0.516117 0.974088
vt 0.504938 0.974088
vt 0.001529 0.974088
vt 0.003392 0.974088
vt 0.005873 0.974088
vt 0.009472 0.974088
vt 0.012622 0.974088
vt 0.010120 0.974088
vt 0.007664 0.974088
vt 0.005430 0.974088
vt 0.003392 0.974088
vt 0.002774 0.974088
vt 0.000000 0.000000
vt 0.993216 0.974791
vt 0.518511 0.974088
vt 0.504325 0.974088
vt 0.992896 0.975193
vt 1.000000 0.975116
vt 0.003346 0.974663
vt 0.318879 0.974663
vt 0.318879 0.974663
vt 0.630395 0.974663
vt 0.906063 0.974663
vt 0.904945 0.974663
vt 0.993360 0.974918
vt 0.998315 0.974918
vt 0.000004 0.975085
vt 0.324341 0.980120
vt 0.594093 0.980120
vt 0.710017 0.980120
vt 0.817914 0.980120
vt 0.098121 0.055553
vt 0.163710 0.980120
vt 0.162559 0.980120
vt 0.167743 0.980120
vt 0.817074 0.980120
vt 0.709386 0.980120
vt 0.593512 0.980120
vt 0.466584 0.980120
vt 0.919374 0.980140
vt 0.919374 0.980140
vt 0.920294 0.980140
vt 0.919718 0.980140
vt 0.818647 0.980140
vt 0.817751 0.980140
vt 0.819077 0.980140
vt 0.817751 0.980140
vt 0.709884 0.980140
vt 0.594834 0.980140
vt 0.468240 0.980140
vt 0.467581 0.980140
vt 0.324466 0.980140
vt 0.325461 0.980140
vt 0.324958 0.980140
vt 0.324958 0.980140
vt 0.166696 0.980140
vt 0.166292 0.980140
vt 0.167624 0.980140
vt 0.167564 0.980140
vt 0.168155 0.980140
vt 0.168834 0.980140
vt 0.168638 0.980140
vt 0.168604 0.980140
vt 0.168977 0.980140
vt 0.168316 0.980140
vt 0.168053 0.980140
vt 0.167815 0.980140
vt 0.161815 0.980140
vt 0.162075 0.980140
vt 0.161948 0.980140
vt 0.162319 0.980140
vt 0.162198 0.980140
vt 0.162348 0.980140
vt 0.163008 0.980140
vt 0.162979 0.980140
vt 0.163413 0.980140
vt 0.163224 0.980140
vt 0.165596 0.980140
vt 0.165186 0.980140
vt 0.164757 0.980140
vt 0.163477 0.980140
vt 0.162768 0.980140
vt 0.162560 0.980140
vt 0.705307 0.670041
vt 0.705280 0.670249
vt 0.705279 0.670258
vt 0.705279 0.670262
vt 0.705254 0.670454
vt 0.705229 0.670643
vt 0.705308 0.670034
vt 0.705308 0.670040
vt 0.705362 0.669618
vt 0.705336 0.669821
vt 0.705309 0.670027
vt 0.705202 0.670847
vt 0.705176 0.671047
vt 0.705151 0.671237
vt 0.705127 0.671416
vt 0.705110 0.671542
vt 0.705018 0.672244
vt 0.705017 0.672247
vt 0.705013 0.672280
vt 0.705009 0.672309
vt 0.705007 0.672324
vt 0.705000 0.672372
vt 0.705388 0.669421
vt 0.704999 0.672383
vt 0.704993 0.672425
vt 0.704987 0.672468
vt 0.704985 0.672483
vt 0.704976 0.672542
vt 0.704973 0.672566
vt 0.703379 0.684034
vt 0.703376 0.684060
vt 0.705412 0.669234
vt 0.705538 0.668254
vt 0.705448 0.668956
vt 0.705434 0.669062
vt 0.703373 0.684080
vt 0.705558 0.668094
vt 0.705548 0.668174
vt 0.705547 0.668182
vt 0.703361 0.684162
vt 0.703359 0.684177
vt 0.703352 0.684225
vt 0.706423 0.661008
vt 0.706420 0.661033
vt 0.706429 0.660954
vt 0.706429 0.660957
vt 0.706442 0.660835
vt 0.706435 0.660901
vt 0.707301 0.652893
vt 0.707298 0.652932
vt 0.707304 0.652869
vt 0.707302 0.652890
vt 0.707316 0.652738
vt 0.707310 0.652806
vt 0.707321 0.652680
vt 0.707319 0.652704
vt 0.707316 0.652738
vt 0.703343 0.684285
vt 0.703342 0.684290
vt 0.703339 0.684312
vt 0.707990 0.645334
vt 0.707989 0.645344
vt 0.703335 0.684337
vt 0.703334 0.684345
vt 0.703332 0.684359
vt 0.703330 0.684369
vt 0.707992 0.645303
vt 0.707996 0.645253
vt 0.707995 0.645272
vt 0.707999 0.645212
vt 0.707997 0.645242
vt 0.708003 0.645156
vt 0.708001 0.645184
vt 0.708005 0.645121
vt 0.708004 0.645129
vt 0.708524 0.604816
vt 0.708524 0.637866
vt 0.708378 0.601869
vt 0.708524 0.603801
vt 0.708374 0.601819
vt 0.708376 0.601846
vt 0.707866 0.596356
vt 0.708373 0.601810
vt 0.707862 0.596306
vt 0.707864 0.596333
vt 0.707856 0.596249
vt 0.707860 0.596295
vt 0.707851 0.596193
vt 0.707851 0.596199
vt 0.707103 0.589928
vt 0.703329 0.684380
vt 0.703329 0.684380
vt 0.703327 0.684391
vt 0.703326 0.684402
vt 0.703326 0.684403
vt 0.703324 0.684412
vt 0.707095 0.589855
vt 0.707098 0.589880
vt 0.707102 0.589920
vt 0.703323 0.684422
vt 0.703323 0.684422
vt 0.707087 0.589793
vt 0.707088 0.589795
vt 0.706159 0.583409
vt 0.707082 0.589751
vt 0.706155 0.583373
vt 0.706157 0.583392
vt 0.706134 0.583238
vt 0.706145 0.583307
vt 0.706148 0.583325
vt 0.703321 0.684433
vt 0.703320 0.684441
vt 0.703320 0.684442
vt 0.703318 0.684451
vt 0.703318 0.684456
vt 0.703317 0.684460
vt 0.703316 0.684465
vt 0.703315 0.684472
vt 0.703315 0.684474
vt 0.703314 0.684484
vt 0.706002 0.582409
vt 0.706023 0.582536
vt 0.705943 0.582040
vt 0.705974 0.582231
vt 0.705877 0.581636
vt 0.705910 0.581841
vt 0.705814 0.581256
vt 0.705846 0.581447
vt 0.705778 0.581035
vt 0.705812 0.581243
vt 0.705813 0.581246
vt 0.705707 0.580612
vt 0.705741 0.580815
vt 0.705775 0.581021
vt 0.703313 0.684489
vt 0.705674 0.580415
vt 0.705614 0.580056
vt 0.705643 0.580228
vt 0.705476 0.579248
vt 0.705596 0.579950
vt 0.704486 0.573798
vt 0.704488 0.573808
vt 0.704499 0.573872
vt 0.703312 0.684493
vt 0.703312 0.684497
vt 0.704474 0.573735
vt 0.703126 0.567035
vt 0.704470 0.573715
vt 0.703108 0.566947
vt 0.703119 0.567000
vt 0.703091 0.566866
vt 0.703096 0.566890
vt 0.701495 0.559660
vt 0.701516 0.559755
vt 0.701518 0.559764
vt 0.701485 0.559617
vt 0.699645 0.551951
vt 0.701481 0.559596
vt 0.699633 0.551902
vt 0.699636 0.551915
vt 0.699606 0.551792
vt 0.699616 0.551831
vt 0.697446 0.543387
vt 0.699600 0.551766
vt 0.697423 0.543299
vt 0.697430 0.543324
vt 0.697403 0.543222
vt 0.697414 0.543265
vt 0.697389 0.543170
vt 0.697400 0.543209
vt 0.694819 0.533714
vt 0.694829 0.533752
vt 0.694832 0.533763
vt 0.694809 0.533679
vt 0.694800 0.533645
vt 0.694808 0.533673
vt 0.694790 0.533608
vt 0.694793 0.533620
vt 0.691833 0.523163
vt 0.694788 0.533603
vt 0.691824 0.523132
vt 0.691831 0.523156
vt 0.691816 0.523104
vt 0.691817 0.523109
vt 0.691809 0.523079
vt 0.691814 0.523095
vt 0.691800 0.523049
vt 0.691803 0.523058
vt 0.691805 0.523063
vt 0.701649 0.695876
vt 0.676371 0.695876
vt 0.675399 0.695876
vt 0.673736 0.684497
vt 0.673735 0.684493
vt 0.673735 0.684489
vt 0.673734 0.684484
vt 0.673733 0.684474
vt 0.673733 0.684472
vt 0.673731 0.684465
vt 0.673731 0.684460
vt 0.673730 0.684456
vt 0.691788 0.523006
vt 0.691797 0.523035
vt 0.691780 0.522978
vt 0.691785 0.522995
vt 0.691772 0.522951
vt 0.691765 0.522925
vt 0.691771 0.522946
vt 0.691759 0.522904
vt 0.691761 0.522910
vt 0.691751 0.522876
vt 0.691753 0.522884
vt 0.691743 0.522849
vt 0.691748 0.522866
vt 0.691743 0.522847
vt 0.673729 0.684451
vt 0.691741 0.522841
vt 0.691735 0.522822
vt 0.691736 0.522826
vt 0.691729 0.522800
vt 0.691733 0.522813
vt 0.691723 0.522779
vt 0.691725 0.522787
vt 0.691729 0.522800
vt 0.673728 0.684442
vt 0.673728 0.684441
vt 0.673727 0.684433
vt 0.673725 0.684422
vt 0.691722 0.522776
vt 0.691718 0.522761
vt 0.691719 0.522766
vt 0.691714 0.522747
vt 0.691716 0.522756
vt 0.691708 0.522729
vt 0.691711 0.522738
vt 0.691713 0.522744
vt 0.691706 0.522720
vt 0.691708 0.522727
vt 0.691703 0.522712
vt 0.691704 0.522713
vt 0.691700 0.522699
vt 0.691700 0.522699
vt 0.691702 0.522707
vt 0.691697 0.522691
vt 0.673725 0.684422
vt 0.673724 0.684412
vt 0.673722 0.684403
vt 0.673722 0.684402
vt 0.691692 0.522674
vt 0.691695 0.522682
vt 0.691695 0.522684
vt 0.673720 0.684391
vt 0.673719 0.684380
vt 0.673719 0.684380
vt 0.673717 0.684369
vt 0.691690 0.522666
vt 0.691691 0.522669
vt 0.691688 0.522658
vt 0.673716 0.684360
vt 0.673714 0.684345
vt 0.673713 0.684337
vt 0.673709 0.684312
vt 0.685363 0.522649
vt 0.688524 0.511726
vt 0.691685 0.522649
vt 0.673706 0.684290
vt 0.685360 0.522657
vt 0.685357 0.522669
vt 0.685358 0.522666
vt 0.685352 0.522684
vt 0.685353 0.522682
vt 0.685355 0.522674
vt 0.673705 0.684285
vt 0.673696 0.684225
vt 0.673689 0.684177
vt 0.673687 0.684162
vt 0.673675 0.684080
vt 0.673672 0.684060
vt 0.685351 0.522691
vt 0.673669 0.684034
vt 0.672075 0.672566
vt 0.672072 0.672542
vt 0.672063 0.672483
vt 0.685346 0.522707
vt 0.685348 0.522699
vt 0.685348 0.522699
vt 0.672061 0.672468
vt 0.685345 0.522712
vt 0.685342 0.522720
vt 0.685344 0.522713
vt 0.685339 0.522729
vt 0.685340 0.522727
vt 0.685335 0.522744
vt 0.685337 0.522738
vt 0.685330 0.522761
vt 0.685332 0.522756
vt 0.685334 0.522747
vt 0.672055 0.672425
vt 0.672049 0.672383
vt 0.672048 0.672372
vt 0.672041 0.672324
vt 0.685329 0.522766
vt 0.672039 0.672309
vt 0.672035 0.672280
vt 0.672031 0.672247
vt 0.685323 0.522787
vt 0.685325 0.522779
vt 0.685326 0.522776
vt 0.672030 0.672244
vt 0.671937 0.671542
vt 0.671920 0.671416
vt 0.671897 0.671237
vt 0.671872 0.671047
vt 0.671846 0.670847
vt 0.671819 0.670643
vt 0.671794 0.670454
vt 0.671769 0.670262
vt 0.671769 0.670258
vt 0.671767 0.670249
vt 0.685315 0.522812
vt 0.685319 0.522800
vt 0.685319 0.522799
vt 0.671740 0.670041
vt 0.685307 0.522841
vt 0.685311 0.522826
vt 0.685312 0.522822
vt 0.671740 0.670040
vt 0.671740 0.670039
vt 0.671739 0.670030
vt 0.685300 0.522866
vt 0.685305 0.522849
vt 0.685305 0.522847
vt 0.671739 0.670027
vt 0.671712 0.669821
vt 0.671685 0.669618
vt 0.685295 0.522884
vt 0.685297 0.522876
vt 0.671660 0.669422
vt 0.671636 0.669235
vt 0.671614 0.669062
vt 0.671600 0.668956
vt 0.671510 0.668254
vt 0.671501 0.668187
vt 0.671499 0.668168
vt 0.671492 0.668109
vt 0.671487 0.668069
vt 0.670625 0.661008
vt 0.670621 0.660971
vt 0.670617 0.660939
vt 0.670612 0.660898
vt 0.670604 0.660817
vt 0.685289 0.522904
vt 0.685277 0.522946
vt 0.685283 0.522925
vt 0.685287 0.522910
vt 0.685268 0.522978
vt 0.685275 0.522951
vt 0.685275 0.522951
vt 0.670601 0.660790
vt 0.669746 0.652890
vt 0.669743 0.652861
vt 0.685251 0.523036
vt 0.685259 0.523006
vt 0.685263 0.522995
vt 0.669741 0.652837
vt 0.669739 0.652821
vt 0.669731 0.652735
vt 0.669726 0.652676
vt 0.669059 0.645344
vt 0.669058 0.645336
vt 0.669056 0.645313
vt 0.669049 0.645220
vt 0.669043 0.645119
vt 0.668524 0.637866
vt 0.668524 0.604827
vt 0.668524 0.603801
vt 0.668670 0.601869
vt 0.668673 0.601824
vt 0.668675 0.601810
vt 0.669182 0.596359
vt 0.669188 0.596281
vt 0.669193 0.596239
vt 0.669197 0.596193
vt 0.669944 0.589931
vt 0.669945 0.589928
vt 0.669953 0.589855
vt 0.669957 0.589820
vt 0.669962 0.589783
vt 0.669966 0.589751
vt 0.685250 0.523041
vt 0.685241 0.523070
vt 0.685246 0.523053
vt 0.685236 0.523087
vt 0.685240 0.523076
vt 0.685227 0.523122
vt 0.685230 0.523109
vt 0.685231 0.523107
vt 0.685224 0.523132
vt 0.682258 0.533608
vt 0.682260 0.533599
vt 0.670888 0.583410
vt 0.670893 0.583373
vt 0.670898 0.583340
vt 0.670904 0.583301
vt 0.670913 0.583238
vt 0.671025 0.582536
vt 0.671045 0.582409
vt 0.671074 0.582230
vt 0.671105 0.582040
vt 0.671138 0.581841
vt 0.671171 0.581636
vt 0.671202 0.581447
vt 0.671233 0.581256
vt 0.671235 0.581249
vt 0.671236 0.581243
vt 0.671270 0.581035
vt 0.671272 0.581021
vt 0.671307 0.580815
vt 0.671340 0.580612
vt 0.671373 0.580416
vt 0.671405 0.580228
vt 0.671434 0.580056
vt 0.671452 0.579950
vt 0.671572 0.579248
vt 0.672549 0.573871
vt 0.672550 0.573863
vt 0.672557 0.573824
vt 0.682253 0.533625
vt 0.672561 0.573801
vt 0.672572 0.573740
vt 0.672573 0.573735
vt 0.673919 0.567054
vt 0.682252 0.533628
vt 0.682234 0.533695
vt 0.682243 0.533661
vt 0.682220 0.533747
vt 0.682232 0.533700
vt 0.679647 0.543214
vt 0.679653 0.543192
vt 0.682210 0.533782
vt 0.679645 0.543222
vt 0.679616 0.543334
vt 0.679627 0.543290
vt 0.677444 0.551784
vt 0.677449 0.551761
vt 0.679604 0.543379
vt 0.673924 0.567025
vt 0.673930 0.566996
vt 0.673942 0.566936
vt 0.673947 0.566912
vt 0.673952 0.566890
vt 0.673954 0.566876
vt 0.675541 0.559711
vt 0.675545 0.559693
vt 0.675555 0.559651
vt 0.675562 0.559617
vt 0.675568 0.559591
vt 0.675571 0.559579
vt 0.677408 0.551930
vt 0.677420 0.551882
vt 0.677434 0.551821
s 1
f 1/1/1 558/2/2 559/3/3
s 0
f 3/4/4 560/5/4 561/6/4
f 562/7/5 3/4/5 4/8/5
f 4/8/6 559/3/6 562/7/6
s 1
f 5/9/7 563/10/8 564/11/9
f 5/9/7 564/11/9 565/12/10
f 5/9/7 566/13/11 567/14/12
f 5/9/7 567/15/12 563/16/8
s 0
f 5/9/13 568/17/13 569/18/13
s 1
f 5/9/7 569/19/11 570/20/14
f 5/9/7 570/21/14 566/22/11
f 2/23/15 565/12/10 558/24/2
f 6/25/16 571/26/17 572/27/18
f 8/28/19 572/29/18 573/30/20
f 568/31/21 9/32/22 574/33/23
f 9/32/22 573/34/20 574/33/23
f 10/35/24 575/36/25 576/37/26
f 12/38/27 576/39/26 577/40/28
f 13/41/29 577/42/28 578/43/30
f 14/44/31 579/45/32 7/46/33
f 14/44/31 578/43/30 580/47/34
f 15/48/35 581/49/36 582/50/37
f 17/51/38 582/50/37 583/52/39
f 19/53/40 584/54/41 18/55/42
f 19/53/40 583/56/39 585/57/43
f 18/55/42 586/58/44 11/59/45
f 20/60/46 587/61/47 588/62/48
f 23/63/49 589/64/50 22/65/51
f 23/63/49 588/62/48 590/66/52
f 22/65/51 591/67/53 16/68/54
f 21/69/55 592/70/56 587/71/47
f 16/68/54 591/67/53 581/72/36
f 11/59/45 586/73/44 575/74/25
f 7/46/33 579/45/32 571/75/17
s 0
f 592/76/57 21/77/57 593/78/57
f 593/79/57 24/80/57 594/81/57
s 1
f 594/82/58 24/83/59 595/84/60
f 596/85/61 24/83/59 25/86/62
f 598/87/63 26/88/64 597/89/65
f 27/90/66 597/91/65 26/88/64
f 28/92/67 599/93/68 27/90/66
f 602/94/69 29/95/70 30/96/71
f 32/97/72 603/98/73 31/99/74
f 606/100/75 33/101/76 605/102/77
f 31/99/74 605/103/77 33/101/76
f 29/95/70 604/104/78 32/97/72
f 35/105/79 607/106/80 34/107/81
f 610/108/82 36/109/83 609/110/84
f 37/111/85 609/112/84 36/109/83
f 34/107/81 611/113/86 37/111/85
f 35/105/79 612/114/87 608/115/88
f 30/96/71 610/116/82 602/94/69
f 28/92/67 606/117/75 600/118/89
f 25/86/62 598/119/63 596/120/61
f 613/121/90 39/122/91 614/123/90
f 614/124/90 39/122/91 615/125/92
f 615/126/92 39/122/91 616/127/93
f 618/128/94 39/122/91 617/129/95
f 619/130/95 39/122/91 40/131/96
f 40/131/96 561/132/97 619/133/95
f 620/134/98 39/122/91 618/135/94
f 621/136/99 39/122/91 620/137/98
f 616/138/93 39/122/91 621/139/99
s 0
f 622/140/100 39/122/100 613/141/100
s 1
f 42/142/101 623/143/102 41/144/103
f 44/145/104 625/146/105 43/147/106
f 46/148/107 627/149/108 45/150/109
f 47/151/110 628/152/111 46/148/107
f 48/153/112 629/154/113 47/151/110
f 50/155/114 631/156/115 49/157/116
f 51/158/117 632/159/118 50/155/114
f 45/150/109 633/160/118 51/158/117
f 43/147/106 630/161/119 48/153/112
f 53/162/120 634/163/121 52/164/122
f 54/165/123 635/166/124 53/162/120
f 55/167/125 636/168/126 54/165/123
f 56/169/127 639/170/128 638/171/129
f 58/172/130 639/173/128 57/174/131
f 52/164/122 640/175/132 58/172/130
f 49/157/116 637/176/133 55/167/125
f 60/177/134 641/178/135 59/179/136
f 62/180/137 643/181/138 61/182/139
f 63/183/140 644/184/141 62/180/137
f 65/185/142 646/186/143 64/187/144
f 66/188/145 647/189/146 65/185/142
f 68/190/147 649/191/148 67/192/149
f 649/191/148 69/193/150 67/192/149
f 64/187/144 650/194/151 68/190/147
f 653/195/152 70/196/153 652/197/154
f 654/198/138 70/196/153 71/199/155
f 651/200/156 71/199/155 69/193/150
f 61/182/139 648/201/157 66/188/145
f 59/179/136 645/202/158 63/183/140
f 56/169/127 642/203/159 60/177/134
f 41/144/103 626/204/160 44/145/104
f 655/205/161 42/142/101 72/206/162
f 657/207/163 73/208/164 74/209/165
f 659/210/166 75/211/167 76/212/168
f 78/213/169 660/214/170 77/215/171
f 80/216/172 662/217/173 79/218/174
f 81/219/175 664/220/176 665/221/177
s 0
f 82/222/178 665/223/178 666/224/178
s 1
f 83/225/179 664/226/176 81/219/175
f 79/218/174 667/227/180 83/225/179
f 77/215/171 663/228/181 80/216/172
f 84/229/182 661/230/183 78/213/169
f 75/211/167 668/231/184 84/229/182
f 656/232/185 76/212/168 73/208/164
s 0
f 74/209/186 622/233/186 657/234/186
f 72/206/187 666/235/187 655/236/187
f 670/237/188 85/80/188 669/238/188
f 669/239/188 70/77/188 653/240/188
s 1
f 87/241/189 672/242/190 86/243/191
f 86/243/191 673/244/192 88/245/193
f 675/246/194 674/247/195 87/241/189
f 676/248/196 675/246/194 87/241/189
f 677/249/197 676/250/196 87/241/189
f 679/251/198 678/252/199 87/241/189
f 678/252/199 680/253/190 87/241/189
f 680/253/190 681/254/200 87/241/189
f 681/255/200 677/249/197 87/241/189
f 674/247/195 671/256/195 87/241/189
f 89/225/201 682/257/202 683/258/203
f 90/219/204 684/223/205 682/259/202
f 91/218/206 683/260/203 685/261/207
f 92/215/208 686/262/209 687/263/210
f 93/216/211 685/264/207 686/265/209
f 94/229/212 688/266/213 689/231/214
f 95/213/215 687/267/210 688/268/213
f 96/211/216 689/269/214 690/270/217
f 98/212/218 692/271/219 97/208/220
f 96/211/216 691/272/221 98/212/218
s 0
f 99/209/222 679/273/222 87/274/222
f 97/208/222 693/234/222 99/209/222
s 1
f 85/196/223 695/198/224 100/199/225
f 100/199/225 696/275/226 101/193/227
f 102/187/228 697/276/229 698/277/230
f 103/190/231 699/278/232 697/194/229
f 105/188/233 700/279/234 701/201/235
f 107/182/236 701/280/235 702/281/237
f 108/183/238 703/282/239 704/202/240
f 110/179/241 704/283/240 705/284/242
f 109/180/243 702/281/237 703/285/239
f 106/185/244 698/286/230 700/287/234
f 101/193/227 699/191/232 104/192/245
f 111/169/246 706/288/247 707/171/248
f 112/177/249 705/289/242 706/203/247
f 113/172/250 708/290/251 709/291/252
f 115/164/253 709/292/252 710/163/254
f 116/165/255 711/293/256 712/168/257
f 118/167/258 712/294/257 713/295/259
f 119/157/260 713/176/259 714/296/261
f 117/162/262 710/297/254 711/298/256
f 120/158/263 715/299/264 716/300/265
f 122/150/266 716/301/265 717/302/267
f 121/155/268 714/156/261 715/159/264
f 123/151/269 718/303/270 719/154/257
f 125/153/271 719/304/257 720/161/272
f 126/147/273 720/305/272 721/306/274
f 124/148/275 717/149/267 718/307/270
f 127/144/276 722/308/274 723/309/277
f 128/145/278 721/146/274 722/310/274
f 708/170/251 111/169/246 707/171/248
f 130/142/279 725/236/280 129/206/281
f 130/142/279 723/309/277 724/311/224
f 129/206/281 726/224/282 131/222/283
f 670/312/284 694/197/285 85/196/223
s 0
f 684/313/286 131/222/286 726/235/286
s 1
f 132/314/287 133/315/288 134/316/289
f 135/317/290 136/318/291 137/319/292
f 137/319/292 133/315/288 135/317/290
f 137/319/292 134/316/289 133/315/288
f 138/320/293 139/321/294 132/314/287
f 134/316/289 138/320/293 132/314/287
f 140/322/295 141/323/296 142/324/297
f 143/325/298 142/324/297 144/326/299
f 142/324/297 141/323/296 144/326/299
f 144/326/299 139/321/294 143/325/298
f 145/327/300 140/322/295 146/328/301
f 146/328/301 147/329/302 145/327/300
f 142/324/297 146/328/301 140/322/295
f 148/330/303 145/327/300 149/331/304
f 150/332/305 151/333/306 148/330/303
f 149/331/304 150/332/305 148/330/303
f 152/334/307 153/335/308 154/336/309
f 154/336/309 151/333/306 152/334/307
f 150/332/305 152/334/307 151/333/306
f 155/337/310 156/338/311 157/339/312
f 156/338/311 155/337/310 158/340/313
f 159/341/314 160/342/315 161/343/316
f 159/341/314 158/340/313 160/342/315
f 162/344/317 153/335/308 163/345/318
f 163/345/318 164/346/319 162/344/317
f 165/347/320 161/343/316 162/344/317
f 164/346/319 165/347/320 162/344/317
f 161/343/316 165/347/320 159/341/314
f 158/340/313 159/341/314 156/338/311
f 166/348/321 167/349/322 168/350/323
f 169/351/324 155/337/310 170/352/325
f 170/352/325 171/353/326 169/351/324
f 172/354/327 169/351/324 173/355/328
f 173/355/328 167/349/322 172/354/327
f 167/349/322 174/356/329 175/357/330
f 175/357/330 172/354/327 167/349/322
f 167/349/322 166/348/321 174/356/329
f 171/353/326 173/355/328 169/351/324
f 168/350/323 176/358/331 166/348/321
f 177/359/332 178/360/333 179/361/334
f 179/361/334 180/362/335 177/359/332
f 177/359/332 181/363/336 178/360/333
f 177/359/332 182/364/337 183/365/338
f 182/364/337 177/359/332 184/366/339
f 185/367/340 186/368/341 187/369/342
f 185/367/340 184/366/339 188/370/343
f 188/370/343 186/368/341 185/367/340
f 189/371/344 166/348/321 190/372/345
f 190/372/345 191/373/346 189/371/344
f 192/374/347 193/375/348 194/376/349
f 194/376/349 189/371/344 192/374/347
f 192/374/347 187/369/342 195/377/350
f 195/377/350 196/378/351 192/374/347
f 196/378/351 193/375/348 192/374/347
f 191/373/346 192/374/347 189/371/344
f 187/369/342 192/374/347 185/367/340
f 184/366/339 185/367/340 182/364/337
f 183/365/338 181/363/336 177/359/332
f 197/379/352 198/380/353 199/381/354
f 197/379/352 200/382/355 198/380/353
f 197/379/352 201/383/356 200/382/355
f 197/379/357 202/384/358 203/385/359
s 0
f 197/379/360 204/386/361 202/384/361
f 203/385/362 201/383/363 197/379/363
s 1
f 199/381/354 205/387/364 197/379/352
f 197/379/352 206/388/365 204/386/366
f 197/379/352 177/359/332 207/389/367
f 207/389/367 208/390/368 197/379/352
f 208/390/368 206/388/365 197/379/352
f 209/391/369 210/392/370 211/393/371
f 209/391/369 212/394/372 213/395/373
f 209/391/369 214/396/374 212/394/372
f 213/395/373 215/397/375 209/391/369
f 215/397/375 210/392/370 209/391/369
f 211/393/371 197/379/352 209/391/369
f 216/398/376 217/399/377 218/400/378
f 218/400/378 219/401/379 216/398/376
f 220/402/380 221/403/381 222/404/382
f 223/405/383 224/406/384 225/407/385
f 224/406/384 223/405/383 214/396/374
f 214/396/374 209/391/369 224/406/384
f 221/403/381 220/402/380 226/408/386
f 226/408/386 223/405/383 221/403/381
f 225/407/385 221/403/381 223/405/383
f 217/399/377 227/409/387 228/410/388
f 217/399/377 216/398/376 229/411/389
f 229/411/389 227/409/387 217/399/377
f 228/410/388 220/402/380 217/399/377
f 222/404/382 217/399/377 220/402/380
f 230/412/390 231/413/391 232/414/392
f 232/414/392 233/415/393 230/412/390
f 233/415/393 234/416/394 230/412/390
f 231/413/391 230/412/390 216/398/376
f 216/398/376 235/417/395 231/413/391
f 236/418/396 237/419/397 238/420/398
f 238/420/398 239/421/399 236/418/396
f 236/418/396 240/422/400 241/423/401
f 241/423/401 237/419/397 236/418/396
f 239/421/399 230/412/390 236/418/396
f 234/416/394 236/418/396 230/412/390
f 100/424/225 71/425/155 70/426/153
f 100/424/225 69/427/150 71/425/155
f 70/426/153 85/428/223 100/424/225
f 101/429/227 68/430/147 67/431/149
f 104/432/245 64/433/144 68/430/147
f 68/430/147 101/429/227 104/432/245
f 104/432/245 103/434/231 64/433/144
f 67/431/149 69/427/150 101/429/227
f 65/435/142 106/436/244 105/437/233
f 65/435/142 64/433/144 102/438/228
f 102/438/228 106/436/244 65/435/142
f 107/439/236 61/440/139 66/441/145
f 66/441/145 65/435/142 107/439/236
f 59/442/136 109/443/243 108/444/238
f 109/443/243 62/445/137 61/440/139
f 109/443/243 59/442/136 63/446/140
f 63/446/140 62/445/137 109/443/243
f 61/440/139 107/439/236 109/443/243
f 60/447/134 59/442/136 110/448/241
f 110/448/241 112/449/249 60/447/134
f 111/450/246 56/451/127 60/447/134
f 52/452/122 114/453/402 113/454/250
f 114/453/402 57/455/131 56/451/127
f 114/453/402 52/452/122 58/456/130
f 58/456/130 57/455/131 114/453/402
f 56/451/127 111/450/246 114/453/402
f 49/457/116 116/458/255 118/459/258
f 49/457/116 117/460/262 116/458/255
f 117/460/262 53/461/120 52/452/122
f 117/460/262 49/457/116 55/462/125
f 55/462/125 54/463/123 117/460/262
f 54/463/123 53/461/120 117/460/262
f 52/452/122 115/464/253 117/460/262
f 45/465/109 121/466/268 120/467/263
f 50/468/114 49/457/116 119/469/260
f 121/466/268 45/465/109 51/470/117
f 51/470/117 50/468/114 121/466/268
f 119/469/260 121/466/268 50/468/114
f 46/471/107 45/465/109 122/472/266
f 122/472/266 124/473/275 46/471/107
f 47/474/110 46/471/107 123/475/269
f 123/475/269 125/476/271 47/474/110
f 126/477/273 43/478/106 48/479/112
f 48/479/112 47/474/110 126/477/273
f 125/476/271 126/477/273 47/474/110
f 127/480/276 42/481/101 41/482/103
s 0
f 41/482/403 128/483/403 127/480/403
s 1
f 128/483/278 44/484/104 43/478/106
s 0
f 128/483/403 41/482/403 44/484/403
s 1
f 43/478/106 126/477/273 128/483/278
f 72/485/162 42/481/101 130/486/279
f 129/487/281 82/488/404 72/485/162
f 130/486/279 129/487/281 72/485/162
f 129/487/281 131/489/283 82/488/404
f 90/490/204 81/491/175 82/488/404
f 83/492/179 81/491/175 90/490/204
f 90/490/204 89/493/201 83/492/179
f 79/494/174 83/492/179 91/495/206
f 93/496/211 80/497/172 79/494/174
f 91/495/206 93/496/211 79/494/174
f 92/498/208 77/499/171 80/497/172
f 92/498/208 78/500/169 77/499/171
f 80/497/172 93/496/211 92/498/208
f 84/501/182 78/500/169 95/502/215
f 95/502/215 94/503/212 84/501/182
f 75/504/167 84/501/182 96/505/216
f 98/506/218 76/507/168 75/504/167
f 96/505/216 98/506/218 75/504/167
f 73/508/164 76/507/168 98/506/218
f 98/506/218 97/509/220 73/508/164
f 99/510/405 74/511/165 73/508/164
f 3/512/406 86/513/191 88/514/193
f 86/513/191 3/512/406 40/515/96
f 40/515/96 87/516/189 86/513/191
f 87/516/189 39/517/91 74/511/165
f 87/516/189 40/515/96 39/517/91
f 74/511/165 99/510/405 87/516/189
f 242/518/407 4/519/408 3/512/406
f 2/520/15 243/521/409 240/422/400
f 240/422/400 244/522/410 2/520/15
f 1/523/1 245/524/411 243/521/409
f 2/520/15 1/523/1 243/521/409
f 4/519/408 242/518/407 246/525/412
f 246/525/412 247/526/413 4/519/408
f 247/526/413 245/524/411 4/519/408
f 1/523/1 4/519/408 245/524/411
f 88/514/193 242/518/407 3/512/406
f 97/509/220 99/510/405 73/508/164
f 94/503/212 96/505/216 84/501/182
f 92/498/208 95/502/215 78/500/169
f 89/493/201 91/495/206 83/492/179
f 131/489/283 90/490/204 82/488/404
f 127/480/276 130/486/279 42/481/101
f 124/473/275 123/475/269 46/471/107
f 120/467/263 122/472/266 45/465/109
f 118/459/258 119/469/260 49/457/116
f 113/454/250 115/464/253 52/452/122
f 112/449/249 111/450/246 60/447/134
f 108/444/238 110/448/241 59/442/136
f 105/437/233 107/439/236 65/435/142
f 103/434/231 102/438/228 64/433/144
f 100/424/225 101/429/227 69/427/150
f 236/418/396 244/522/410 240/422/400
f 219/401/379 235/417/395 216/398/376
f 205/387/364 209/391/369 197/379/352
f 180/362/335 207/389/367 177/359/332
f 176/358/331 190/372/345 166/348/321
f 157/339/312 170/352/325 155/337/310
f 152/334/307 163/345/318 153/335/308
f 147/329/302 149/331/304 145/327/300
f 138/320/293 143/325/298 139/321/294
s 0
f 248/527/414 728/528/414 727/529/414
s 1
f 248/527/415 729/530/416 728/531/414
f 248/527/415 731/532/417 730/533/418
f 248/527/415 733/534/419 732/535/420
s 0
f 88/536/417 735/537/417 242/538/417
s 1
f 733/539/419 246/540/412 736/541/421
s 0
f 242/538/422 736/541/422 246/540/422
f 88/536/423 673/542/423 734/543/423
s 1
f 248/527/415 732/544/420 731/532/417
f 248/527/415 730/545/418 729/530/416
f 248/527/415 727/546/424 737/547/425
f 738/548/426 250/549/427 739/550/428
f 739/551/428 251/552/429 740/553/430
f 251/552/429 741/554/431 740/555/430
f 742/556/432 254/557/433 743/558/434
f 255/559/435 745/560/436 744/561/437
f 745/560/436 253/562/438 742/556/432
f 743/563/434 256/564/439 746/565/440
f 746/565/440 257/566/441 747/567/442
f 747/568/442 258/569/443 748/570/444
f 748/571/444 249/572/445 738/573/426
f 749/574/446 260/575/447 750/576/448
f 751/577/449 259/578/450 749/579/446
f 750/580/448 262/581/451 752/582/452
f 263/583/453 754/584/454 753/585/455
f 754/584/454 264/586/456 755/587/457
f 755/587/457 261/588/458 751/589/449
f 756/590/459 266/591/460 757/592/461
f 267/593/462 758/594/463 759/595/464
f 268/596/465 760/597/466 758/594/463
f 760/597/466 265/598/467 756/590/459
s 0
f 269/599/468 759/600/468 761/601/468
s 1
f 757/602/461 270/603/469 762/604/470
f 271/605/471 764/606/472 763/607/473
f 272/608/469 763/607/473 765/609/474
f 764/610/472 273/611/475 766/612/476
f 766/613/476 274/614/477 767/615/478
f 248/245/415 767/616/478 274/614/477
f 270/603/469 765/609/474 762/617/470
f 262/581/451 761/618/479 752/619/452
f 252/620/480 753/585/455 741/554/431
s 0
f 135/80/481 275/274/481 276/245/481
f 276/245/481 136/77/481 135/80/481
f 277/80/482 768/621/482 769/622/482
f 744/623/482 768/624/482 255/77/482
s 1
f 278/625/483 770/626/484 771/627/485
f 280/628/486 771/629/485 772/630/487
f 281/631/488 772/632/487 773/633/489
f 283/634/490 774/635/491 282/274/492
f 283/634/490 773/636/489 775/637/493
f 284/638/494 776/639/495 777/640/496
f 286/641/497 778/642/498 779/643/499
f 780/644/500 288/645/501 289/646/502
f 289/646/502 779/647/499 780/644/500
f 288/645/501 782/648/503 279/649/504
f 287/650/505 777/651/496 778/652/498
f 290/653/506 783/654/507 784/655/508
f 292/656/509 784/655/508 785/657/510
f 293/658/511 786/659/512 787/660/513
f 293/658/511 788/661/514 295/662/515
f 295/662/515 789/663/516 285/664/517
f 294/665/518 785/666/510 786/667/512
f 277/668/519 791/669/520 296/670/521
f 296/670/521 792/671/522 297/672/523
f 297/672/523 793/673/524 291/674/525
f 769/675/526 790/676/527 277/668/519
f 793/673/524 783/677/507 291/674/525
f 789/678/516 776/639/495 285/664/517
f 782/648/503 770/679/484 279/649/504
f 282/680/492 795/681/528 298/682/529
f 298/682/529 796/683/530 299/245/531
f 797/684/532 798/685/533 282/680/492
f 799/686/534 797/687/532 282/680/492
f 800/688/535 799/689/534 282/680/492
f 774/690/491 801/691/536 282/680/492
f 801/691/536 802/692/537 282/680/492
f 802/692/537 803/693/538 282/680/492
f 803/694/538 800/688/535 282/680/492
f 798/685/533 794/695/539 282/680/492
f 249/696/445 297/697/523 291/698/525
f 291/698/525 290/699/506 249/696/445
f 249/696/445 296/700/521 297/697/523
f 296/700/521 253/701/438 255/702/435
f 296/700/521 254/703/433 253/701/438
f 296/700/521 249/696/445 258/704/443
f 258/704/443 257/705/441 296/700/521
f 257/705/441 256/706/439 296/700/521
f 256/706/439 254/703/433 296/700/521
f 255/702/435 277/707/519 296/700/521
f 261/708/458 295/709/515 285/710/517
f 261/708/458 293/711/511 295/709/515
f 261/708/458 294/712/518 293/711/511
f 294/712/518 250/713/427 249/696/445
f 294/712/518 261/708/458 264/714/456
f 264/714/456 263/715/453 294/712/518
f 263/715/453 252/716/480 294/712/518
f 252/716/480 251/717/429 294/712/518
f 251/717/429 250/713/427 294/712/518
f 249/696/445 292/718/509 294/712/518
f 259/719/450 287/720/505 286/721/497
f 287/720/505 259/719/450 261/708/458
f 261/708/458 284/722/494 287/720/505
f 289/723/502 260/724/447 259/719/450
f 286/721/497 289/723/502 259/719/450
f 288/725/501 267/726/462 269/727/540
f 269/727/540 262/728/451 288/725/501
f 262/728/451 260/724/447 288/725/501
f 268/729/465 278/730/483 280/731/486
f 279/732/504 268/729/465 267/726/462
f 267/726/462 288/725/501 279/732/504
f 279/732/504 278/730/483 268/729/465
f 281/733/488 266/734/460 265/735/467
f 281/733/488 270/736/469 266/734/460
f 265/735/467 268/729/465 281/733/488
f 274/737/477 283/738/490 282/739/492
f 281/733/488 271/740/471 272/741/469
f 283/738/490 274/737/477 273/742/475
f 273/742/475 281/733/488 283/738/490
f 273/742/475 271/740/471 281/733/488
f 272/741/469 270/736/469 281/733/488
f 133/743/288 300/744/541 301/745/542
f 301/745/542 135/746/290 133/743/288
f 133/743/288 132/747/287 300/744/541
f 132/747/287 139/748/294 300/744/541
f 139/748/294 144/749/299 300/744/541
f 144/749/299 302/750/543 303/751/544
f 144/749/299 304/752/545 305/753/546
f 144/749/299 306/754/547 307/755/548
f 307/755/548 308/756/549 144/749/299
f 144/749/299 309/757/550 310/758/551
f 310/758/551 306/754/547 144/749/299
f 308/756/549 304/752/545 144/749/299
f 305/753/546 311/759/552 144/749/299
f 311/759/552 312/760/553 144/749/299
f 312/760/553 302/750/543 144/749/299
f 303/751/544 313/761/554 144/749/299
f 313/761/554 300/744/541 144/749/299
f 314/762/555 315/763/556 316/764/557
f 144/749/299 317/765/558 318/766/559
f 319/767/560 145/768/300 148/769/303
f 148/769/303 151/770/306 319/767/560
f 317/765/558 144/749/299 141/771/296
f 140/772/295 320/773/561 317/765/558
f 141/771/296 140/772/295 317/765/558
f 145/768/300 319/767/560 320/773/561
f 140/772/295 145/768/300 320/773/561
f 151/770/306 154/774/309 319/767/560
f 154/774/309 321/775/562 322/776/563
f 322/776/563 323/777/564 154/774/309
f 322/776/563 321/775/562 314/762/555
f 314/762/555 324/778/565 322/776/563
f 323/777/564 319/767/560 154/774/309
f 318/766/559 309/757/550 144/749/299
f 325/779/566 326/780/567 314/762/555
f 326/780/567 315/763/556 314/762/555
f 314/762/555 321/775/562 325/779/566
f 327/781/568 153/782/308 162/783/317
f 162/783/317 161/784/316 327/781/568
f 153/782/308 327/781/568 321/775/562
f 321/775/562 154/774/309 153/782/308
f 160/785/315 328/786/569 329/787/570
f 329/787/570 330/788/571 160/785/315
f 160/785/315 331/789/572 328/786/569
f 328/786/569 331/789/572 332/790/573
f 332/790/573 333/791/574 328/786/569
f 330/788/571 327/781/568 160/785/315
f 161/784/316 160/785/315 327/781/568
f 334/792/575 335/793/576 332/790/573
f 332/790/573 331/789/572 334/792/575
f 336/794/577 155/795/310 169/796/324
f 169/796/324 172/797/327 336/794/577
f 336/794/577 331/789/572 160/785/315
f 336/794/577 337/798/578 331/789/572
f 160/785/315 158/799/313 336/794/577
f 337/798/578 336/794/577 338/800/579
f 338/800/579 339/801/580 337/798/578
f 158/799/313 155/795/310 336/794/577
f 338/800/579 340/802/581 339/801/580
f 341/803/582 166/804/321 189/805/344
f 175/806/330 342/807/583 343/808/584
f 175/806/330 344/809/585 342/807/583
f 175/806/330 174/810/329 341/803/582
f 341/803/582 344/809/585 175/806/330
f 174/810/329 166/804/321 341/803/582
f 343/808/584 336/794/577 175/806/330
f 194/811/349 345/812/586 346/813/587
f 346/813/587 347/814/588 194/811/349
f 194/811/349 193/815/348 348/816/589
f 348/816/589 345/812/586 194/811/349
f 193/815/348 196/817/351 348/816/589
f 196/817/351 195/818/350 348/816/589
f 195/818/350 349/819/590 350/820/591
f 351/821/592 187/822/342 186/823/341
f 195/818/350 187/822/342 351/821/592
f 351/821/592 349/819/590 195/818/350
f 186/823/341 188/824/343 351/821/592
f 350/820/591 352/825/593 195/818/350
f 353/826/594 177/827/332 197/828/352
f 188/824/343 354/829/595 355/830/596
f 188/824/343 356/831/597 354/829/595
f 188/824/343 184/832/339 353/826/594
f 353/826/594 356/831/597 188/824/343
f 184/832/339 177/827/332 353/826/594
f 355/830/596 351/821/592 188/824/343
f 211/833/371 357/834/598 358/835/599
f 211/833/371 210/836/370 359/837/600
f 359/837/600 360/838/601 211/833/371
f 210/836/370 215/839/375 359/837/600
f 215/839/375 213/840/373 359/837/600
f 360/838/601 357/834/598 211/833/371
f 213/840/373 361/841/602 362/842/603
f 213/840/373 363/843/604 361/841/602
f 213/840/373 364/844/605 365/845/606
f 213/840/373 212/846/372 366/847/607
f 366/847/607 367/848/608 213/840/373
f 367/848/608 364/844/605 213/840/373
f 365/845/606 363/843/604 213/840/373
f 212/846/372 214/849/374 366/847/607
f 214/849/374 223/850/383 366/847/607
f 362/842/603 359/837/600 213/840/373
f 223/850/383 226/851/386 366/847/607
f 368/852/609 229/853/389 216/854/376
f 368/852/609 228/855/388 227/856/387
f 227/856/387 229/853/389 368/852/609
f 220/857/380 369/858/610 370/859/611
f 220/857/380 228/855/388 368/852/609
f 368/852/609 369/858/610 220/857/380
f 370/859/611 371/860/612 220/857/380
f 371/860/612 366/847/607 220/857/380
f 230/861/390 239/862/399 372/863/613
f 372/863/613 373/864/614 230/861/390
f 373/864/614 374/865/615 230/861/390
f 374/865/615 368/852/609 230/861/390
f 239/862/399 238/866/398 372/863/613
f 375/867/616 241/868/401 240/869/400
f 237/870/397 376/871/617 377/872/618
f 377/872/618 378/873/619 237/870/397
f 237/870/397 241/868/401 375/867/616
f 375/867/616 376/871/617 237/870/397
f 378/873/619 372/863/613 237/870/397
f 240/869/400 243/874/409 375/867/616
f 245/875/411 274/737/477 298/876/529
f 245/875/411 247/877/413 248/878/415
f 248/878/415 274/737/477 245/875/411
f 298/876/529 299/879/531 245/875/411
f 299/879/531 379/880/620 245/875/411
f 379/880/620 375/867/616 245/875/411
f 247/877/413 246/881/412 248/878/415
f 243/874/409 245/875/411 375/867/616
f 238/866/398 237/870/397 372/863/613
f 216/854/376 230/861/390 368/852/609
f 226/851/386 220/857/380 366/847/607
f 358/835/599 353/826/594 211/833/371
f 197/828/352 211/833/371 353/826/594
f 352/825/593 348/816/589 195/818/350
f 347/814/588 341/803/582 194/811/349
f 189/805/344 194/811/349 341/803/582
f 172/797/327 175/806/330 336/794/577
f 332/790/573 335/793/576 333/791/574
f 316/764/557 324/778/565 314/762/555
f 301/745/542 275/882/621 135/746/290
f 282/739/492 298/876/529 274/737/477
f 280/731/486 281/733/488 268/729/465
f 289/723/502 288/725/501 260/724/447
f 285/710/517 284/722/494 261/708/458
f 290/699/506 292/718/509 249/696/445
f 380/883/622 381/884/623 382/885/624
f 382/885/624 383/886/625 380/883/622
f 384/887/626 380/883/622 383/886/625
f 383/886/625 385/888/627 384/887/626
f 386/889/628 387/890/629 388/891/630
f 388/891/630 387/890/629 384/887/626
f 384/887/626 385/888/627 388/891/630
f 389/892/631 386/889/628 390/893/632
f 390/893/632 391/894/633 389/892/631
f 392/895/634 393/896/635 394/897/636
f 394/897/636 393/896/635 389/892/631
f 389/892/631 391/894/633 394/897/636
f 394/897/636 395/898/637 392/895/634
f 396/899/638 397/900/639 392/895/634
f 398/901/640 399/902/641 400/903/642
f 399/902/641 397/900/639 396/899/638
f 396/899/638 400/903/642 399/902/641
f 400/903/642 401/904/643 398/901/640
f 402/905/644 403/906/645 398/901/640
f 404/907/646 403/906/645 402/905/644
f 405/908/647 404/907/646 406/909/648
f 406/909/648 407/910/649 405/908/647
f 408/911/650 409/912/651 410/913/652
f 411/914/653 408/911/650 412/915/654
f 412/915/654 413/916/655 411/914/653
f 410/913/652 409/912/651 405/908/647
f 405/908/647 407/910/649 410/913/652
f 414/917/656 411/914/653 413/916/655
f 415/918/657 414/917/656 416/919/658
f 417/920/659 415/918/657 418/921/660
f 418/921/660 419/922/661 417/920/659
f 416/919/658 418/921/660 415/918/657
f 420/923/662 421/924/663 422/925/664
f 420/923/662 423/926/665 421/924/663
f 422/925/664 424/927/666 420/923/662
f 424/927/666 422/925/664 417/920/659
f 417/920/659 419/922/661 424/927/666
f 425/928/667 423/926/665 426/929/668
f 427/930/669 428/931/670 429/932/671
f 429/932/671 430/933/672 427/930/669
f 429/932/671 425/928/667 430/933/672
f 427/930/669 431/934/673 428/931/670
f 432/935/674 428/931/670 431/934/673
f 433/936/675 434/937/676 432/935/674
f 432/935/674 435/938/677 433/936/675
f 436/939/678 437/940/679 438/941/680
f 438/941/680 439/942/681 436/939/678
f 440/943/682 441/944/683 437/940/679
f 439/942/681 438/941/680 434/937/676
f 434/937/676 433/936/675 439/942/681
f 442/945/684 443/946/685 444/947/686
f 444/947/686 443/946/685 441/944/683
f 441/944/683 440/943/682 444/947/686
f 445/948/687 446/949/688 442/945/684
f 444/947/686 445/948/687 442/945/684
f 447/950/689 448/951/690 449/952/691
f 450/953/692 451/954/693 447/950/689
f 449/952/691 450/953/692 447/950/689
f 448/951/690 446/949/688 452/955/694
f 452/955/694 449/952/691 448/951/690
f 453/956/695 454/957/696 455/958/697
f 456/959/698 457/960/699 454/957/696
f 454/957/696 453/956/695 456/959/698
f 456/959/698 458/961/700 457/960/699
f 459/962/701 451/954/693 460/963/702
f 460/963/702 453/956/695 459/962/701
f 461/964/703 462/965/704 463/966/705
f 457/960/699 458/961/700 462/965/704
f 462/965/704 461/964/703 464/967/706
f 462/965/704 464/967/706 457/960/699
f 339/968/580 465/969/707 466/970/708
f 467/971/709 468/972/710 461/964/703
f 340/973/581 468/972/710 467/971/709
f 465/969/707 339/968/580 340/973/581
f 467/971/709 465/969/707 340/973/581
f 461/964/703 469/974/711 467/971/709
f 335/975/576 334/976/575 470/977/712
f 470/977/712 334/976/575 331/978/572
f 331/978/572 471/979/713 470/977/712
f 331/978/572 337/980/578 471/979/713
f 472/981/714 471/979/713 337/980/578
f 339/968/580 473/982/715 472/981/714
f 337/980/578 339/968/580 472/981/714
f 474/983/716 475/984/717 333/985/574
f 328/986/569 333/985/574 475/984/717
f 475/984/717 476/987/718 328/986/569
f 327/988/568 330/989/571 477/990/719
f 330/989/571 329/991/570 478/992/720
f 329/991/570 479/993/721 478/992/720
f 478/992/720 477/990/719 330/989/571
f 329/991/570 476/987/718 479/993/721
f 477/990/719 480/994/722 327/988/568
f 481/995/723 482/996/724 326/997/567
f 315/998/556 326/997/567 482/996/724
f 482/996/724 483/999/725 315/998/556
f 481/995/723 325/1000/566 321/1001/562
f 321/1001/562 480/994/722 481/995/723
f 321/1001/562 327/988/568 480/994/722
f 484/1002/726 485/1003/727 316/1004/557
f 315/998/556 483/999/725 484/1002/726
f 324/1005/565 316/1004/557 485/1003/727
f 486/1006/728 322/1007/563 324/1005/565
f 485/1003/727 486/1006/728 324/1005/565
f 487/1008/729 488/1009/730 323/1010/564
f 319/1011/560 323/1010/564 488/1009/730
f 488/1009/730 489/1012/731 319/1011/560
f 322/1007/563 486/1006/728 490/1013/732
f 490/1013/732 487/1008/729 322/1007/563
f 317/1014/558 320/1015/561 491/1016/733
f 320/1015/561 489/1012/731 491/1016/733
f 491/1016/733 492/1017/734 317/1014/558
f 493/1018/735 494/1019/736 310/1020/551
f 306/1021/547 310/1020/551 494/1019/736
f 494/1019/736 495/1022/737 306/1021/547
f 492/1017/734 493/1018/735 309/1023/550
f 309/1023/550 318/1024/559 492/1017/734
f 310/1020/551 309/1023/550 493/1018/735
f 308/1025/549 307/1026/548 496/1027/738
s 0
f 304/1028/739 308/1025/739 497/1029/739
s 1
f 305/1030/546 304/1028/545 498/1031/740
f 498/1031/740 499/1032/741 305/1030/546
f 497/1029/742 498/1031/740 304/1028/545
f 307/1026/548 495/1022/737 496/1027/738
s 0
f 496/1027/743 497/1029/744 308/1025/744
s 1
f 312/1033/553 311/1034/552 500/1035/745
f 311/1034/552 499/1032/741 500/1035/745
f 302/1036/543 312/1033/553 501/1037/746
f 502/1038/747 303/1039/544 302/1036/543
f 501/1037/746 502/1038/747 302/1036/543
f 500/1035/745 501/1037/746 312/1033/553
f 503/1040/748 504/1041/749 313/1042/554
f 303/1039/544 502/1038/747 503/1040/748
f 300/1043/541 313/1042/554 504/1041/749
f 504/1041/749 505/1044/750 300/1043/541
f 313/1042/554 303/1039/544 503/1040/748
f 506/1045/751 301/1046/542 300/1043/541
f 275/1047/621 301/1046/542 507/1048/752
f 301/1046/542 506/1045/751 507/1048/752
f 507/1048/752 276/1049/753 275/1047/621
f 505/1044/750 506/1045/751 300/1043/541
f 311/1034/552 305/1030/546 499/1032/741
f 307/1026/548 306/1021/547 495/1022/737
f 318/1024/559 317/1014/558 492/1017/734
f 320/1015/561 319/1011/560 489/1012/731
f 323/1010/564 322/1007/563 487/1008/729
f 316/1004/557 315/998/556 484/1002/726
f 326/997/567 325/1000/566 481/995/723
f 329/991/570 328/986/569 476/987/718
f 333/985/574 335/975/576 474/983/716
f 470/977/712 474/983/716 335/975/576
f 466/970/708 473/982/715 339/968/580
f 463/966/705 469/974/711 461/964/703
f 455/958/697 459/962/701 453/956/695
f 450/953/692 460/963/702 451/954/693
f 445/948/687 452/955/694 446/949/688
f 436/939/678 440/943/682 437/940/679
f 431/934/673 435/938/677 432/935/674
f 426/929/668 430/933/672 425/928/667
f 420/923/662 426/929/668 423/926/665
f 413/916/655 416/919/658 414/917/656
f 410/913/652 412/915/654 408/911/650
f 402/905/644 406/909/648 404/907/646
f 401/904/643 402/905/644 398/901/640
f 395/898/637 396/899/638 392/895/634
f 388/891/630 390/893/632 386/889/628
f 381/884/623 508/1050/754 382/885/624
f 137/1051/292 507/1052/752 506/1053/751
f 137/1051/292 136/1054/291 276/1055/753
f 276/1055/753 507/1052/752 137/1051/292
f 509/1056/755 489/1057/731 488/1058/730
f 509/1056/755 492/1059/734 491/1060/733
f 509/1056/755 494/1061/736 493/1062/735
f 509/1056/755 495/1063/737 494/1061/736
f 493/1062/735 492/1059/734 509/1056/755
f 509/1056/755 496/1064/738 495/1063/737
f 491/1060/733 489/1057/731 509/1056/755
f 509/1056/755 498/1065/740 497/1066/742
f 497/1066/742 496/1064/738 509/1056/755
f 490/1067/732 146/1068/301 509/1056/755
f 146/1068/301 499/1069/741 498/1065/740
f 146/1068/301 500/1070/745 499/1069/741
f 498/1065/740 509/1056/755 146/1068/301
f 509/1056/755 487/1071/729 490/1067/732
f 146/1068/301 503/1072/748 502/1073/747
f 502/1073/747 501/1074/746 146/1068/301
f 146/1068/301 504/1075/749 503/1072/748
f 501/1074/746 500/1070/745 146/1068/301
f 134/1076/289 137/1051/292 505/1077/750
f 504/1075/749 138/1078/293 134/1076/289
f 504/1075/749 143/1079/298 138/1078/293
f 504/1075/749 146/1068/301 142/1080/297
f 142/1080/297 143/1079/298 504/1075/749
f 505/1077/750 504/1075/749 134/1076/289
f 478/1081/720 510/1082/756 480/1083/722
f 164/1084/319 483/1085/725 510/1082/756
f 510/1082/756 478/1081/720 164/1084/319
f 510/1082/756 483/1085/725 482/1086/724
f 481/1087/723 480/1083/722 510/1082/756
f 482/1086/724 481/1087/723 510/1082/756
f 149/1088/304 486/1089/728 485/1090/727
f 485/1090/727 484/1091/726 149/1088/304
f 147/1092/302 146/1068/301 490/1067/732
f 486/1089/728 149/1088/304 147/1092/302
f 490/1067/732 486/1089/728 147/1092/302
f 150/1093/305 149/1088/304 511/1094/757
f 483/1085/725 164/1084/319 511/1094/757
f 511/1094/757 164/1084/319 163/1095/318
f 163/1095/318 152/1096/307 511/1094/757
f 511/1094/757 149/1088/304 483/1085/725
f 511/1094/757 152/1096/307 150/1093/305
f 484/1091/726 483/1085/725 149/1088/304
f 157/1097/312 470/1098/712 471/1099/713
f 157/1097/312 474/1100/716 470/1098/712
f 157/1097/312 476/1101/718 475/1102/717
f 165/1103/320 164/1084/319 478/1081/720
f 479/1104/721 159/1105/314 165/1103/320
f 479/1104/721 156/1106/311 159/1105/314
f 479/1104/721 157/1097/312 156/1106/311
f 478/1081/720 479/1104/721 165/1103/320
f 479/1104/721 476/1101/718 157/1097/312
f 475/1102/717 474/1100/716 157/1097/312
f 512/1107/758 171/1108/326 170/1109/325
f 472/1110/714 513/1111/759 512/1107/758
f 472/1110/714 473/1112/715 514/1113/760
f 514/1113/760 513/1111/759 472/1110/714
f 512/1107/758 173/1114/328 171/1108/326
f 512/1107/758 168/1115/323 167/1116/322
f 167/1116/322 173/1114/328 512/1107/758
f 170/1109/325 472/1110/714 512/1107/758
f 473/1112/715 466/1117/708 514/1113/760
f 512/1107/758 190/1118/345 176/1119/331
f 190/1118/345 515/1120/761 516/1121/762
f 190/1118/345 512/1107/758 517/1122/763
f 517/1122/763 518/1123/764 190/1118/345
f 518/1123/764 515/1120/761 190/1118/345
f 516/1121/762 191/1124/346 190/1118/345
f 191/1124/346 519/1125/765 520/1126/766
f 520/1126/766 185/1127/340 192/1128/347
f 520/1126/766 183/1129/338 182/1130/337
f 182/1130/337 185/1127/340 520/1126/766
f 191/1124/346 516/1121/762 521/1131/767
f 521/1131/767 519/1125/765 191/1124/346
f 520/1126/766 192/1128/347 191/1124/346
f 183/1129/338 522/1132/768 523/1133/769
f 523/1133/769 178/1134/333 181/1135/336
f 523/1133/769 179/1136/334 178/1134/333
f 183/1129/338 524/1137/770 525/1138/771
f 525/1138/771 522/1132/768 183/1129/338
f 523/1133/769 207/1139/367 180/1140/335
f 207/1139/367 526/1141/772 527/1142/773
f 207/1139/367 523/1133/769 528/1143/774
f 528/1143/774 526/1141/772 207/1139/367
f 527/1142/773 208/1144/368 207/1139/367
f 202/1145/358 529/1146/775 530/1147/776
f 208/1144/368 531/1148/777 529/1146/775
f 529/1146/775 204/1149/366 206/1150/365
f 529/1146/775 202/1145/358 204/1149/366
f 208/1144/368 527/1142/773 531/1148/777
f 529/1146/775 206/1150/365 208/1144/368
f 203/1151/359 532/1152/778 533/1153/779
f 203/1151/359 534/1154/780 532/1152/778
f 533/1153/779 201/1155/356 203/1151/359
f 533/1153/779 199/1156/354 198/1157/353
f 198/1157/353 200/1158/355 533/1153/779
f 205/1159/364 535/1160/781 536/1161/782
f 536/1161/782 537/1162/783 205/1159/364
f 199/1156/354 533/1153/779 535/1160/781
f 535/1160/781 205/1159/364 199/1156/354
f 537/1162/783 538/1163/784 205/1159/364
f 538/1163/784 224/1164/384 209/1165/369
f 538/1163/784 225/1166/385 224/1164/384
f 221/1167/381 539/1168/785 540/1169/786
f 225/1166/385 538/1163/784 539/1168/785
f 539/1168/785 221/1167/381 225/1166/385
f 540/1169/786 541/1170/787 221/1167/381
f 541/1170/787 542/1171/788 221/1167/381
f 217/1172/377 543/1173/789 544/1174/790
f 222/1175/382 542/1171/788 545/1176/791
f 545/1176/791 217/1172/377 222/1175/382
f 545/1176/791 543/1173/789 217/1172/377
f 544/1174/790 546/1177/792 217/1172/377
f 217/1172/377 547/1178/793 548/1179/794
f 217/1172/377 546/1177/792 549/1180/795
f 549/1180/795 547/1178/793 217/1172/377
f 548/1179/794 231/1181/391 235/1182/395
f 235/1182/395 219/1183/379 548/1179/794
f 219/1183/379 218/1184/378 548/1179/794
f 231/1181/391 550/1185/796 551/1186/797
f 231/1181/391 548/1179/794 552/1187/798
f 552/1187/798 553/1188/799 231/1181/391
f 553/1188/799 550/1185/796 231/1181/391
f 551/1186/797 236/1189/396 234/1190/394
f 234/1190/394 233/1191/393 551/1186/797
f 233/1191/393 232/1192/392 551/1186/797
f 9/1193/22 5/1194/7 244/1195/410
f 244/1195/410 236/1189/396 9/1193/22
f 236/1189/396 554/1196/800 555/1197/801
f 555/1197/801 8/1198/19 236/1189/396
f 236/1189/396 556/1199/802 557/1200/803
f 236/1189/396 551/1186/797 556/1199/802
f 557/1200/803 554/1196/800 236/1189/396
f 8/1198/19 9/1193/22 236/1189/396
f 35/1201/79 14/1202/31 7/1203/33
f 35/1201/79 34/1204/81 13/1205/29
f 13/1205/29 14/1202/31 35/1201/79
f 7/1203/33 6/1206/16 35/1201/79
f 8/1198/19 555/1197/801 38/1207/804
f 38/1207/804 35/1201/79 8/1198/19
f 18/1208/42 37/1209/85 36/1210/83
f 36/1210/83 30/1211/71 18/1208/42
f 34/1204/81 37/1209/85 18/1208/42
f 18/1208/42 11/1212/45 34/1204/81
f 11/1212/45 10/1213/24 34/1204/81
f 10/1213/24 12/1214/27 34/1204/81
f 12/1214/27 13/1205/29 34/1204/81
f 22/1215/51 31/1216/74 33/1217/76
f 22/1215/51 32/1218/72 31/1216/74
f 29/1219/70 15/1220/35 17/1221/38
f 17/1221/38 19/1222/40 29/1219/70
f 16/1223/54 29/1219/70 32/1218/72
f 32/1218/72 22/1215/51 16/1223/54
f 16/1223/54 15/1220/35 29/1219/70
f 19/1222/40 18/1208/42 29/1219/70
f 25/1224/62 24/1225/59 21/1226/55
f 20/1227/46 26/1228/64 25/1224/62
f 20/1227/46 27/1229/66 26/1228/64
f 20/1227/46 28/1230/67 27/1229/66
f 21/1226/55 20/1227/46 25/1224/62
f 20/1227/46 23/1231/49 28/1230/67
f 23/1231/49 22/1215/51 28/1230/67
f 33/1217/76 28/1230/67 22/1215/51
f 30/1211/71 29/1219/70 18/1208/42
f 6/1206/16 8/1198/19 35/1201/79
f 5/1194/7 2/1232/15 244/1195/410
f 551/1186/797 232/1192/392 231/1181/391
f 548/1179/794 218/1184/378 217/1172/377
f 222/1175/382 221/1167/381 542/1171/788
f 209/1165/369 205/1159/364 538/1163/784
f 200/1158/355 201/1155/356 533/1153/779
f 203/1151/359 202/1145/358 534/1154/780
f 530/1147/776 534/1154/780 202/1145/358
f 180/1140/335 179/1136/334 523/1133/769
f 523/1133/769 181/1135/336 183/1129/338
f 520/1126/766 524/1137/770 183/1129/338
f 176/1119/331 168/1115/323 512/1107/758
f 170/1109/325 157/1097/312 472/1110/714
f 471/1099/713 472/1110/714 157/1097/312
f 480/1083/722 477/1233/719 478/1081/720
f 488/1058/730 487/1071/729 509/1056/755
f 506/1053/751 505/1077/750 137/1051/292
f 804/1234/805 38/1235/804 805/1236/806
f 805/1237/806 38/1235/804 806/1238/807
f 806/1239/807 38/1235/804 807/1240/808
f 809/1241/809 38/1235/804 808/1242/810
f 810/1243/811 38/1235/804 555/1244/801
f 555/1244/801 811/1245/812 810/1246/811
f 812/1247/813 38/1235/804 809/1248/809
f 813/1249/814 38/1235/804 812/1250/813
f 807/1251/808 38/1235/804 813/1249/814
f 612/1252/87 38/1235/804 804/1253/805
f 353/1254/594 815/1255/815 814/1256/816
f 356/1257/597 814/1258/816 816/1259/817
f 815/1260/815 358/1261/599 817/1262/818
f 354/1263/595 816/1264/817 818/1265/819
f 355/1266/596 818/1267/819 819/1268/820
f 349/1269/590 820/1270/821 821/1271/822
f 351/1272/592 819/1268/820 820/1270/821
f 349/1269/590 822/1273/823 350/1274/591
s 0
f 350/1274/824 823/1275/824 352/1276/824
s 1
f 362/1277/603 824/1278/825 825/1279/826
f 361/1280/602 826/1281/827 824/1282/825
f 360/1283/601 827/1284/828 828/1285/829
f 359/1286/600 825/1279/826 827/1287/828
f 360/1283/601 829/1288/830 357/1289/598
f 367/1290/608 830/1291/831 831/1292/832
f 364/1293/605 831/1294/832 832/1295/833
f 366/1296/607 833/1297/834 830/1298/831
f 365/1299/606 832/1300/833 834/1301/835
f 365/1299/606 835/1302/836 363/1303/604
f 369/1304/610 836/1305/837 837/1306/838
f 370/1307/611 837/1308/838 838/1309/839
f 370/1307/611 839/1310/840 371/1311/612
f 368/1312/609 840/1313/841 836/1314/837
f 378/1315/619 842/1316/842 841/1317/843
f 372/1318/613 841/1317/843 843/1319/844
f 373/1320/614 844/1321/845 374/1322/615
f 373/1320/614 843/1319/844 845/1323/846
f 375/1324/616 846/1325/847 847/1326/848
f 376/1327/617 848/1328/849 377/1329/618
f 376/1327/617 847/1330/848 849/1331/850
f 451/1332/693 850/1333/851 851/1334/852
f 446/1335/688 852/1336/853 853/1337/851
f 448/1338/690 854/1339/854 852/1336/853
f 855/1340/855 442/1341/684 856/1342/856
f 441/1343/683 855/1340/855 857/1344/857
f 442/1341/684 853/1345/851 856/1342/856
f 447/1346/689 851/1334/852 854/1339/854
f 858/1347/858 438/1348/680 859/1349/859
f 859/1350/859 437/1351/679 860/1352/860
f 861/1353/829 432/1354/674 862/1355/861
f 863/1356/862 425/1357/667 864/1358/861
f 864/1359/861 429/1360/671 865/1361/863
f 865/1361/863 428/1362/670 861/1353/829
f 862/1363/861 434/1364/676 858/1347/858
f 417/1365/659 866/1366/861 867/1367/864
f 421/1368/663 866/1366/861 422/1369/664
f 868/1370/865 423/1371/665 863/1372/862
f 411/1373/653 869/1374/866 870/1375/867
f 414/1376/656 871/1377/868 869/1374/866
f 405/1378/647 872/1379/869 873/1380/870
f 409/1381/651 874/1382/871 872/1383/869
f 408/1384/650 870/1375/867 874/1385/871
f 403/1386/645 875/1387/872 876/1388/873
f 404/1389/646 873/1390/870 875/1387/872
f 415/1391/657 867/1392/864 871/1393/868
f 860/1394/860 441/1343/683 857/1395/857
f 399/1396/641 877/1397/874 878/1398/875
f 397/1399/639 878/1400/875 879/1401/876
f 393/1402/635 880/1403/877 881/1404/878
f 389/1405/631 881/1404/878 882/1406/860
f 397/1399/639 880/1403/877 392/1407/634
f 387/1408/629 883/1409/879 884/1410/880
f 384/1411/626 884/1412/880 885/1413/879
f 386/1414/628 882/1415/860 883/1416/879
f 381/1417/623 886/1418/853 887/1419/866
f 508/1420/754 889/1421/881 888/1422/882
f 508/1420/754 887/1423/866 889/1424/881
f 380/1425/622 885/1413/879 886/1426/853
f 398/1427/640 876/1388/873 877/1428/874
f 345/1429/586 890/1430/883 891/1431/884
f 348/1432/589 892/1433/885 890/1434/883
f 346/1435/587 891/1431/884 893/1436/886
f 344/1437/585 894/1438/887 895/1439/888
f 341/1440/582 896/1441/889 894/1442/887
f 342/1443/583 895/1444/888 897/1445/890
f 347/1446/588 893/1447/886 896/1448/889
f 343/1449/584 897/1450/890 898/1451/891
f 338/1452/579 899/1453/892 900/1454/893
f 336/1455/577 898/1456/891 899/1453/892
f 468/1457/710 901/1458/894 902/1459/895
f 461/1460/703 902/1461/895 903/1462/896
s 0
f 457/1463/897 904/1464/897 905/1465/897
s 1
f 455/1466/697 906/1467/898 907/1468/899
f 454/1469/696 905/1470/900 906/1470/898
f 464/1471/706 903/1472/896 904/1473/896
f 338/1452/579 901/1474/894 340/1475/581
s 0
f 352/1276/824 892/1476/824 348/1432/824
f 459/1477/897 907/1468/897 850/1333/897
s 1
f 908/1478/901 846/1479/847 379/1480/620
f 377/1329/618 842/1481/842 378/1315/619
f 374/1322/615 840/1313/841 368/1312/609
f 371/1311/612 833/1482/834 366/1296/607
f 363/1303/604 826/1483/827 361/1280/602
f 357/1289/598 817/1484/818 358/1261/599
f 550/1485/796 909/1486/902 551/1487/797
f 911/1488/903 550/1485/796 553/1489/799
f 913/1490/904 557/1491/803 912/1492/905
f 556/1493/802 912/1492/905 557/1491/803
f 551/1487/797 914/1494/906 556/1493/802
f 547/1495/793 915/1496/907 548/1497/794
f 549/1498/795 916/1499/908 547/1495/793
f 919/1500/909 552/1501/798 918/1502/910
f 548/1497/794 918/1503/910 552/1501/798
f 920/1504/911 549/1498/795 546/1505/792
f 541/1506/787 921/1507/912 542/1508/788
f 543/1509/789 923/1510/913 924/1511/914
f 544/1512/790 924/1511/914 925/1513/915
f 545/1514/791 923/1515/913 543/1509/789
f 542/1508/788 926/1516/916 545/1514/791
f 537/1517/783 927/1518/917 538/1519/784
f 536/1520/782 928/1521/918 537/1517/783
f 539/1522/785 930/1523/919 931/1524/920
f 540/1525/786 931/1526/920 932/1527/921
f 538/1519/784 927/1528/917 930/1529/919
f 532/1530/778 933/1531/922 934/1532/923
f 533/1533/779 934/1534/923 935/1535/924
f 534/1536/780 933/1537/922 532/1530/778
s 0
f 535/1538/925 935/1539/925 937/1540/925
s 1
f 530/1541/776 936/1542/926 534/1536/780
f 940/1543/927 525/1544/771 524/1545/770
f 523/1546/769 941/1547/928 528/1548/774
f 527/1549/773 943/1550/929 944/1551/930
f 531/1552/777 944/1551/930 945/1553/931
f 529/1554/775 945/1555/931 946/1556/932
f 526/1557/772 943/1558/929 527/1549/773
f 528/1548/774 947/1559/933 526/1557/772
f 522/1560/768 942/1561/934 523/1546/769
f 939/1562/935 522/1560/768 525/1544/771
s 0
f 462/1563/936 949/1564/936 463/1565/936
s 1
f 463/1565/705 951/1566/937 469/1567/711
f 458/1568/700 950/1569/938 462/1563/704
f 467/1570/709 953/1571/939 465/1572/707
f 466/1573/708 955/1574/940 514/1575/760
f 465/1572/707 956/1576/941 466/1573/708
f 469/1567/711 954/1577/942 467/1570/709
f 512/1578/758 957/1579/943 517/1580/763
f 516/1581/762 959/1582/944 521/1583/767
f 515/1584/761 960/1585/945 516/1581/762
f 518/1586/764 961/1587/946 515/1584/761
f 519/1588/765 963/1589/947 964/1590/948
s 0
f 520/1591/949 964/1592/949 965/1593/949
s 1
f 521/1583/767 963/1594/947 519/1588/765
f 517/1580/763 962/1595/950 518/1586/764
f 513/1596/759 958/1597/951 512/1578/758
f 514/1575/760 966/1598/941 513/1596/759
f 508/1599/754 967/1600/952 382/1601/624
f 383/1602/625 969/1603/953 385/1604/627
f 382/1601/624 970/1605/954 383/1602/625
f 390/1606/632 971/1607/953 391/1608/633
f 388/1609/630 972/1610/955 390/1606/632
f 396/1611/638 975/1612/956 974/1613/957
f 394/1614/636 975/1612/956 395/1615/637
f 391/1608/633 976/1616/958 394/1614/636
f 385/1604/627 973/1617/959 388/1609/630
f 401/1618/643 977/1619/960 402/1620/644
f 400/1621/642 978/1622/961 401/1618/643
f 406/1623/648 980/1624/962 407/1625/649
f 410/1626/652 982/1627/963 412/1628/654
f 412/1628/654 984/1629/964 413/1630/655
f 407/1625/649 983/1631/965 410/1626/652
f 416/1632/658 985/1633/966 418/1634/660
f 418/1634/660 987/1635/967 419/1636/661
f 413/1630/655 986/1637/968 416/1632/658
f 424/1638/666 988/1639/969 420/1640/662
f 426/1641/668 988/1642/969 990/1643/970
f 427/1644/669 991/1645/953 992/1646/971
f 431/1647/673 992/1648/971 993/1649/972
f 430/1650/672 990/1651/970 991/1645/953
f 433/1652/675 994/1653/973 995/1654/974
f 436/1655/678 996/1656/975 997/1657/953
f 440/1658/682 997/1657/953 998/1659/973
f 439/1660/681 995/1661/974 996/1662/975
f 435/1663/677 993/1664/972 994/1665/973
f 445/1666/687 999/1667/976 452/1668/694
f 445/1666/687 1001/1669/977 1000/1670/978
f 449/1671/691 1002/1672/979 450/1673/692
f 450/1673/692 1004/1674/980 460/1675/702
f 1005/1676/981 453/1677/695 1006/1678/982
f 460/1675/702 1006/1679/982 453/1677/695
f 452/1668/694 1003/1680/983 449/1671/691
f 440/1658/682 1001/1669/977 444/1681/686
f 419/1636/661 989/1682/984 424/1638/666
f 402/1620/644 981/1683/985 406/1623/648
f 396/1611/638 979/1684/986 400/1621/642
f 508/1599/754 888/1685/882 968/1686/987
s 0
f 952/1687/964 456/1688/964 1005/1676/964
f 524/1545/949 965/1593/949 940/1543/949
s 1
f 938/1689/988 529/1554/775 946/1690/932
f 536/1520/782 937/1691/989 929/1692/990
f 541/1506/787 932/1693/921 922/1694/991
f 546/1505/792 925/1513/915 920/1504/911
f 553/1489/799 919/1695/909 911/1488/903
s 0
f 554/1696/992 1007/1697/992 811/1698/992
s 1
f 557/1699/803 1008/1700/993 1009/1701/994
f 557/1699/803 1009/1702/994 1010/1703/995
f 557/1699/803 1011/1704/996 1008/1705/993
f 557/1699/803 1012/1706/997 1011/1707/996
f 557/1699/803 913/1708/904 1013/1709/998
f 557/1699/803 1013/1710/998 1014/1711/999
f 557/1699/803 1014/1711/999 1012/1706/997
f 554/1696/800 1010/1712/995 1007/1713/997
f 379/1714/620 1016/1715/1000 1015/1716/1001
f 379/1714/620 1017/1717/1002 1016/1718/1000
f 379/1714/620 1019/1719/1003 1018/1720/1004
f 299/1721/531 1019/1722/1003 379/1714/620
s 0
f 299/1721/1005 796/1723/1005 1020/1724/1005
s 1
f 379/1714/620 1018/1720/1004 1021/1725/1006
f 379/1714/620 1021/1726/1006 1022/1727/1007
f 379/1714/620 1022/1728/1007 1017/1729/1002
f 379/1714/620 1015/1730/1001 908/1731/901
s 0
f 923/1732/1008 937/1733/1008 963/1734/1008
s 1
f 1/1/1 2/23/15 558/2/2
s 0
f 562/7/1009 560/5/1009 3/4/1009
f 4/8/9 1/1/9 559/3/9
s 1
f 2/23/15 5/9/7 565/12/10
f 6/25/16 7/46/33 571/26/17
f 8/28/19 6/25/16 572/29/18
f 568/31/21 5/245/7 9/32/22
f 9/32/22 8/28/19 573/34/20
f 10/35/24 11/59/45 575/36/25
f 12/38/27 10/35/24 576/39/26
f 13/41/29 12/38/27 577/42/28
f 14/44/31 580/1735/34 579/45/32
f 14/44/31 13/41/29 578/43/30
f 15/48/35 16/68/54 581/49/36
f 17/51/38 15/48/35 582/50/37
f 19/53/40 585/1736/43 584/54/41
f 19/53/40 17/51/38 583/56/39
f 18/55/42 584/1737/41 586/58/44
f 20/60/46 21/69/55 587/61/47
f 23/63/49 590/1738/52 589/64/50
f 23/63/49 20/60/46 588/62/48
f 22/65/51 589/64/50 591/67/53
s 0
f 593/79/57 21/77/57 24/80/57
s 1
f 596/85/61 595/84/60 24/83/59
f 27/90/66 599/1739/68 597/91/65
f 28/92/67 600/118/89 599/93/68
f 602/94/69 601/1740/1010 29/95/70
f 32/97/72 604/1741/78 603/98/73
f 31/99/74 603/1742/73 605/103/77
f 29/95/70 601/1743/1010 604/104/78
f 35/105/79 608/1744/88 607/106/80
f 37/111/85 611/1745/86 609/112/84
f 34/107/81 607/1746/80 611/113/86
f 35/105/79 38/274/804 612/114/87
f 30/96/71 36/109/83 610/116/82
f 28/92/67 33/101/76 606/117/75
f 25/86/62 26/88/64 598/119/63
f 619/130/95 617/1747/95 39/122/91
f 40/131/96 3/274/406 561/132/97
f 42/142/101 624/1748/161 623/143/102
f 44/145/104 626/310/160 625/146/105
f 46/148/107 628/1749/111 627/149/108
f 47/151/110 629/154/113 628/152/111
f 48/153/112 630/161/119 629/154/113
f 50/155/114 632/1750/118 631/156/115
f 51/158/117 633/301/118 632/159/118
f 45/150/109 627/1751/108 633/160/118
f 43/147/106 625/306/105 630/161/119
f 53/162/120 635/293/124 634/163/121
f 54/165/123 636/168/126 635/166/124
f 55/167/125 637/1752/133 636/168/126
f 56/169/127 57/174/131 639/170/128
f 58/172/130 640/175/132 639/173/128
f 52/164/122 634/297/121 640/175/132
f 49/157/116 631/1753/115 637/176/133
f 60/177/134 642/288/159 641/178/135
f 62/180/137 644/1754/141 643/181/138
f 63/183/140 645/283/158 644/184/141
f 65/185/142 647/189/146 646/186/143
f 66/188/145 648/201/157 647/189/146
f 68/190/147 650/276/151 649/191/148
f 649/191/148 651/200/156 69/193/150
f 64/187/144 646/1755/143 650/194/151
f 654/198/138 652/197/154 70/196/153
f 651/200/156 654/1756/138 71/199/155
f 61/182/139 643/1757/138 648/201/157
f 59/179/136 641/1758/135 645/202/158
f 56/169/127 638/171/129 642/203/159
f 41/144/103 623/1759/102 626/204/160
f 655/205/161 624/311/161 42/142/101
f 657/207/163 656/1760/185 73/208/164
f 659/210/166 658/1761/1011 75/211/167
f 78/213/169 661/1762/183 660/214/170
f 80/216/172 663/1763/181 662/217/173
s 0
f 82/222/178 81/219/178 665/223/178
s 1
f 83/225/179 667/1764/180 664/226/176
f 79/218/174 662/1765/173 667/227/180
f 77/215/171 660/1766/170 663/228/181
f 84/229/182 668/1767/184 661/230/183
f 75/211/167 658/1768/1011 668/231/184
f 656/232/185 659/1769/166 76/212/168
s 0
f 74/209/163 39/1770/163 622/233/163
f 72/206/178 82/222/178 666/235/178
f 669/239/188 85/80/188 70/77/188
s 1
f 87/241/189 671/1771/195 672/242/190
f 86/243/191 672/242/190 673/244/192
f 89/225/201 90/219/204 682/257/202
f 91/218/206 89/225/201 683/260/203
f 92/215/208 93/216/211 686/262/209
f 93/216/211 91/218/206 685/264/207
f 94/229/212 95/213/215 688/266/213
f 95/213/215 92/215/208 687/267/210
f 96/211/216 94/229/212 689/269/214
f 98/212/218 691/272/221 692/271/219
f 96/211/216 690/1768/217 691/272/221
s 0
f 99/209/416 693/207/416 679/273/416
f 97/208/222 692/232/222 693/234/222
s 1
f 85/196/223 694/1772/285 695/198/224
f 100/199/225 695/198/224 696/275/226
f 102/187/228 103/190/231 697/276/229
f 103/190/231 104/192/245 699/278/232
f 105/188/233 106/185/244 700/279/234
f 107/182/236 105/188/233 701/280/235
f 108/183/238 109/180/243 703/282/239
f 110/179/241 108/183/238 704/283/240
f 109/180/243 107/182/236 702/281/237
f 106/185/244 102/187/228 698/286/230
f 101/193/227 696/275/226 699/191/232
f 111/169/246 112/177/249 706/288/247
f 112/177/249 110/179/241 705/289/242
f 113/172/250 114/174/402 708/290/251
f 115/164/253 113/172/250 709/292/252
f 116/165/255 117/162/262 711/293/256
f 118/167/258 116/165/255 712/294/257
f 119/157/260 118/167/258 713/176/259
f 117/162/262 115/164/253 710/297/254
f 120/158/263 121/155/268 715/299/264
f 122/150/266 120/158/263 716/301/265
f 121/155/268 119/157/260 714/156/261
f 123/151/269 124/148/275 718/303/270
f 125/153/271 123/151/269 719/304/257
f 126/147/273 125/153/271 720/305/272
f 124/148/275 122/150/266 717/149/267
f 127/144/276 128/145/278 722/308/274
f 128/145/278 126/147/273 721/146/274
f 708/170/251 114/174/402 111/169/246
f 130/142/279 724/1773/224 725/236/280
f 130/142/279 127/144/276 723/309/277
f 129/206/281 725/205/280 726/224/282
s 0
f 684/313/286 90/219/286 131/222/286
f 88/536/1012 734/543/1012 735/537/1012
s 1
f 733/539/419 248/527/415 246/540/412
s 0
f 242/538/200 735/1774/200 736/541/200
s 1
f 738/548/426 249/572/445 250/549/427
f 739/551/428 250/549/427 251/552/429
f 251/552/429 252/620/480 741/554/431
f 742/556/432 253/562/438 254/557/433
f 745/560/436 255/559/435 253/562/438
f 743/563/434 254/557/433 256/564/439
f 746/565/440 256/564/439 257/566/441
f 747/568/442 257/566/441 258/569/443
f 748/571/444 258/569/443 249/572/445
f 749/574/446 259/578/450 260/575/447
f 751/577/449 261/588/458 259/578/450
f 750/580/448 260/575/447 262/581/451
f 754/584/454 263/583/453 264/586/456
f 755/587/457 264/586/456 261/588/458
f 756/590/459 265/598/467 266/591/460
f 267/593/462 268/596/465 758/594/463
f 760/597/466 268/596/465 265/598/467
s 0
f 269/599/1013 267/593/1013 759/600/1013
s 1
f 757/602/461 266/591/460 270/603/469
f 272/608/469 271/605/471 763/607/473
f 764/610/472 271/605/471 273/611/475
f 766/613/476 273/611/475 274/614/477
f 248/245/415 737/1775/425 767/616/478
f 270/603/469 272/608/469 765/609/474
f 262/581/451 269/599/540 761/618/479
f 252/620/480 263/583/453 753/585/455
s 0
f 277/80/482 255/77/482 768/621/482
s 1
f 278/625/483 279/649/504 770/626/484
f 280/628/486 278/625/483 771/629/485
f 281/631/488 280/628/486 772/632/487
f 283/634/490 775/1776/493 774/635/491
f 283/634/490 281/631/488 773/636/489
f 284/638/494 285/664/517 776/639/495
f 286/641/497 287/650/505 778/642/498
f 780/644/500 781/1777/1014 288/645/501
f 289/646/502 286/641/497 779/647/499
f 288/645/501 781/1778/1014 782/648/503
f 287/650/505 284/638/494 777/651/496
f 290/653/506 291/674/525 783/654/507
f 292/656/509 290/653/506 784/655/508
f 293/658/511 294/665/518 786/659/512
f 293/658/511 787/660/513 788/661/514
f 295/662/515 788/1779/514 789/663/516
f 294/665/518 292/656/509 785/666/510
f 277/668/519 790/1780/527 791/669/520
f 296/670/521 791/1781/520 792/671/522
f 297/672/523 792/671/522 793/673/524
f 282/680/492 794/1782/539 795/681/528
f 298/682/529 795/1783/528 796/683/530
f 810/1243/811 808/1784/810 38/1235/804
f 555/1244/801 554/245/800 811/1245/812
f 356/1257/597 353/1254/594 814/1258/816
f 815/1260/815 353/1254/594 358/1261/599
f 354/1263/595 356/1257/597 816/1264/817
f 355/1266/596 354/1263/595 818/1267/819
f 349/1269/590 351/1272/592 820/1270/821
f 351/1272/592 355/1266/596 819/1268/820
f 349/1269/590 821/1271/822 822/1273/823
s 0
f 350/1274/824 822/1785/824 823/1275/824
s 1
f 362/1277/603 361/1280/602 824/1278/825
f 360/1283/601 359/1286/600 827/1284/828
f 359/1286/600 362/1277/603 825/1279/826
f 360/1283/601 828/1285/829 829/1288/830
f 367/1290/608 366/1296/607 830/1291/831
f 364/1293/605 367/1290/608 831/1294/832
f 365/1299/606 364/1293/605 832/1300/833
f 365/1299/606 834/1786/835 835/1302/836
f 369/1304/610 368/1312/609 836/1305/837
f 370/1307/611 369/1304/610 837/1308/838
f 370/1307/611 838/1787/839 839/1310/840
f 372/1318/613 378/1315/619 841/1317/843
f 373/1320/614 845/1788/846 844/1321/845
f 373/1320/614 372/1318/613 843/1319/844
f 375/1324/616 379/1480/620 846/1325/847
f 376/1327/617 849/1331/850 848/1328/849
f 376/1327/617 375/1324/616 847/1330/848
f 451/1332/693 459/1477/701 850/1333/851
f 446/1335/688 448/1338/690 852/1336/853
f 448/1338/690 447/1346/689 854/1339/854
f 855/1340/855 443/1789/685 442/1341/684
f 441/1343/683 443/1789/685 855/1340/855
f 442/1341/684 446/1335/688 853/1345/851
f 447/1346/689 451/1332/693 851/1334/852
f 858/1347/858 434/1364/676 438/1348/680
f 859/1350/859 438/1348/680 437/1351/679
f 861/1353/829 428/1362/670 432/1354/674
f 863/1356/862 423/1371/665 425/1357/667
f 864/1359/861 425/1357/667 429/1360/671
f 865/1361/863 429/1360/671 428/1362/670
f 862/1363/861 432/1354/674 434/1364/676
f 417/1365/659 422/1369/664 866/1366/861
f 421/1368/663 868/1790/865 866/1366/861
f 868/1370/865 421/1368/663 423/1371/665
f 411/1373/653 414/1376/656 869/1374/866
f 414/1376/656 415/1391/657 871/1377/868
f 405/1378/647 409/1381/651 872/1379/869
f 409/1381/651 408/1384/650 874/1382/871
f 408/1384/650 411/1373/653 870/1375/867
f 403/1386/645 404/1389/646 875/1387/872
f 404/1389/646 405/1378/647 873/1390/870
f 415/1391/657 417/1365/659 867/1392/864
f 860/1394/860 437/1351/679 441/1343/683
f 399/1396/641 398/1427/640 877/1397/874
f 397/1399/639 399/1396/641 878/1400/875
f 393/1402/635 392/1407/634 880/1403/877
f 389/1405/631 393/1402/635 881/1404/878
f 397/1399/639 879/1791/876 880/1403/877
f 387/1408/629 386/1414/628 883/1409/879
f 384/1411/626 387/1408/629 884/1412/880
f 386/1414/628 389/1405/631 882/1415/860
f 381/1417/623 380/1425/622 886/1418/853
f 508/1420/754 381/1417/623 887/1423/866
f 380/1425/622 384/1411/626 885/1413/879
f 398/1427/640 403/1386/645 876/1388/873
f 345/1429/586 348/1432/589 890/1430/883
f 346/1435/587 345/1429/586 891/1431/884
f 344/1437/585 341/1440/582 894/1438/887
f 341/1440/582 347/1446/588 896/1441/889
f 342/1443/583 344/1437/585 895/1444/888
f 347/1446/588 346/1435/587 893/1447/886
f 343/1449/584 342/1443/583 897/1450/890
f 338/1452/579 336/1455/577 899/1453/892
f 336/1455/577 343/1449/584 898/1456/891
f 468/1457/710 340/1475/581 901/1458/894
f 461/1460/703 468/1457/710 902/1461/895
s 0
f 457/1463/1015 464/1471/1015 904/1464/1015
s 1
f 455/1466/697 454/1469/696 906/1467/898
f 454/1469/696 457/1463/699 905/1470/900
f 464/1471/706 461/1460/703 903/1472/896
f 338/1452/579 900/1792/893 901/1474/894
s 0
f 352/1276/1016 823/1275/1016 892/1476/1016
f 459/1477/1017 455/1466/1017 907/1468/1017
s 1
f 377/1329/618 848/1328/849 842/1481/842
f 374/1322/615 844/1793/845 840/1313/841
f 371/1311/612 839/1794/840 833/1482/834
f 363/1303/604 835/1795/836 826/1483/827
f 357/1289/598 829/1796/830 817/1484/818
f 550/1485/796 910/1797/1018 909/1486/902
f 911/1488/903 910/1798/1018 550/1485/796
f 556/1493/802 914/1799/906 912/1492/905
f 551/1487/797 909/1800/902 914/1494/906
f 547/1495/793 916/1801/908 915/1496/907
f 549/1498/795 917/1802/1019 916/1499/908
f 548/1497/794 915/1803/907 918/1503/910
f 920/1504/911 917/1804/1019 549/1498/795
f 541/1506/787 922/1805/991 921/1507/912
f 544/1512/790 543/1509/789 924/1511/914
f 545/1514/791 926/1516/916 923/1515/913
f 542/1508/788 921/1507/912 926/1516/916
f 537/1517/783 928/1806/918 927/1518/917
f 536/1520/782 929/1692/990 928/1521/918
f 539/1522/785 538/1519/784 930/1523/919
f 540/1525/786 539/1522/785 931/1526/920
f 533/1533/779 532/1530/778 934/1534/923
f 534/1536/780 936/1807/926 933/1537/922
s 0
f 535/1538/1020 533/1533/1020 935/1539/1020
s 1
f 530/1541/776 938/1808/988 936/1542/926
f 940/1543/927 939/1809/935 525/1544/771
f 523/1546/769 942/1810/934 941/1547/928
f 531/1552/777 527/1549/773 944/1551/930
f 529/1554/775 531/1552/777 945/1555/931
f 526/1557/772 947/1559/933 943/1558/929
f 528/1548/774 941/1547/928 947/1559/933
f 522/1560/768 948/1811/1021 942/1561/934
f 939/1562/935 948/1812/1021 522/1560/768
s 0
f 462/1563/1022 950/1569/1022 949/1564/1022
s 1
f 463/1565/705 949/1813/1023 951/1566/937
f 458/1568/700 952/1814/938 950/1569/938
f 467/1570/709 954/1577/942 953/1571/939
f 466/1573/708 956/1815/941 955/1574/940
f 465/1572/707 953/1816/939 956/1576/941
f 469/1567/711 951/1566/937 954/1577/942
f 512/1578/758 958/1817/951 957/1579/943
f 516/1581/762 960/1818/945 959/1582/944
f 515/1584/761 961/1819/946 960/1585/945
f 518/1586/764 962/1820/950 961/1587/946
s 0
f 520/1591/927 519/1588/927 964/1592/927
s 1
f 521/1583/767 959/1821/944 963/1594/947
f 517/1580/763 957/1822/943 962/1595/950
f 513/1596/759 966/1823/941 958/1597/951
f 514/1575/760 955/1824/940 966/1598/941
f 508/1599/754 968/1825/987 967/1600/952
f 383/1602/625 970/1826/954 969/1603/953
f 382/1601/624 967/1827/952 970/1605/954
f 390/1606/632 972/1828/955 971/1607/953
f 388/1609/630 973/1829/959 972/1610/955
f 396/1611/638 395/1615/637 975/1612/956
f 394/1614/636 976/1616/958 975/1612/956
f 391/1608/633 971/1830/953 976/1616/958
f 385/1604/627 969/1603/953 973/1617/959
f 401/1618/643 978/1622/961 977/1619/960
f 400/1621/642 979/1684/986 978/1622/961
f 406/1623/648 981/1683/985 980/1624/962
f 410/1626/652 983/1831/965 982/1627/963
f 412/1628/654 982/1627/963 984/1629/964
f 407/1625/649 980/1832/962 983/1631/965
f 416/1632/658 986/1637/968 985/1633/966
f 418/1634/660 985/1833/966 987/1635/967
f 413/1630/655 984/1834/964 986/1637/968
f 424/1638/666 989/1682/984 988/1639/969
f 426/1641/668 420/1640/662 988/1642/969
f 427/1644/669 430/1650/672 991/1645/953
f 431/1647/673 427/1644/669 992/1648/971
f 430/1650/672 426/1641/668 990/1651/970
f 433/1652/675 435/1663/677 994/1653/973
f 436/1655/678 439/1660/681 996/1656/975
f 440/1658/682 436/1655/678 997/1657/953
f 439/1660/681 433/1652/675 995/1661/974
f 435/1663/677 431/1647/673 993/1664/972
f 445/1666/687 1000/1670/978 999/1667/976
f 445/1666/687 444/1681/686 1001/1669/977
f 449/1671/691 1003/1680/983 1002/1672/979
f 450/1673/692 1002/1835/979 1004/1674/980
f 1005/1676/981 456/1688/698 453/1677/695
f 460/1675/702 1004/1674/980 1006/1679/982
f 452/1668/694 999/1836/976 1003/1680/983
f 440/1658/682 998/1837/973 1001/1669/977
f 419/1636/661 987/1838/967 989/1682/984
f 402/1620/644 977/1839/960 981/1683/985
f 396/1611/638 974/1840/957 979/1684/986
s 0
f 952/1687/982 458/1568/982 456/1688/982
f 524/1545/927 520/1591/927 965/1593/927
s 1
f 938/1689/988 530/1541/776 529/1554/775
f 536/1520/782 535/1538/781 937/1691/989
f 541/1506/787 540/1525/786 932/1693/921
f 546/1505/792 544/1512/790 925/1513/915
f 553/1489/799 552/1501/798 919/1695/909
f 554/1696/800 557/1699/803 1010/1712/995
f 299/1721/531 1020/1724/1024 1019/1722/1003
s 0
f 734/1841/1025 673/1842/1025 672/1843/1025
f 671/1844/1026 674/1845/1026 675/1846/1026
f 734/1841/1027 672/1843/1027 671/1844/1027
f 736/1847/1028 735/1848/1028 734/1841/1028
f 731/1849/1029 732/1850/1029 733/1851/1029
f 733/1851/1008 736/1847/1008 734/1841/1008
f 734/1841/1030 671/1844/1030 675/1846/1030
f 675/1846/1031 676/1852/1031 677/1853/1031
f 677/1853/1032 681/1854/1032 680/1855/1032
f 680/1855/1008 678/1856/1008 679/1857/1008
f 679/1857/1033 693/1858/1033 692/1859/1033
f 691/1860/1008 690/1861/1008 689/1862/1008
f 679/1857/1008 692/1859/1008 691/1860/1008
f 677/1853/1008 680/1855/1008 679/1857/1008
f 734/1841/1034 675/1846/1034 677/1853/1034
f 730/1863/1035 731/1849/1035 733/1851/1035
f 733/1851/1008 734/1841/1008 677/1853/1008
f 677/1853/1036 679/1857/1036 691/1860/1036
f 691/1860/1037 689/1862/1037 688/1864/1037
f 688/1864/1038 687/1865/1038 686/1866/1038
f 686/1866/1008 685/1867/1008 683/1868/1008
f 682/1869/1039 684/1870/1039 726/1871/1039
f 686/1866/1040 683/1868/1040 682/1869/1040
f 691/1860/1041 688/1864/1041 686/1866/1041
f 733/1851/1008 677/1853/1008 691/1860/1008
f 729/1872/1008 730/1863/1008 733/1851/1008
f 737/1873/1042 727/1874/1042 728/1875/1042
f 728/1875/1043 729/1872/1043 733/1851/1043
f 733/1851/1044 691/1860/1044 686/1866/1044
f 682/1869/1045 726/1871/1045 725/1876/1045
f 733/1851/1046 686/1866/1046 682/1869/1046
f 737/1873/1008 728/1875/1008 733/1851/1008
f 764/1877/1047 766/1878/1047 767/1879/1047
f 767/1879/1048 737/1873/1048 733/1851/1048
f 733/1851/1008 682/1869/1008 725/1876/1008
f 724/1880/1008 723/1881/1008 722/1882/1008
f 733/1851/1049 725/1876/1049 724/1880/1049
f 764/1877/1050 767/1879/1050 733/1851/1050
f 765/1883/1008 763/1884/1008 764/1877/1008
f 757/1885/1008 762/1886/1008 765/1883/1008
f 760/1887/1051 756/1888/1051 757/1885/1051
f 759/1889/1008 758/1890/1008 760/1887/1008
f 752/1891/1008 761/1892/1008 759/1889/1008
f 749/1893/1052 750/1894/1052 752/1891/1052
f 754/1895/1008 755/1896/1008 751/1897/1008
f 751/1897/1008 749/1893/1008 752/1891/1008
f 752/1891/1053 759/1889/1053 760/1887/1053
f 760/1887/1008 757/1885/1008 765/1883/1008
f 765/1883/1008 764/1877/1008 733/1851/1008
f 733/1851/1054 724/1880/1054 722/1882/1054
f 721/1898/1008 720/1899/1008 719/1900/1008
f 733/1851/1055 722/1882/1055 721/1898/1055
f 760/1887/1008 765/1883/1008 733/1851/1008
f 751/1897/1008 752/1891/1008 760/1887/1008
f 741/1901/1008 753/1902/1008 754/1895/1008
f 754/1895/1008 751/1897/1008 760/1887/1008
f 760/1887/1008 733/1851/1008 721/1898/1008
f 721/1898/1056 719/1900/1056 718/1903/1056
f 717/1904/1057 716/1905/1057 715/1906/1057
f 721/1898/1058 718/1903/1058 717/1904/1058
f 754/1895/1008 760/1887/1008 721/1898/1008
f 740/1907/1008 741/1901/1008 754/1895/1008
f 738/1908/1008 739/1909/1008 740/1907/1008
f 747/1910/1059 748/1911/1059 738/1908/1059
f 743/1912/1060 746/1913/1060 747/1910/1060
f 745/1914/1061 742/1915/1061 743/1912/1061
f 768/1916/1008 744/1917/1008 745/1914/1008
f 790/1918/1008 769/1919/1008 768/1916/1008
f 792/1920/1062 791/1921/1062 790/1918/1062
f 783/1922/1063 793/1923/1063 792/1920/1063
f 785/1924/1008 784/1925/1008 783/1922/1008
f 787/1926/1064 786/1927/1064 785/1924/1064
f 789/1928/1008 788/1929/1008 787/1926/1008
f 776/1930/1008 789/1928/1008 787/1926/1008
f 787/1926/1065 785/1924/1065 783/1922/1065
f 783/1922/1046 792/1920/1046 790/1918/1046
f 790/1918/1008 768/1916/1008 745/1914/1008
f 745/1914/1008 743/1912/1008 747/1910/1008
f 747/1910/1066 738/1908/1066 740/1907/1066
f 740/1907/1008 754/1895/1008 721/1898/1008
f 721/1898/1067 717/1904/1067 715/1906/1067
f 715/1906/1068 714/1931/1068 713/1932/1068
f 713/1932/1008 712/1933/1008 711/1934/1008
f 711/1934/1008 710/1935/1008 709/1936/1008
f 713/1932/1008 711/1934/1008 709/1936/1008
f 721/1898/1069 715/1906/1069 713/1932/1069
f 747/1910/1008 740/1907/1008 721/1898/1008
f 790/1918/1008 745/1914/1008 747/1910/1008
f 776/1930/1008 787/1926/1008 783/1922/1008
f 783/1922/1008 790/1918/1008 747/1910/1008
f 747/1910/1055 721/1898/1055 713/1932/1055
f 747/1910/1046 713/1932/1046 709/1936/1046
f 776/1930/1008 783/1922/1008 747/1910/1008
f 779/1937/1008 778/1938/1008 777/1939/1008
f 777/1939/1008 776/1930/1008 747/1910/1008
f 747/1910/1008 709/1936/1008 708/1940/1008
f 747/1910/1070 708/1940/1070 707/1941/1070
f 779/1937/1008 777/1939/1008 747/1910/1008
f 781/1942/1008 780/1943/1008 779/1937/1008
f 770/1944/1071 782/1945/1071 781/1942/1071
f 772/1946/1072 771/1947/1072 770/1944/1072
f 774/1948/1073 775/1949/1073 773/1950/1073
f 773/1950/1051 772/1946/1051 770/1944/1051
f 770/1944/1074 781/1942/1074 779/1937/1074
f 779/1937/1008 747/1910/1008 707/1941/1008
f 706/1951/1075 705/1952/1075 704/1953/1075
f 779/1937/1046 707/1941/1046 706/1951/1046
f 774/1948/1008 773/1950/1008 770/1944/1008
f 770/1944/1008 779/1937/1008 706/1951/1008
f 706/1951/1033 704/1953/1033 703/1954/1033
f 702/1955/1008 701/1956/1008 700/1957/1008
f 770/1944/1055 706/1951/1055 703/1954/1055
f 703/1954/1076 702/1955/1076 700/1957/1076
f 698/1958/1077 697/1959/1077 699/1960/1077
f 703/1954/1008 700/1957/1008 698/1958/1008
f 774/1948/1008 770/1944/1008 703/1954/1008
f 802/1961/1078 801/1962/1078 774/1948/1078
f 800/1963/1008 803/1964/1008 802/1961/1008
f 797/1965/1079 799/1966/1079 800/1963/1079
f 794/1967/1008 798/1968/1008 797/1965/1008
f 1020/1969/1053 796/1970/1053 795/1971/1053
f 794/1967/1008 797/1965/1008 800/1963/1008
f 1020/1969/1066 795/1971/1066 794/1967/1066
f 1021/1972/1041 1018/1973/1041 1019/1974/1041
f 1019/1974/1008 1020/1969/1008 794/1967/1008
f 794/1967/1008 800/1963/1008 802/1961/1008
f 802/1961/1008 774/1948/1008 703/1954/1008
f 698/1958/1008 699/1960/1008 696/1975/1008
f 802/1961/1055 703/1954/1055 698/1958/1055
f 1019/1974/1008 794/1967/1008 802/1961/1008
f 1022/1976/1080 1021/1972/1080 1019/1974/1080
f 1016/1977/1008 1017/1978/1008 1022/1976/1008
f 908/1979/1044 1015/1980/1044 1016/1977/1044
f 849/1981/1081 847/1982/1081 846/1983/1081
f 846/1983/1008 908/1979/1008 1016/1977/1008
f 1016/1977/1008 1022/1976/1008 1019/1974/1008
f 1019/1974/1008 802/1961/1008 698/1958/1008
f 696/1975/1008 695/1984/1008 694/1985/1008
f 1019/1974/1008 698/1958/1008 696/1975/1008
f 846/1983/1008 1016/1977/1008 1019/1974/1008
f 848/1986/1073 849/1981/1073 846/1983/1073
f 841/1987/1008 842/1988/1008 848/1986/1008
f 845/1989/1008 843/1990/1008 841/1987/1008
f 840/1991/1082 844/1992/1082 845/1989/1082
f 838/1993/1050 837/1994/1050 836/1995/1050
f 836/1995/1063 840/1991/1063 845/1989/1063
f 841/1987/1055 848/1986/1055 846/1983/1055
f 836/1995/1008 845/1989/1008 841/1987/1008
f 839/1996/1008 838/1993/1008 836/1995/1008
f 830/1997/1050 833/1998/1050 839/1996/1050
f 832/1999/1008 831/2000/1008 830/1997/1008
f 835/2001/1008 834/2002/1008 832/1999/1008
f 824/2003/1054 826/2004/1054 835/2001/1054
f 827/2005/1079 825/2006/1079 824/2003/1079
f 829/2007/1083 828/2008/1083 827/2005/1083
f 815/2009/1008 817/2010/1008 829/2007/1008
f 818/2011/1084 816/2012/1084 814/2013/1084
f 814/2013/1045 815/2009/1045 829/2007/1045
f 829/2007/1008 827/2005/1008 824/2003/1008
f 824/2003/1055 835/2001/1055 832/1999/1055
f 830/1997/1008 839/1996/1008 836/1995/1008
f 824/2003/1046 832/1999/1046 830/1997/1046
f 814/2013/1008 829/2007/1008 824/2003/1008
f 819/2014/1008 818/2011/1008 814/2013/1008
f 821/2015/57 820/2016/57 819/2014/57
f 823/2017/1008 822/2018/1008 821/2015/1008
f 890/2019/1055 892/2020/1055 823/2017/1055
f 893/2021/1085 891/2022/1085 890/2019/1085
f 894/2023/1008 896/2024/1008 893/2021/1008
f 897/2025/482 895/2026/482 894/2023/482
f 900/2027/1008 899/2028/1008 898/2029/1008
f 898/2029/1008 897/2025/1008 894/2023/1008
f 894/2023/1086 893/2021/1086 890/2019/1086
f 890/2019/1044 823/2017/1044 821/2015/1044
f 821/2015/1008 819/2014/1008 814/2013/1008
f 814/2013/1008 824/2003/1008 830/1997/1008
f 830/1997/1008 836/1995/1008 841/1987/1008
f 841/1987/1008 846/1983/1008 1019/1974/1008
f 1019/1974/1071 696/1975/1071 694/1985/1071
f 694/1985/1008 670/2030/1008 669/2031/1008
f 669/2031/1008 653/2032/1008 652/2033/1008
f 652/2033/1008 654/2034/1008 651/2035/1008
f 651/2035/1087 649/2036/1087 650/2037/1087
f 651/2035/1088 650/2037/1088 646/2038/1088
f 669/2031/1089 652/2033/1089 651/2035/1089
f 1019/1974/1008 694/1985/1008 669/2031/1008
f 830/1997/1008 841/1987/1008 1019/1974/1008
f 821/2015/1008 814/2013/1008 830/1997/1008
f 898/2029/1090 894/2023/1090 890/2019/1090
f 890/2019/1008 821/2015/1008 830/1997/1008
f 830/1997/1008 1019/1974/1008 669/2031/1008
f 669/2031/1008 651/2035/1008 646/2038/1008
f 647/2039/1081 648/2040/1081 643/2041/1081
f 669/2031/1091 646/2038/1091 647/2039/1091
f 890/2019/1008 830/1997/1008 669/2031/1008
f 900/2027/1008 898/2029/1008 890/2019/1008
f 902/2042/1008 901/2043/1008 900/2027/1008
f 904/2044/1092 903/2045/1092 902/2042/1092
f 906/2046/1008 905/2046/1008 904/2044/1008
f 850/2047/1008 907/2048/1008 906/2046/1008
f 854/2049/1082 851/2050/1082 850/2047/1082
f 853/2051/1008 852/2052/1008 854/2049/1008
f 855/2053/1082 856/2054/1082 853/2051/1082
f 857/2055/1008 855/2053/1008 853/2051/1008
f 853/2051/1008 854/2049/1008 850/2047/1008
f 850/2047/1008 906/2046/1008 904/2044/1008
f 904/2044/1093 902/2042/1093 900/2027/1093
f 900/2027/1008 890/2019/1008 669/2031/1008
f 669/2031/1071 647/2039/1071 643/2041/1071
f 669/2031/1044 643/2041/1044 644/2056/1044
f 904/2044/1008 900/2027/1008 669/2031/1008
f 853/2051/1008 850/2047/1008 904/2044/1008
f 860/2057/1008 857/2055/1008 853/2051/1008
f 858/2058/1008 859/2059/1008 860/2057/1008
f 861/2060/1008 862/2061/1008 858/2058/1008
f 863/2062/1008 864/2063/1008 865/2064/1008
f 865/2064/1081 861/2060/1081 858/2058/1081
f 858/2058/1081 860/2057/1081 853/2051/1081
f 853/2051/1008 904/2044/1008 669/2031/1008
f 669/2031/1054 644/2056/1054 645/2065/1054
f 645/2065/1008 641/2066/1008 642/2067/1008
f 645/2065/1008 642/2067/1008 638/2068/1008
f 853/2051/1008 669/2031/1008 645/2065/1008
f 865/2064/1008 858/2058/1008 853/2051/1008
f 868/2069/1008 863/2062/1008 865/2064/1008
f 867/2070/1081 866/2071/1081 868/2069/1081
f 869/2072/1056 871/2073/1056 867/2070/1056
f 872/2074/1008 874/2075/1008 870/2076/1008
f 869/2072/1094 867/2070/1094 868/2069/1094
f 872/2074/1095 870/2076/1095 869/2072/1095
f 875/2077/1096 873/2078/1096 872/2074/1096
f 877/2079/481 876/2080/481 875/2077/481
f 880/2081/1008 879/2082/1008 878/2083/1008
f 877/2079/1008 875/2077/1008 872/2074/1008
f 880/2081/1097 878/2083/1097 877/2079/1097
f 881/2084/482 880/2081/482 877/2079/482
f 877/2079/1008 872/2074/1008 869/2072/1008
f 869/2072/1056 868/2069/1056 865/2064/1056
f 865/2064/1008 853/2051/1008 645/2065/1008
f 865/2064/1008 645/2065/1008 638/2068/1008
f 881/2084/1008 877/2079/1008 869/2072/1008
f 869/2072/1008 865/2064/1008 638/2068/1008
f 869/2072/1098 638/2068/1098 639/2085/1098
f 881/2084/1008 869/2072/1008 639/2085/1008
f 640/2086/1099 634/2087/1099 635/2088/1099
f 881/2084/1091 639/2085/1091 640/2086/1091
f 884/2089/1081 883/2090/1081 882/2091/1081
f 882/2091/1008 881/2084/1008 640/2086/1008
f 640/2086/1008 635/2088/1008 636/2092/1008
f 637/2093/1008 631/2094/1008 632/2095/1008
f 640/2086/1008 636/2092/1008 637/2093/1008
f 884/2089/1074 882/2091/1074 640/2086/1074
f 886/2096/482 885/2097/482 884/2089/482
f 887/2098/1082 886/2096/1082 884/2089/1082
f 884/2089/1008 640/2086/1008 637/2093/1008
f 637/2093/482 632/2095/482 633/2099/482
f 627/2100/1082 628/2101/1082 629/2102/1082
f 637/2093/1087 633/2099/1087 627/2100/1087
f 887/2098/1055 884/2089/1055 637/2093/1055
f 968/2103/1008 888/2104/1008 889/2105/1008
f 889/2105/1074 887/2098/1074 637/2093/1074
f 627/2100/1008 629/2102/1008 630/2106/1008
f 889/2105/1008 637/2093/1008 627/2100/1008
f 967/2107/1008 968/2103/1008 889/2105/1008
f 969/2108/1008 970/2109/1008 967/2107/1008
f 971/2110/1008 972/2111/1008 973/2112/1008
f 973/2112/482 969/2108/482 967/2107/482
f 967/2107/1008 889/2105/1008 627/2100/1008
f 627/2100/1100 630/2106/1100 625/2113/1100
f 625/2113/1101 626/2114/1101 623/2115/1101
f 624/2116/1102 655/2117/1102 666/2118/1102
f 625/2113/1103 623/2115/1103 624/2116/1103
f 967/2107/1008 627/2100/1008 625/2113/1008
f 971/2110/1082 973/2112/1082 967/2107/1082
f 976/2119/1008 971/2110/1008 967/2107/1008
f 967/2107/1008 625/2113/1008 624/2116/1008
f 624/2116/1008 666/2118/1008 665/2120/1008
f 664/2121/1104 667/2122/1104 662/2123/1104
f 624/2116/1008 665/2120/1008 664/2121/1008
f 976/2119/1008 967/2107/1008 624/2116/1008
f 979/2124/1105 974/2125/1105 975/2126/1105
f 975/2126/1044 976/2119/1044 624/2116/1044
f 664/2121/1106 662/2123/1106 663/2127/1106
f 975/2126/1008 624/2116/1008 664/2121/1008
f 978/2128/1107 979/2124/1107 975/2126/1107
f 981/2129/1108 977/2130/1108 978/2128/1108
f 983/2131/1109 980/2132/1109 981/2129/1109
f 984/2133/1008 982/2134/1008 983/2131/1008
f 987/2135/1008 985/2136/1008 986/2137/1008
f 986/2137/482 984/2133/482 983/2131/482
f 983/2131/1008 981/2129/1008 978/2128/1008
f 978/2128/1063 975/2126/1063 664/2121/1063
f 664/2121/1008 663/2127/1008 660/2138/1008
f 661/2139/1110 668/2140/1110 658/2141/1110
f 664/2121/1051 660/2138/1051 661/2139/1051
f 983/2131/1049 978/2128/1049 664/2121/1049
f 989/2142/1082 987/2135/1082 986/2137/1082
f 986/2137/1008 983/2131/1008 664/2121/1008
f 664/2121/1111 661/2139/1111 658/2141/1111
f 659/2143/1008 656/2144/1008 657/2145/1008
f 664/2121/1079 658/2141/1079 659/2143/1079
f 989/2142/1074 986/2137/1074 664/2121/1074
f 991/2146/1112 990/2147/1112 988/2148/1112
f 988/2148/1113 989/2142/1113 664/2121/1113
f 664/2121/1114 659/2143/1114 657/2145/1114
f 657/2145/1008 622/2149/1008 613/2150/1008
f 613/2150/1115 614/2151/1115 615/2152/1115
f 615/2152/1008 616/2153/1008 621/2154/1008
f 621/2154/1116 620/2155/1116 618/2156/1116
f 617/2157/1008 619/2158/1008 561/2159/1008
f 621/2154/1117 618/2156/1117 617/2157/1117
f 613/2150/1008 615/2152/1008 621/2154/1008
f 664/2121/1091 657/2145/1091 613/2150/1091
f 991/2146/1008 988/2148/1008 664/2121/1008
f 994/2160/1118 993/2161/1118 992/2162/1118
f 992/2162/1008 991/2146/1008 664/2121/1008
f 664/2121/1074 613/2150/1074 621/2154/1074
f 617/2157/1008 561/2159/1008 560/2163/1008
f 664/2121/1049 621/2154/1049 617/2157/1049
f 994/2160/1008 992/2162/1008 664/2121/1008
f 997/2164/57 996/2165/57 995/2166/57
f 995/2166/1044 994/2160/1044 664/2121/1044
f 664/2121/1008 617/2157/1008 560/2163/1008
f 560/2163/1099 562/2167/1099 559/2168/1099
f 560/2163/1008 559/2168/1008 558/2169/1008
f 995/2166/1008 664/2121/1008 560/2163/1008
f 997/2164/1008 995/2166/1008 560/2163/1008
f 997/2164/1091 560/2163/1091 558/2169/1091
f 1000/2170/1119 1001/2171/1119 998/2172/1119
f 998/2172/1089 997/2164/1089 558/2169/1089
f 565/2173/1008 564/2174/1008 563/2175/1008
f 998/2172/1120 558/2169/1120 565/2173/1120
f 1003/2176/1008 999/2177/1008 1000/2170/1008
f 1000/2170/1008 998/2172/1008 565/2173/1008
f 565/2173/1121 563/2175/1121 567/2178/1121
f 567/2178/1008 566/2179/1008 570/2180/1008
f 570/2180/1008 569/2181/1008 568/2182/1008
f 568/2182/1053 574/2183/1053 573/2184/1053
f 573/2184/1122 572/2185/1122 571/2186/1122
f 571/2186/1123 579/2187/1123 580/2188/1123
f 578/2189/1008 577/2190/1008 576/2191/1008
f 571/2186/1055 580/2188/1055 578/2189/1055
f 568/2182/1052 573/2184/1052 571/2186/1052
f 567/2178/1008 570/2180/1008 568/2182/1008
f 1000/2170/1008 565/2173/1008 567/2178/1008
f 1002/2192/1008 1003/2176/1008 1000/2170/1008
f 1005/2193/1008 1006/2194/1008 1004/2195/1008
f 1004/2195/1008 1002/2192/1008 1000/2170/1008
f 1000/2170/1008 567/2178/1008 568/2182/1008
f 571/2186/1046 578/2189/1046 576/2191/1046
f 1000/2170/1008 568/2182/1008 571/2186/1008
f 1005/2193/1124 1004/2195/1124 1000/2170/1124
f 949/2196/1125 950/2197/1125 952/2198/1125
f 952/2198/1056 1005/2193/1056 1000/2170/1056
f 1000/2170/1008 571/2186/1008 576/2191/1008
f 575/2199/1089 586/2200/1089 584/2201/1089
f 1000/2170/1055 576/2191/1055 575/2199/1055
f 949/2196/1008 952/2198/1008 1000/2170/1008
f 953/2202/1008 954/2203/1008 951/2204/1008
f 951/2204/1008 949/2196/1008 1000/2170/1008
f 1000/2170/1008 575/2199/1008 584/2201/1008
f 584/2201/1126 585/2205/1126 583/2206/1126
f 583/2206/1050 582/2207/1050 581/2208/1050
f 581/2208/1127 591/2209/1127 589/2210/1127
f 589/2210/1128 590/2211/1128 588/2212/1128
f 587/2213/1008 592/2214/1008 593/2215/1008
f 589/2210/1054 588/2212/1054 587/2213/1054
f 584/2201/1008 583/2206/1008 581/2208/1008
f 581/2208/1046 589/2210/1046 587/2213/1046
f 587/2213/1008 593/2215/1008 594/2216/1008
f 595/2217/1129 596/2218/1129 598/2219/1129
f 587/2213/1008 594/2216/1008 595/2217/1008
f 1000/2170/1008 584/2201/1008 581/2208/1008
f 581/2208/1008 587/2213/1008 595/2217/1008
f 595/2217/1008 598/2219/1008 597/2220/1008
f 597/2220/1008 599/2221/1008 600/2222/1008
f 600/2222/1008 606/2223/1008 605/2224/1008
f 605/2224/1008 603/2225/1008 604/2226/1008
f 601/2227/1008 602/2228/1008 610/2229/1008
f 605/2224/1130 604/2226/1130 601/2227/1130
f 597/2220/1074 600/2222/1074 605/2224/1074
f 581/2208/1008 595/2217/1008 597/2220/1008
f 951/2204/1008 1000/2170/1008 581/2208/1008
f 956/2230/1008 953/2202/1008 951/2204/1008
f 966/2231/1097 955/2232/1097 956/2230/1097
f 957/2233/1056 958/2234/1056 966/2231/1056
f 960/2235/57 961/2236/57 962/2237/57
f 962/2237/1094 957/2233/1094 966/2231/1094
f 966/2231/1131 956/2230/1131 951/2204/1131
f 951/2204/1008 581/2208/1008 597/2220/1008
f 605/2224/1089 601/2227/1089 610/2229/1089
f 951/2204/1008 597/2220/1008 605/2224/1008
f 962/2237/1008 966/2231/1008 951/2204/1008
f 959/2238/1109 960/2235/1109 962/2237/1109
f 965/2239/1008 964/2240/1008 963/1734/1008
f 963/1734/1008 959/2238/1008 962/2237/1008
f 962/2237/1055 951/2204/1055 605/2224/1055
f 605/2224/1008 610/2229/1008 609/2241/1008
f 609/2241/1008 611/2242/1008 607/2243/1008
f 607/2243/1052 608/2244/1052 612/2245/1052
f 612/2245/1132 804/2246/1132 805/2247/1132
f 805/2247/1008 806/2248/1008 807/2249/1008
f 807/2249/1133 813/2250/1133 812/2251/1133
f 812/2251/1134 809/2252/1134 808/2253/1134
f 808/2253/1008 810/2254/1008 811/2255/1008
f 811/2255/1135 1007/2256/1135 1010/2257/1135
f 1010/2257/1008 1009/2258/1008 1008/2259/1008
f 1008/2259/1136 1011/2260/1136 1012/2261/1136
f 1014/2262/1008 1013/2263/1008 913/2264/1008
f 1008/2259/1103 1012/2261/1103 1014/2262/1103
f 811/2255/1137 1010/2257/1137 1008/2259/1137
f 807/2249/1008 812/2251/1008 808/2253/1008
f 808/2253/1008 811/2255/1008 1008/2259/1008
f 1008/2259/1113 1014/2262/1113 913/2264/1113
f 912/2265/1138 914/2266/1138 909/2267/1138
f 1008/2259/1008 913/2264/1008 912/2265/1008
f 807/2249/1008 808/2253/1008 1008/2259/1008
f 612/2245/1008 805/2247/1008 807/2249/1008
f 609/2241/1120 607/2243/1120 612/2245/1120
f 962/2237/1008 605/2224/1008 609/2241/1008
f 940/2268/1139 965/2239/1139 963/1734/1139
f 963/1734/1008 962/2237/1008 609/2241/1008
f 609/2241/1008 612/2245/1008 807/2249/1008
f 807/2249/1008 1008/2259/1008 912/2265/1008
f 912/2265/1140 909/2267/1140 910/2269/1140
f 910/2269/1039 911/2270/1039 919/2271/1039
f 910/2269/1008 919/2271/1008 918/2272/1008
f 807/2249/1123 912/2265/1123 910/2269/1123
f 963/1734/1008 609/2241/1008 807/2249/1008
f 939/2273/1141 940/2268/1141 963/1734/1141
f 942/2274/1142 948/2275/1142 939/2273/1142
f 947/2276/1143 941/2277/1143 942/2274/1143
f 945/2278/1008 944/2279/1008 943/2280/1008
f 943/2280/1008 947/2276/1008 942/2274/1008
f 942/2274/1144 939/2273/1144 963/1734/1144
f 963/1734/1008 807/2249/1008 910/2269/1008
f 963/1734/1008 910/2269/1008 918/2272/1008
f 943/2280/1008 942/2274/1008 963/1734/1008
f 946/2281/1008 945/2278/1008 943/2280/1008
f 936/2282/1008 938/2283/1008 946/2281/1008
f 935/2284/1145 934/2285/1145 933/2286/1145
f 933/2286/1008 936/2282/1008 946/2281/1008
f 946/2281/1008 943/2280/1008 963/1734/1008
f 963/1734/1008 918/2272/1008 915/2287/1008
f 915/2287/1146 916/2288/1146 917/2289/1146
f 917/2289/482 920/2290/482 925/2291/482
f 925/2291/1147 924/2292/1147 923/1732/1147
f 923/1732/1008 926/2293/1008 921/2294/1008
f 921/2294/1103 922/2295/1103 932/2296/1103
f 932/2296/1008 931/2297/1008 930/2298/1008
f 927/2299/1039 928/2300/1039 929/2301/1039
f 932/2296/1132 930/2298/1132 927/2299/1132
f 923/1732/1148 921/2294/1148 932/2296/1148
f 917/2289/1008 925/2291/1008 923/1732/1008
f 963/1734/1055 915/2287/1055 917/2289/1055
f 933/2286/1008 946/2281/1008 963/1734/1008
f 937/1733/1008 935/2284/1008 933/2286/1008
f 927/2299/1149 929/2301/1149 937/1733/1149
f 923/1732/1008 932/2296/1008 927/2299/1008
f 963/1734/1008 917/2289/1008 923/1732/1008
f 937/1733/1008 933/2286/1008 963/1734/1008
f 923/1732/1052 927/2299/1052 937/1733/1052
