# Blender 5.0.1
# www.blender.org
o Part_1.003
v -0.756703 -0.737370 -0.028135
v -0.756708 -0.737293 -0.028135
v -0.756717 -0.737150 -0.028135
v -0.756503 -0.740486 -0.028135
v -0.756305 -0.743566 -0.028135
v -0.756091 -0.746894 -0.028135
v -0.755881 -0.750149 -0.028135
v -0.755358 -0.758221 -0.028135
v -0.754614 -0.769650 -0.028135
v -0.755492 -0.756157 -0.028135
v -0.755681 -0.753248 -0.028135
v -0.489972 -0.758221 -0.028135
v -0.489838 -0.756157 -0.028135
v -0.489650 -0.753248 -0.028135
v -0.489450 -0.750149 -0.028135
v -0.488628 -0.737370 -0.028135
v -0.488828 -0.740486 -0.028135
v -0.488623 -0.737293 -0.028135
v -0.488614 -0.737150 -0.028135
v -0.489025 -0.743566 -0.028135
v -0.489240 -0.746894 -0.028135
v -0.490716 -0.769650 -0.028135
v -0.754257 -0.774905 -0.028135
v -0.754285 -0.774509 -0.028135
v -0.741508 -0.961728 -0.028135
v -0.754351 -0.773546 -0.028135
v -0.754369 -0.773297 -0.028135
v -0.754417 -0.772601 -0.028135
v -0.754464 -0.771911 -0.028135
v -0.754475 -0.771741 -0.028135
v -0.754528 -0.770956 -0.028135
v -0.754544 -0.770718 -0.028135
v -0.754576 -0.770239 -0.028135
v -0.754611 -0.769699 -0.028135
v -0.740968 -0.969271 -0.028135
v -0.740973 -0.969202 -0.028135
v -0.740978 -0.969132 -0.028135
v -0.740995 -0.968896 -0.028135
v -0.740997 -0.968866 -0.028135
v -0.740984 -0.969048 -0.028135
v -0.741006 -0.968744 -0.028135
v -0.741012 -0.968659 -0.028135
v -0.741016 -0.968601 -0.028135
v -0.741022 -0.968515 -0.028135
v -0.741033 -0.968369 -0.028135
v -0.741034 -0.968350 -0.028135
v -0.741043 -0.968221 -0.028135
v -0.741055 -0.968052 -0.028135
v -0.741056 -0.968045 -0.028135
v -0.741068 -0.967880 -0.028135
v -0.741078 -0.967736 -0.028135
v -0.741080 -0.967713 -0.028135
v -0.741092 -0.967543 -0.028135
v -0.741105 -0.967368 -0.028135
v -0.741106 -0.967353 -0.028135
v -0.741118 -0.967189 -0.028135
v -0.741129 -0.967027 -0.028135
v -0.741146 -0.966799 -0.028135
v -0.741156 -0.966657 -0.028135
v -0.741186 -0.966245 -0.028135
v -0.741211 -0.965902 -0.028135
v -0.741217 -0.965814 -0.028135
v -0.741287 -0.964843 -0.028135
v -0.741344 -0.964046 -0.028135
v -0.741361 -0.963810 -0.028135
v -0.741456 -0.962466 -0.028135
v -0.741479 -0.962144 -0.028135
v -0.727665 -1.154650 -0.028135
v -0.525440 -1.154650 -0.028135
v -0.517665 -1.154650 -0.028135
v -0.503987 -0.964046 -0.028135
v -0.503970 -0.963810 -0.028135
v -0.504114 -0.965814 -0.028135
v -0.504044 -0.964843 -0.028135
v -0.504185 -0.966799 -0.028135
v -0.504174 -0.966657 -0.028135
v -0.504145 -0.966245 -0.028135
v -0.504120 -0.965902 -0.028135
v -0.504225 -0.967353 -0.028135
v -0.504213 -0.967189 -0.028135
v -0.504201 -0.967027 -0.028135
v -0.504252 -0.967736 -0.028135
v -0.504251 -0.967713 -0.028135
v -0.504238 -0.967543 -0.028135
v -0.504226 -0.967368 -0.028135
v -0.504275 -0.968052 -0.028135
v -0.504275 -0.968045 -0.028135
v -0.504263 -0.967880 -0.028135
v -0.504297 -0.968350 -0.028135
v -0.504287 -0.968221 -0.028135
v -0.504315 -0.968601 -0.028135
v -0.504309 -0.968515 -0.028135
v -0.504298 -0.968369 -0.028135
v -0.504334 -0.968866 -0.028135
v -0.504325 -0.968744 -0.028135
v -0.504319 -0.968659 -0.028135
v -0.504347 -0.969048 -0.028135
v -0.504336 -0.968896 -0.028135
v -0.504353 -0.969132 -0.028135
v -0.504363 -0.969271 -0.028135
v -0.504358 -0.969202 -0.028135
v -0.503874 -0.962466 -0.028135
v -0.490755 -0.770239 -0.028135
v -0.490719 -0.769699 -0.028135
v -0.490802 -0.770956 -0.028135
v -0.490787 -0.770718 -0.028135
v -0.490914 -0.772601 -0.028135
v -0.490867 -0.771911 -0.028135
v -0.490979 -0.773546 -0.028135
v -0.490962 -0.773297 -0.028135
v -0.491074 -0.774905 -0.028135
v -0.503822 -0.961728 -0.028135
v -0.503852 -0.962144 -0.028135
v -0.491046 -0.774509 -0.028135
v -0.490855 -0.771741 -0.028135
v -0.488386 -0.733589 -0.028135
v -0.488395 -0.733736 -0.028135
v -0.488397 -0.733769 -0.028135
v -0.488396 -0.733747 -0.028135
v -0.487958 -0.726875 -0.028135
v -0.488168 -0.730182 -0.028135
v -0.488383 -0.733544 -0.028135
v -0.487561 -0.720625 -0.028135
v -0.487754 -0.723674 -0.028135
v -0.486553 -0.704650 -0.028135
v -0.487274 -0.716094 -0.028135
v -0.487383 -0.717817 -0.028135
v -0.486372 -0.701632 -0.028135
v -0.486411 -0.702302 -0.028135
v -0.486467 -0.703243 -0.028135
v -0.486486 -0.703560 -0.028135
v -0.479284 -0.583055 -0.028135
v -0.479306 -0.583513 -0.028135
v -0.479374 -0.584821 -0.028135
v -0.479410 -0.585479 -0.028135
v -0.479473 -0.586604 -0.028135
v -0.479439 -0.586009 -0.028135
v -0.472286 -0.450875 -0.028135
v -0.472325 -0.451825 -0.028135
v -0.472387 -0.453227 -0.028135
v -0.472418 -0.453878 -0.028135
v -0.472400 -0.453500 -0.028135
v -0.472441 -0.454357 -0.028135
v -0.466816 -0.327755 -0.028135
v -0.466869 -0.329400 -0.028135
v -0.466940 -0.331285 -0.028135
v -0.466924 -0.330911 -0.028135
v -0.466945 -0.331423 -0.028135
v -0.462665 -0.209605 -0.028135
v -0.462665 0.328643 -0.028135
v -0.462665 0.345350 -0.028135
v -0.463834 0.376820 -0.028135
v -0.463861 0.377567 -0.028135
v -0.467929 0.466592 -0.028135
v -0.463871 0.377797 -0.028135
v -0.467982 0.467859 -0.028135
v -0.468016 0.468549 -0.028135
v -0.474132 0.573114 -0.028135
v -0.474168 0.573727 -0.028135
v -0.474032 0.571358 -0.028135
v -0.474098 0.572550 -0.028135
v -0.474030 0.571313 -0.028135
v -0.468052 0.469292 -0.028135
v -0.481659 0.678687 -0.028135
v -0.481703 0.679321 -0.028135
v -0.481581 0.677541 -0.028135
v -0.474203 0.574248 -0.028135
v -0.481621 0.678152 -0.028135
v -0.481781 0.680350 -0.028135
v -0.482675 0.691787 -0.028135
v -0.482838 0.693851 -0.028135
v -0.483068 0.696760 -0.028135
v -0.483315 0.699858 -0.028135
v -0.484342 0.712636 -0.028135
v -0.484090 0.709520 -0.028135
v -0.484351 0.712747 -0.028135
v -0.484359 0.712850 -0.028135
v -0.483842 0.706440 -0.028135
v -0.483575 0.703112 -0.028135
v -0.758057 -0.716092 -0.028135
v -0.757948 -0.717814 -0.028135
v -0.757770 -0.720623 -0.028135
v -0.757577 -0.723672 -0.028135
v -0.757373 -0.726874 -0.028135
v -0.757162 -0.730180 -0.028135
v -0.756948 -0.733543 -0.028135
v -0.756933 -0.733769 -0.028135
v -0.756935 -0.733747 -0.028135
v -0.756941 -0.733642 -0.028135
v -0.758778 -0.704650 -0.028135
v -0.778442 -0.329952 -0.028135
v -0.778431 -0.330249 -0.028135
v -0.778412 -0.330752 -0.028135
v -0.778392 -0.331266 -0.028135
v -0.778510 -0.327915 -0.028135
v -0.778496 -0.328354 -0.028135
v -0.782665 -0.209605 -0.028135
v -0.778514 -0.327792 -0.028135
v -0.778481 -0.328809 -0.028135
v -0.778466 -0.329276 -0.028135
v -0.778449 -0.329757 -0.028135
v -0.773003 -0.451880 -0.028135
v -0.772954 -0.452987 -0.028135
v -0.773003 -0.451876 -0.028135
v -0.772906 -0.454009 -0.028135
v -0.778386 -0.331423 -0.028135
v -0.773043 -0.450935 -0.028135
v -0.773027 -0.451321 -0.028135
v -0.765954 -0.584859 -0.028135
v -0.765907 -0.585736 -0.028135
v -0.772856 -0.455034 -0.028135
v -0.772887 -0.454413 -0.028135
v -0.766010 -0.583793 -0.028135
v -0.765905 -0.585778 -0.028135
v -0.772889 -0.454357 -0.028135
v -0.765835 -0.587010 -0.028135
v -0.758935 -0.702048 -0.028135
v -0.765858 -0.586604 -0.028135
v -0.758857 -0.703353 -0.028135
v -0.758849 -0.703487 -0.028135
v -0.484634 0.716232 -0.028135
v -0.485198 0.723124 -0.028135
v -0.484927 0.719818 -0.028135
v -0.484652 0.716455 -0.028135
v -0.485462 0.726326 -0.028135
v -0.485714 0.729374 -0.028135
v -0.487051 0.745350 -0.028135
v -0.486090 0.733905 -0.028135
v -0.485947 0.732182 -0.028135
v -0.494930 0.833710 -0.028135
v -0.494966 0.834123 -0.028135
v -0.495057 0.835114 -0.028135
v -0.494863 0.832941 -0.028135
v -0.494878 0.833110 -0.028135
v -0.505866 0.944463 -0.028135
v -0.505915 0.944970 -0.028135
v -0.506013 0.945956 -0.028135
v -0.505823 0.944005 -0.028135
v -0.495061 0.835152 -0.028135
v -0.506050 0.946319 -0.028135
v -0.518834 1.063913 -0.028135
v -0.518914 1.064643 -0.028135
v -0.518702 1.062679 -0.028135
v -0.506113 0.946928 -0.028135
v -0.506086 0.946669 -0.028135
v -0.518807 1.063666 -0.028135
v -0.533739 1.190387 -0.028135
v -0.533835 1.191211 -0.028135
v -0.533952 1.192193 -0.028135
v -0.519043 1.065771 -0.028135
v -0.519024 1.065611 -0.028135
v -0.518973 1.065156 -0.028135
v -0.551313 1.329731 -0.028135
v -0.534072 1.193174 -0.028135
v -0.534022 1.192760 -0.028135
v -0.551412 1.330524 -0.028135
v -0.534006 1.192629 -0.028135
v -0.551496 1.331187 -0.028135
v -0.572498 1.488585 -0.028135
v -0.572506 1.488642 -0.028135
v -0.572339 1.487409 -0.028135
v -0.572352 1.487504 -0.028135
v -0.572164 1.486084 -0.028135
v -0.551704 1.332794 -0.028135
v -0.551655 1.332420 -0.028135
v -0.551632 1.332243 -0.028135
v -0.572238 1.486646 -0.028135
v -0.572425 1.488044 -0.028135
v -0.596615 1.662046 -0.028135
v -0.596677 1.662488 -0.028135
v -0.596574 1.661760 -0.028135
v -0.596446 1.660840 -0.028135
v -0.596475 1.661052 -0.028135
v -0.596549 1.661582 -0.028135
v -0.596677 1.662488 -0.028135
v -0.596369 1.660286 -0.028135
v -0.596397 1.660488 -0.028135
v -0.596271 1.659577 -0.028135
v -0.596294 1.659744 -0.028135
v -0.596212 1.659150 -0.028135
v -0.572562 1.489051 -0.028135
v -0.572538 1.488876 -0.028135
v -0.596322 1.659950 -0.028135
v -0.596409 1.660577 -0.028135
v -0.597356 1.667265 -0.028135
v -0.597376 1.667411 -0.028135
v -0.597328 1.667073 -0.028135
v -0.597336 1.667125 -0.028135
v -0.597293 1.666825 -0.028135
v -0.597298 1.666857 -0.028135
v -0.597316 1.666990 -0.028135
v -0.597260 1.666592 -0.028135
v -0.597260 1.666593 -0.028135
v -0.597279 1.666725 -0.028135
v -0.597227 1.666364 -0.028135
v -0.597230 1.666382 -0.028135
v -0.597241 1.666460 -0.028135
v -0.597194 1.666131 -0.028135
v -0.597210 1.666242 -0.028135
v -0.597169 1.665955 -0.028135
v -0.597190 1.666100 -0.028135
v -0.597156 1.665863 -0.028135
v -0.597126 1.665654 -0.028135
v -0.597148 1.665807 -0.028135
v -0.597116 1.665584 -0.028135
v -0.597080 1.665328 -0.028135
v -0.597103 1.665494 -0.028135
v -0.597073 1.665281 -0.028135
v -0.597055 1.665153 -0.028135
v -0.597026 1.664951 -0.028135
v -0.597026 1.664949 -0.028135
v -0.596996 1.664739 -0.028135
v -0.596974 1.664584 -0.028135
v -0.596964 1.664517 -0.028135
v -0.596931 1.664280 -0.028135
v -0.596916 1.664176 -0.028135
v -0.596849 1.663705 -0.028135
v -0.596872 1.663870 -0.028135
v -0.596911 1.664140 -0.028135
v -0.596785 1.663254 -0.028135
v -0.596830 1.663575 -0.028135
v -0.596771 1.663158 -0.028135
v -0.596687 1.662564 -0.028135
v -0.596736 1.662906 -0.028135
v -0.622665 1.845350 -0.028135
v -0.673222 1.485662 -0.028135
v -0.673123 1.486419 -0.028135
v -0.673111 1.486507 -0.028135
v -0.693675 1.332429 -0.028135
v -0.673031 1.487115 -0.028135
v -0.672953 1.487693 -0.028135
v -0.672931 1.487861 -0.028135
v -0.672879 1.488240 -0.028135
v -0.672823 1.488652 -0.028135
v -0.672793 1.488876 -0.028135
v -0.694041 1.329548 -0.028135
v -0.693913 1.330573 -0.028135
v -0.711273 1.193051 -0.028135
v -0.693855 1.331030 -0.028135
v -0.693791 1.331532 -0.028135
v -0.693699 1.332243 -0.028135
v -0.711631 1.190043 -0.028135
v -0.711563 1.190638 -0.028135
v -0.711539 1.190841 -0.028135
v -0.726319 1.065494 -0.028135
v -0.711403 1.191984 -0.028135
v -0.711325 1.192629 -0.028135
v -0.726621 1.062754 -0.028135
v -0.726604 1.062913 -0.028135
v -0.726436 1.064464 -0.028135
v -0.726357 1.065156 -0.028135
v -0.739204 0.947054 -0.028135
v -0.739479 0.944316 -0.028135
v -0.750238 0.835492 -0.028135
v -0.739423 0.944884 -0.028135
v -0.739244 0.946669 -0.028135
v -0.739339 0.945744 -0.028135
v -0.750469 0.832921 -0.028135
v -0.750378 0.833963 -0.028135
v -0.750269 0.835152 -0.028135
v -0.750364 0.834127 -0.028135
v -0.648595 1.662906 -0.028135
v -0.648559 1.663158 -0.028135
v -0.648500 1.663575 -0.028135
v -0.648482 1.663705 -0.028135
v -0.648546 1.663254 -0.028135
v -0.648420 1.664140 -0.028135
v -0.648458 1.663870 -0.028135
v -0.648415 1.664176 -0.028135
v -0.648357 1.664584 -0.028135
v -0.648366 1.664517 -0.028135
v -0.648400 1.664280 -0.028135
v -0.648305 1.664949 -0.028135
v -0.648335 1.664739 -0.028135
v -0.648258 1.665281 -0.028135
v -0.648276 1.665153 -0.028135
v -0.648305 1.664951 -0.028135
v -0.648227 1.665494 -0.028135
v -0.648214 1.665584 -0.028135
v -0.648251 1.665328 -0.028135
v -0.648183 1.665807 -0.028135
v -0.648175 1.665863 -0.028135
v -0.648204 1.665654 -0.028135
v -0.648141 1.666100 -0.028135
v -0.648136 1.666131 -0.028135
v -0.648162 1.665955 -0.028135
v -0.648121 1.666242 -0.028135
v -0.648103 1.666364 -0.028135
v -0.648101 1.666382 -0.028135
v -0.648090 1.666460 -0.028135
v -0.648071 1.666592 -0.028135
v -0.648071 1.666593 -0.028135
v -0.648052 1.666725 -0.028135
v -0.648038 1.666825 -0.028135
v -0.648033 1.666857 -0.028135
v -0.648014 1.666990 -0.028135
v -0.648002 1.667073 -0.028135
v -0.647995 1.667125 -0.028135
v -0.647975 1.667265 -0.028135
v -0.647954 1.667411 -0.028135
v -0.649130 1.659061 -0.028135
v -0.649123 1.659114 -0.028135
v -0.672778 1.488984 -0.028135
v -0.649070 1.659502 -0.028135
v -0.649001 1.659999 -0.028135
v -0.648987 1.660101 -0.028135
v -0.649019 1.659872 -0.028135
v -0.648951 1.660366 -0.028135
v -0.648916 1.660618 -0.028135
v -0.648899 1.660740 -0.028135
v -0.648882 1.660857 -0.028135
v -0.648851 1.661079 -0.028135
v -0.648781 1.661584 -0.028135
v -0.648756 1.661760 -0.028135
v -0.648654 1.662488 -0.028135
v -0.648716 1.662048 -0.028135
v -0.648643 1.662564 -0.028135
v -0.758279 0.745350 -0.028135
v -0.759240 0.733908 -0.028135
v -0.759383 0.732185 -0.028135
v -0.759617 0.729377 -0.028135
v -0.760404 0.719819 -0.028135
v -0.760678 0.716457 -0.028135
v -0.760697 0.716232 -0.028135
v -0.760972 0.712850 -0.028135
v -0.760132 0.723126 -0.028135
v -0.759869 0.726328 -0.028135
v -0.760989 0.712635 -0.028135
v -0.760976 0.712796 -0.028135
v -0.761489 0.706439 -0.028135
v -0.761241 0.709519 -0.028135
v -0.761756 0.703111 -0.028135
v -0.762016 0.699857 -0.028135
v -0.762656 0.691786 -0.028135
v -0.763550 0.680350 -0.028135
v -0.762493 0.693850 -0.028135
v -0.762262 0.696759 -0.028135
v -0.763749 0.677559 -0.028135
v -0.763731 0.677841 -0.028135
v -0.763710 0.678141 -0.028135
v -0.763655 0.678926 -0.028135
v -0.763634 0.679229 -0.028135
v -0.771298 0.571359 -0.028135
v -0.771290 0.571495 -0.028135
v -0.771256 0.572146 -0.028135
v -0.771233 0.572547 -0.028135
v -0.771175 0.573524 -0.028135
v -0.771173 0.573554 -0.028135
v -0.771128 0.574248 -0.028135
v -0.777400 0.466635 -0.028135
v -0.777385 0.467015 -0.028135
v -0.777366 0.467451 -0.028135
v -0.777358 0.467630 -0.028135
v -0.777323 0.468393 -0.028135
v -0.777283 0.469199 -0.028135
v -0.777278 0.469292 -0.028135
v -0.781496 0.376830 -0.028135
v -0.781483 0.377205 -0.028135
v -0.781466 0.377644 -0.028135
v -0.781460 0.377797 -0.028135
v -0.782665 0.345350 -0.028135
v -0.782665 0.328812 -0.028135
v -0.755303 -0.759010 -0.282377
v -0.755801 -0.751359 -0.282377
v -0.756717 -0.737150 -0.282377
v -0.755237 -0.760037 -0.282377
v -0.755172 -0.761052 -0.282377
v -0.755101 -0.762150 -0.282377
v -0.755032 -0.763222 -0.282377
v -0.754860 -0.765883 -0.282377
v -0.754614 -0.769650 -0.282377
v -0.754904 -0.765203 -0.282377
v -0.754966 -0.764244 -0.282377
v -0.490427 -0.765203 -0.282377
v -0.490471 -0.765883 -0.282377
v -0.490365 -0.764244 -0.282377
v -0.490299 -0.763222 -0.282377
v -0.490028 -0.759010 -0.282377
v -0.490094 -0.760037 -0.282377
v -0.489529 -0.751344 -0.282377
v -0.488614 -0.737150 -0.282377
v -0.490159 -0.761052 -0.282377
v -0.490229 -0.762150 -0.282377
v -0.490716 -0.769650 -0.282377
v -0.745969 -0.896968 -0.282377
v -0.745241 -0.907333 -0.282377
v -0.742245 -0.951244 -0.282377
v -0.747724 -0.871733 -0.282377
v -0.749431 -0.846959 -0.282377
v -0.748174 -0.865198 -0.282377
v -0.750966 -0.824425 -0.282377
v -0.750662 -0.828889 -0.282377
v -0.752351 -0.803863 -0.282377
v -0.752766 -0.797628 -0.282377
v -0.753601 -0.785077 -0.282377
v -0.754531 -0.770919 -0.282377
v -0.728079 -1.148878 -0.282377
v -0.728210 -1.147064 -0.282377
v -0.728342 -1.145229 -0.282377
v -0.728844 -1.138256 -0.282377
v -0.728787 -1.139044 -0.282377
v -0.728501 -1.143018 -0.282377
v -0.729235 -1.132829 -0.282377
v -0.729073 -1.135076 -0.282377
v -0.729344 -1.131307 -0.282377
v -0.729781 -1.125246 -0.282377
v -0.729506 -1.129068 -0.282377
v -0.729819 -1.124731 -0.282377
v -0.730382 -1.116923 -0.282377
v -0.730061 -1.121367 -0.282377
v -0.730705 -1.112441 -0.282377
v -0.730394 -1.116749 -0.282377
v -0.730978 -1.108667 -0.282377
v -0.731344 -1.103590 -0.282377
v -0.731022 -1.108061 -0.282377
v -0.731675 -1.099015 -0.282377
v -0.731703 -1.098626 -0.282377
v -0.732320 -1.090082 -0.282377
v -0.732014 -1.094321 -0.282377
v -0.732751 -1.084104 -0.282377
v -0.733798 -1.069586 -0.282377
v -0.733019 -1.080393 -0.282377
v -0.734446 -1.060592 -0.282377
v -0.734611 -1.058299 -0.282377
v -0.737938 -1.011958 -0.282377
v -0.736440 -1.032864 -0.282377
v -0.738378 -1.005777 -0.282377
v -0.740883 -0.970578 -0.282377
v -0.741477 -0.962144 -0.282377
v -0.727665 -1.154650 -0.282377
v -0.721369 -1.154650 -0.282377
v -0.517665 -1.154650 -0.282377
v -0.506953 -1.005777 -0.282377
v -0.507393 -1.011958 -0.282377
v -0.508891 -1.032864 -0.282377
v -0.510720 -1.058299 -0.282377
v -0.512312 -1.080393 -0.282377
v -0.512580 -1.084104 -0.282377
v -0.511532 -1.069586 -0.282377
v -0.510884 -1.060592 -0.282377
v -0.513317 -1.094321 -0.282377
v -0.513628 -1.098626 -0.282377
v -0.513011 -1.090082 -0.282377
v -0.514309 -1.108061 -0.282377
v -0.514353 -1.108667 -0.282377
v -0.513986 -1.103590 -0.282377
v -0.513656 -1.099015 -0.282377
v -0.514936 -1.116749 -0.282377
v -0.514949 -1.116923 -0.282377
v -0.514625 -1.112441 -0.282377
v -0.515269 -1.121367 -0.282377
v -0.515512 -1.124731 -0.282377
v -0.515825 -1.129068 -0.282377
v -0.515986 -1.131307 -0.282377
v -0.515549 -1.125246 -0.282377
v -0.516258 -1.135076 -0.282377
v -0.516487 -1.138256 -0.282377
v -0.516096 -1.132829 -0.282377
v -0.516543 -1.139044 -0.282377
v -0.516830 -1.143018 -0.282377
v -0.516989 -1.145229 -0.282377
v -0.517251 -1.148878 -0.282377
v -0.517121 -1.147064 -0.282377
v -0.504448 -0.970578 -0.282377
v -0.491730 -0.785077 -0.282377
v -0.490799 -0.770919 -0.282377
v -0.492979 -0.803863 -0.282377
v -0.492565 -0.797628 -0.282377
v -0.494669 -0.828889 -0.282377
v -0.495900 -0.846959 -0.282377
v -0.497156 -0.865198 -0.282377
v -0.497607 -0.871733 -0.282377
v -0.500089 -0.907333 -0.282377
v -0.503086 -0.951244 -0.282377
v -0.503854 -0.962144 -0.282377
v -0.499362 -0.896968 -0.282377
v -0.494364 -0.824425 -0.282377
v -0.487479 -0.719297 -0.282377
v -0.488344 -0.732934 -0.282377
v -0.488538 -0.735972 -0.282377
v -0.488408 -0.733937 -0.282377
v -0.487062 -0.712708 -0.282377
v -0.487139 -0.713907 -0.282377
v -0.487216 -0.715126 -0.282377
v -0.486918 -0.710442 -0.282377
v -0.486988 -0.711547 -0.282377
v -0.486553 -0.704650 -0.282377
v -0.486814 -0.708799 -0.282377
v -0.486854 -0.709424 -0.282377
v -0.481820 -0.625569 -0.282377
v -0.482824 -0.643126 -0.282377
v -0.484293 -0.667765 -0.282377
v -0.484789 -0.676094 -0.282377
v -0.474540 -0.493614 -0.282377
v -0.475126 -0.505620 -0.282377
v -0.476898 -0.539895 -0.282377
v -0.477836 -0.557117 -0.282377
v -0.478594 -0.571020 -0.282377
v -0.479483 -0.586604 -0.282377
v -0.468379 -0.363129 -0.282377
v -0.469396 -0.388009 -0.282377
v -0.471030 -0.424742 -0.282377
v -0.471363 -0.431891 -0.282377
v -0.471844 -0.441793 -0.282377
v -0.472453 -0.454356 -0.282377
v -0.463569 -0.235332 -0.282377
v -0.464965 -0.278417 -0.282377
v -0.466416 -0.318022 -0.282377
v -0.466814 -0.327807 -0.282377
v -0.466961 -0.331422 -0.282377
v -0.462665 -0.209605 -0.282377
v -0.462665 -0.092402 -0.282377
v -0.462665 0.345350 -0.282377
v -0.462920 0.352202 -0.282377
v -0.463637 0.371794 -0.282377
v -0.464835 0.398534 -0.282377
v -0.463887 0.377796 -0.282377
v -0.466229 0.431736 -0.282377
v -0.467109 0.449830 -0.282377
v -0.472362 0.544528 -0.282377
v -0.473328 0.560587 -0.282377
v -0.471475 0.529766 -0.282377
v -0.469757 0.498510 -0.282377
v -0.469699 0.497338 -0.282377
v -0.468056 0.469292 -0.282377
v -0.479752 0.653396 -0.282377
v -0.478580 0.636779 -0.282377
v -0.476543 0.606765 -0.282377
v -0.474220 0.574247 -0.282377
v -0.477592 0.622765 -0.282377
v -0.481781 0.680350 -0.282377
v -0.482148 0.685040 -0.282377
v -0.482091 0.684323 -0.282377
v -0.482228 0.686051 -0.282377
v -0.482314 0.687127 -0.282377
v -0.482670 0.691566 -0.282377
v -0.482583 0.690484 -0.282377
v -0.483548 0.702631 -0.282377
v -0.484359 0.712851 -0.282377
v -0.482497 0.689414 -0.282377
v -0.482404 0.688258 -0.282377
v -0.758520 -0.708735 -0.282377
v -0.758481 -0.709350 -0.282377
v -0.758418 -0.710352 -0.282377
v -0.758349 -0.711440 -0.282377
v -0.758276 -0.712583 -0.282377
v -0.758201 -0.713764 -0.282377
v -0.758124 -0.714964 -0.282377
v -0.756792 -0.735972 -0.282377
v -0.756922 -0.733942 -0.282377
v -0.757540 -0.724236 -0.282377
v -0.758778 -0.704650 -0.282377
v -0.779851 -0.292881 -0.282377
v -0.779570 -0.300663 -0.282377
v -0.779075 -0.313849 -0.282377
v -0.778550 -0.327310 -0.282377
v -0.781630 -0.239506 -0.282377
v -0.781270 -0.251030 -0.282377
v -0.782665 -0.209605 -0.282377
v -0.781727 -0.236305 -0.282377
v -0.780886 -0.262930 -0.282377
v -0.780474 -0.275183 -0.282377
v -0.780036 -0.287768 -0.282377
v -0.775869 -0.389464 -0.282377
v -0.774588 -0.418466 -0.282377
v -0.775873 -0.389362 -0.282377
v -0.773332 -0.445251 -0.282377
v -0.778384 -0.331423 -0.282377
v -0.776897 -0.364687 -0.282377
v -0.776486 -0.374799 -0.282377
v -0.768379 -0.540891 -0.282377
v -0.767135 -0.563850 -0.282377
v -0.772809 -0.455830 -0.282377
v -0.772005 -0.472082 -0.282377
v -0.769833 -0.512943 -0.282377
v -0.767072 -0.564965 -0.282377
v -0.772882 -0.454357 -0.282377
v -0.765247 -0.597246 -0.282377
v -0.762894 -0.636469 -0.282377
v -0.765848 -0.586604 -0.282377
v -0.760871 -0.670656 -0.282377
v -0.760655 -0.674163 -0.282377
v -0.484457 0.714054 -0.282377
v -0.486377 0.737260 -0.282377
v -0.486278 0.736057 -0.282377
v -0.486178 0.734833 -0.282377
v -0.486473 0.738426 -0.282377
v -0.486565 0.739535 -0.282377
v -0.487051 0.745350 -0.282377
v -0.486702 0.741184 -0.282377
v -0.486650 0.740557 -0.282377
v -0.492592 0.808194 -0.282377
v -0.491646 0.797380 -0.282377
v -0.494967 0.834149 -0.282377
v -0.489895 0.777230 -0.282377
v -0.490270 0.781644 -0.282377
v -0.501603 0.902149 -0.282377
v -0.500333 0.888861 -0.282377
v -0.504171 0.927991 -0.282377
v -0.499187 0.876873 -0.282377
v -0.495063 0.835152 -0.282377
v -0.505150 0.937501 -0.282377
v -0.517459 1.051709 -0.282377
v -0.515355 1.032590 -0.282377
v -0.511883 1.000251 -0.282377
v -0.506793 0.953449 -0.282377
v -0.506095 0.946668 -0.282377
v -0.514643 1.026121 -0.282377
v -0.529540 1.155461 -0.282377
v -0.527026 1.133880 -0.282377
v -0.532618 1.181213 -0.282377
v -0.520821 1.081267 -0.282377
v -0.520334 1.077087 -0.282377
v -0.518982 1.065155 -0.282377
v -0.543274 1.266418 -0.282377
v -0.535761 1.206912 -0.282377
v -0.534435 1.196069 -0.282377
v -0.545886 1.287203 -0.282377
v -0.534014 1.192628 -0.282377
v -0.548071 1.304588 -0.282377
v -0.571498 1.481251 -0.282377
v -0.571700 1.482731 -0.282377
v -0.567673 1.452926 -0.282377
v -0.567336 1.450422 -0.282377
v -0.562738 1.415714 -0.282377
v -0.553526 1.346697 -0.282377
v -0.552236 1.336881 -0.282377
v -0.551637 1.332242 -0.282377
v -0.564675 1.430446 -0.282377
v -0.569577 1.467080 -0.282377
v -0.596406 1.660569 -0.282377
v -0.594779 1.649012 -0.282377
v -0.593725 1.641498 -0.282377
v -0.591133 1.622972 -0.282377
v -0.590358 1.617407 -0.282377
v -0.593071 1.636837 -0.282377
v -0.596409 1.660591 -0.282377
v -0.596409 1.660591 -0.282377
v -0.589077 1.608195 -0.282377
v -0.588342 1.602896 -0.282377
v -0.586379 1.588680 -0.282377
v -0.585775 1.584302 -0.282377
v -0.584242 1.573130 -0.282377
v -0.573162 1.493445 -0.282377
v -0.572539 1.488876 -0.282377
v -0.587123 1.594079 -0.282377
v -0.589398 1.610506 -0.282377
v -0.614739 1.789579 -0.282377
v -0.614194 1.785748 -0.282377
v -0.613673 1.782092 -0.282377
v -0.613478 1.780720 -0.282377
v -0.612673 1.775066 -0.282377
v -0.612554 1.774230 -0.282377
v -0.613169 1.778548 -0.282377
v -0.611685 1.768127 -0.282377
v -0.611687 1.768143 -0.282377
v -0.611687 1.768143 -0.282377
v -0.612181 1.771608 -0.282377
v -0.610900 1.762617 -0.282377
v -0.610832 1.762136 -0.282377
v -0.611189 1.764648 -0.282377
v -0.610377 1.758947 -0.282377
v -0.609964 1.756048 -0.282377
v -0.609847 1.755226 -0.282377
v -0.609307 1.751432 -0.282377
v -0.608961 1.749003 -0.282377
v -0.608753 1.747542 -0.282377
v -0.608182 1.743539 -0.282377
v -0.607922 1.741707 -0.282377
v -0.607584 1.739339 -0.282377
v -0.606965 1.734990 -0.282377
v -0.606789 1.733753 -0.282377
v -0.606313 1.730413 -0.282377
v -0.605558 1.725108 -0.282377
v -0.605553 1.725076 -0.282377
v -0.604770 1.719570 -0.282377
v -0.604189 1.715491 -0.282377
v -0.603940 1.713735 -0.282377
v -0.603057 1.707531 -0.282377
v -0.602671 1.704812 -0.282377
v -0.601531 1.696783 -0.282377
v -0.600917 1.692458 -0.282377
v -0.602537 1.703867 -0.282377
v -0.600435 1.689061 -0.282377
v -0.599245 1.680658 -0.282377
v -0.598888 1.678134 -0.282377
v -0.596688 1.662563 -0.282377
v -0.597953 1.671527 -0.282377
v -0.622665 1.845350 -0.282377
v -0.681444 1.424487 -0.282377
v -0.684050 1.404653 -0.282377
v -0.681138 1.426814 -0.282377
v -0.693064 1.337122 -0.282377
v -0.679023 1.442738 -0.282377
v -0.676995 1.457872 -0.282377
v -0.675058 1.472221 -0.282377
v -0.676401 1.462272 -0.282377
v -0.673593 1.483007 -0.282377
v -0.672792 1.488876 -0.282377
v -0.699301 1.288499 -0.282377
v -0.702653 1.261623 -0.282377
v -0.709968 1.203688 -0.282377
v -0.696103 1.313631 -0.282377
v -0.697778 1.300472 -0.282377
v -0.693695 1.332242 -0.282377
v -0.717550 1.140467 -0.282377
v -0.719325 1.124875 -0.282377
v -0.716929 1.145787 -0.282377
v -0.725324 1.074008 -0.282377
v -0.713374 1.175734 -0.282377
v -0.711315 1.192628 -0.282377
v -0.732805 1.006383 -0.282377
v -0.733234 1.002237 -0.282377
v -0.728394 1.047024 -0.282377
v -0.726332 1.065153 -0.282377
v -0.738181 0.956750 -0.282377
v -0.745382 0.885004 -0.282377
v -0.749430 0.844058 -0.282377
v -0.743927 0.899878 -0.282377
v -0.741721 0.922431 -0.282377
v -0.739221 0.946667 -0.282377
v -0.753103 0.804011 -0.282377
v -0.755482 0.776710 -0.282377
v -0.752729 0.808305 -0.282377
v -0.750252 0.835150 -0.282377
v -0.647377 1.671529 -0.282377
v -0.646443 1.678134 -0.282377
v -0.644895 1.689062 -0.282377
v -0.644413 1.692458 -0.282377
v -0.646086 1.680660 -0.282377
v -0.642794 1.703867 -0.282377
v -0.643800 1.696783 -0.282377
v -0.642659 1.704812 -0.282377
v -0.641141 1.715491 -0.282377
v -0.641391 1.713735 -0.282377
v -0.642273 1.707531 -0.282377
v -0.639777 1.725076 -0.282377
v -0.640561 1.719570 -0.282377
v -0.638542 1.733753 -0.282377
v -0.639017 1.730413 -0.282377
v -0.639773 1.725108 -0.282377
v -0.637746 1.739339 -0.282377
v -0.637409 1.741707 -0.282377
v -0.638366 1.734990 -0.282377
v -0.636578 1.747542 -0.282377
v -0.636370 1.749003 -0.282377
v -0.637148 1.743539 -0.282377
v -0.635483 1.755226 -0.282377
v -0.635366 1.756048 -0.282377
v -0.636024 1.751432 -0.282377
v -0.634953 1.758947 -0.282377
v -0.634499 1.762136 -0.282377
v -0.634430 1.762617 -0.282377
v -0.634141 1.764648 -0.282377
v -0.633646 1.768127 -0.282377
v -0.633643 1.768143 -0.282377
v -0.633150 1.771608 -0.282377
v -0.632777 1.774230 -0.282377
v -0.633643 1.768143 -0.282377
v -0.632658 1.775066 -0.282377
v -0.632162 1.778548 -0.282377
v -0.631853 1.780720 -0.282377
v -0.631657 1.782092 -0.282377
v -0.631137 1.785748 -0.282377
v -0.630592 1.789579 -0.282377
v -0.661219 1.572190 -0.282377
v -0.661411 1.570784 -0.282377
v -0.672406 1.491703 -0.282377
v -0.659825 1.582348 -0.282377
v -0.657661 1.598035 -0.282377
v -0.658030 1.595369 -0.282377
v -0.658491 1.592029 -0.282377
v -0.656700 1.604974 -0.282377
v -0.655783 1.611584 -0.282377
v -0.654910 1.617858 -0.282377
v -0.655337 1.614786 -0.282377
v -0.652251 1.636898 -0.282377
v -0.654102 1.623656 -0.282377
v -0.651606 1.641498 -0.282377
v -0.648921 1.660590 -0.282377
v -0.648921 1.660591 -0.282377
v -0.650546 1.649052 -0.282377
v -0.648643 1.662563 -0.282377
v -0.758279 0.745350 -0.282377
v -0.758623 0.741252 -0.282377
v -0.758674 0.740635 -0.282377
v -0.758758 0.739630 -0.282377
v -0.759040 0.736207 -0.282377
v -0.759138 0.735003 -0.282377
v -0.760875 0.714040 -0.282377
v -0.760972 0.712851 -0.282377
v -0.758943 0.737391 -0.282377
v -0.758848 0.738538 -0.282377
v -0.762666 0.691487 -0.282377
v -0.761397 0.707485 -0.282377
v -0.762753 0.690412 -0.282377
v -0.762839 0.689349 -0.282377
v -0.762931 0.688201 -0.282377
v -0.763021 0.687079 -0.282377
v -0.763241 0.684295 -0.282377
v -0.763550 0.680350 -0.282377
v -0.763185 0.685007 -0.282377
v -0.763106 0.686010 -0.282377
v -0.768286 0.614608 -0.282377
v -0.768761 0.607237 -0.282377
v -0.767756 0.622486 -0.282377
v -0.766312 0.643047 -0.282377
v -0.765755 0.650979 -0.282377
v -0.775368 0.502117 -0.282377
v -0.775560 0.498545 -0.282377
v -0.773859 0.529679 -0.282377
v -0.774453 0.519162 -0.282377
v -0.772333 0.555282 -0.282377
v -0.772283 0.556052 -0.282377
v -0.771117 0.574247 -0.282377
v -0.780057 0.409619 -0.282377
v -0.780457 0.399680 -0.282377
v -0.779568 0.421052 -0.282377
v -0.778450 0.445726 -0.282377
v -0.779368 0.425732 -0.282377
v -0.777405 0.466850 -0.282377
v -0.777274 0.469292 -0.282377
v -0.782401 0.352461 -0.282377
v -0.782050 0.362290 -0.282377
v -0.781616 0.373807 -0.282377
v -0.781457 0.377796 -0.282377
v -0.782665 0.345350 -0.282377
v -0.782665 -0.087971 -0.282377
vn -0.9979 -0.0647 -0.0000
vn -0.9979 -0.0645 -0.0000
vn -0.9979 -0.0649 -0.0000
vn -0.9979 -0.0643 -0.0000
vn -0.9979 -0.0642 -0.0000
vn -0.9979 -0.0641 -0.0000
vn -0.9979 -0.0640 -0.0000
vn -0.9979 -0.0650 -0.0000
vn -0.9979 -0.0648 -0.0000
vn -0.9979 -0.0644 -0.0000
vn -0.9979 -0.0646 -0.0000
vn 0.9979 -0.0648 -0.0000
vn 0.9979 -0.0647 -0.0000
vn 0.9979 -0.0646 -0.0000
vn 0.9979 -0.0645 -0.0000
vn 0.9979 -0.0644 -0.0000
vn 0.9979 -0.0641 -0.0000
vn 0.9979 -0.0643 -0.0000
vn 0.9979 -0.0642 -0.0000
vn 0.9979 -0.0640 -0.0000
vn 0.9979 -0.0650 -0.0000
vn -0.9976 -0.0694 0.0008
vn -0.9976 -0.0698 0.0010
vn -0.9976 -0.0688 0.0004
vn -0.9977 -0.0681 0.0001
vn -0.9976 -0.0697 0.0009
vn -0.9976 -0.0691 0.0007
vn -0.9976 -0.0687 0.0005
vn -0.9977 -0.0684 0.0004
vn -0.9976 -0.0688 0.0006
vn -0.9977 -0.0684 0.0003
vn -0.9977 -0.0677 0.0002
vn -0.9977 -0.0680 0.0003
vn -0.9977 -0.0678 0.0002
vn -0.9978 -0.0668 0.0001
vn -0.9978 -0.0663 -0.0000
vn -0.9978 -0.0664 -0.0000
vn -0.9979 -0.0653 -0.0000
vn -0.9978 -0.0655 -0.0000
vn -0.9978 -0.0656 -0.0000
vn -0.9974 -0.0723 0.0002
vn -0.9974 -0.0718 0.0001
vn -0.9974 -0.0716 -0.0000
vn -0.9975 -0.0709 -0.0000
vn -0.9974 -0.0717 0.0001
vn -0.9975 -0.0702 -0.0000
vn -0.9974 -0.0718 0.0002
vn -0.9975 -0.0713 0.0001
vn -0.9974 -0.0719 0.0003
vn -0.9974 -0.0719 0.0002
vn -0.9975 -0.0710 0.0003
vn -0.9975 -0.0709 0.0002
vn -0.9974 -0.0723 0.0003
vn -0.9974 -0.0716 0.0009
vn -0.9974 -0.0720 0.0002
vn -0.9974 -0.0719 0.0001
vn -0.9974 -0.0715 0.0001
vn -0.9974 -0.0722 0.0002
vn -0.9974 -0.0721 0.0003
vn -0.9974 -0.0720 0.0003
vn -0.9975 -0.0709 0.0003
vn -0.9974 -0.0723 0.0004
vn -0.9974 -0.0724 0.0004
vn -0.9975 -0.0713 0.0007
vn -0.9974 -0.0715 0.0004
vn -0.9974 -0.0718 0.0003
vn -0.9974 -0.0716 0.0002
vn -0.9975 -0.0711 0.0001
vn -0.9974 -0.0716 0.0001
vn -0.9975 -0.0714 0.0001
vn -0.9974 -0.0716 0.0005
vn -0.9974 -0.0718 0.0004
vn -0.9975 -0.0707 -0.0000
vn -0.9975 -0.0710 -0.0000
vn -0.9975 -0.0703 -0.0000
vn -0.0000 -1.0000 -0.0000
vn 0.9975 -0.0710 -0.0000
vn 0.9975 -0.0712 -0.0000
vn 0.9975 -0.0713 0.0001
vn 0.9974 -0.0716 0.0001
vn 0.9975 -0.0714 0.0001
vn 0.9974 -0.0717 0.0002
vn 0.9974 -0.0720 0.0003
vn 0.9974 -0.0723 0.0003
vn 0.9974 -0.0719 0.0002
vn 0.9974 -0.0721 0.0003
vn 0.9974 -0.0718 0.0002
vn 0.9975 -0.0712 0.0004
vn 0.9974 -0.0720 0.0002
vn 0.9974 -0.0714 0.0003
vn 0.9972 -0.0746 0.0003
vn 0.9973 -0.0732 0.0003
vn 0.9974 -0.0717 0.0003
vn 0.9974 -0.0719 0.0001
vn 0.9975 -0.0710 0.0011
vn 0.9974 -0.0714 0.0007
vn 0.9974 -0.0721 0.0004
vn 0.9975 -0.0713 0.0006
vn 0.9974 -0.0718 0.0004
vn 0.9975 -0.0713 0.0003
vn 0.9975 -0.0709 0.0002
vn 0.9974 -0.0717 0.0001
vn 0.9974 -0.0719 0.0004
vn 0.9974 -0.0718 0.0001
vn 0.9974 -0.0720 -0.0000
vn 0.9975 -0.0705 -0.0000
vn 0.9974 -0.0724 0.0002
vn 0.9974 -0.0716 -0.0000
vn 0.9975 -0.0711 0.0002
vn 0.9974 -0.0715 -0.0001
vn 0.9975 -0.0714 0.0008
vn 0.9975 -0.0706 -0.0000
vn 0.9978 -0.0656 -0.0000
vn 0.9978 -0.0664 -0.0000
vn 0.9978 -0.0667 0.0001
vn 0.9978 -0.0668 0.0001
vn 0.9977 -0.0680 0.0003
vn 0.9977 -0.0684 0.0004
vn 0.9976 -0.0687 0.0005
vn 0.9976 -0.0691 0.0006
vn 0.9976 -0.0691 0.0007
vn 0.9976 -0.0687 0.0004
vn 0.9977 -0.0681 0.0001
vn 0.9975 -0.0703 -0.0000
vn 0.9976 -0.0698 0.0010
vn 0.9976 -0.0694 0.0008
vn 0.9976 -0.0696 0.0009
vn 0.9976 -0.0689 0.0005
vn 0.9977 -0.0677 0.0002
vn 0.9977 -0.0675 0.0002
vn 0.9978 -0.0663 0.0001
vn 0.9980 -0.0633 -0.0000
vn 0.9980 -0.0638 -0.0000
vn 0.9980 -0.0639 -0.0000
vn 0.9980 -0.0636 -0.0000
vn 0.9980 -0.0635 -0.0000
vn 0.9980 -0.0637 -0.0000
vn 0.9980 -0.0632 -0.0000
vn 0.9980 -0.0631 -0.0000
vn 0.9980 -0.0634 -0.0000
vn 0.9980 -0.0629 -0.0000
vn 0.9980 -0.0627 -0.0000
vn 0.9983 -0.0582 0.0005
vn 0.9983 -0.0581 0.0006
vn 0.9983 -0.0587 0.0003
vn 0.9983 -0.0585 0.0005
vn 0.9982 -0.0595 0.0002
vn 0.9982 -0.0606 0.0001
vn 0.9981 -0.0616 -0.0000
vn 0.9982 -0.0605 0.0001
vn 0.9987 -0.0504 0.0009
vn 0.9988 -0.0499 0.0011
vn 0.9987 -0.0514 0.0006
vn 0.9987 -0.0504 0.0010
vn 0.9986 -0.0529 0.0004
vn 0.9986 -0.0532 0.0003
vn 0.9985 -0.0544 0.0001
vn 0.9984 -0.0557 -0.0000
vn 0.9983 -0.0584 -0.0000
vn 0.9985 -0.0556 -0.0000
vn 0.9991 -0.0424 0.0007
vn 0.9991 -0.0424 0.0009
vn 0.9991 -0.0432 0.0005
vn 0.9991 -0.0429 0.0007
vn 0.9990 -0.0454 0.0002
vn 0.9989 -0.0476 -0.0000
vn 0.9988 -0.0485 -0.0000
vn 0.9989 -0.0474 -0.0000
vn 0.9990 -0.0456 0.0002
vn 0.9987 -0.0508 -0.0000
vn 0.9994 -0.0334 0.0006
vn 0.9994 -0.0342 0.0006
vn 0.9994 -0.0340 0.0004
vn 0.9992 -0.0388 -0.0000
vn 0.9992 -0.0406 -0.0001
vn 0.9993 -0.0386 -0.0000
vn 0.9994 -0.0348 0.0005
vn 0.9992 -0.0408 -0.0001
vn 0.9991 -0.0426 -0.0001
vn 0.9994 -0.0351 -0.0000
vn 0.9991 -0.0427 -0.0001
vn 1.0000 -0.0000 -0.0000
vn 0.9993 0.0371 -0.0000
vn 0.9993 0.0369 -0.0000
vn 0.9992 0.0391 -0.0000
vn 0.9990 0.0437 -0.0001
vn 0.9990 0.0441 0.0004
vn 0.9991 0.0435 0.0005
vn 0.9990 0.0450 0.0005
vn 0.9988 0.0486 -0.0000
vn 0.9990 0.0456 0.0004
vn 0.9980 0.0625 0.0001
vn 0.9982 0.0601 0.0002
vn 0.9982 0.0600 0.0002
vn 0.9984 0.0572 0.0007
vn 0.9986 0.0527 0.0018
vn 0.9987 0.0515 0.0020
vn 0.9986 0.0536 -0.0000
vn 0.9985 0.0546 0.0011
vn 0.9986 0.0533 0.0017
vn 0.9983 0.0578 0.0006
vn 0.9974 0.0725 0.0003
vn 0.9975 0.0704 0.0005
vn 0.9975 0.0703 0.0005
vn 0.9977 0.0683 -0.0001
vn 0.9976 0.0689 0.0006
vn 0.9977 0.0678 0.0009
vn 0.9977 0.0676 0.0011
vn 0.9977 0.0682 0.0009
vn 0.9971 0.0765 -0.0000
vn 0.9973 0.0728 0.0002
vn 0.9977 0.0682 -0.0001
vn 0.9980 0.0628 0.0001
vn 0.9986 0.0535 -0.0000
vn 0.9992 0.0392 -0.0000
vn 0.9969 0.0783 -0.0000
vn 0.9969 0.0788 -0.0000
vn 0.9969 0.0791 -0.0000
vn 0.9968 0.0794 -0.0001
vn 0.9968 0.0795 -0.0001
vn 0.9968 0.0805 -0.0001
vn 0.9968 0.0799 -0.0001
vn 0.9968 0.0796 -0.0001
vn 0.9969 0.0787 -0.0000
vn 0.9968 0.0801 -0.0001
vn 0.9968 0.0798 -0.0001
vn -0.9980 -0.0631 -0.0000
vn -0.9980 -0.0632 -0.0000
vn -0.9980 -0.0633 -0.0000
vn -0.9980 -0.0634 -0.0000
vn -0.9980 -0.0635 -0.0000
vn -0.9980 -0.0636 -0.0000
vn -0.9980 -0.0629 -0.0000
vn -0.9980 -0.0639 -0.0000
vn -0.9980 -0.0637 -0.0000
vn -0.9981 -0.0621 -0.0000
vn -0.9994 -0.0360 0.0003
vn -0.9993 -0.0368 0.0002
vn -0.9993 -0.0366 0.0002
vn -0.9993 -0.0382 0.0001
vn -0.9992 -0.0397 -0.0000
vn -0.9992 -0.0389 -0.0000
vn -0.9995 -0.0310 0.0015
vn -0.9995 -0.0316 0.0013
vn -0.9995 -0.0318 0.0012
vn -0.9994 -0.0351 -0.0000
vn -0.9994 -0.0333 0.0007
vn -0.9995 -0.0324 0.0010
vn -0.9995 -0.0308 0.0016
vn -0.9995 -0.0328 0.0009
vn -0.9994 -0.0332 0.0009
vn -0.9994 -0.0341 0.0006
vn -0.9994 -0.0343 0.0006
vn -0.9994 -0.0354 0.0004
vn -0.9993 -0.0361 0.0003
vn -0.9997 -0.0255 0.0020
vn -0.9990 -0.0454 0.0003
vn -0.9990 -0.0456 0.0002
vn -0.9991 -0.0417 0.0010
vn -0.9998 -0.0179 0.0027
vn -0.9988 -0.0481 -0.0000
vn -0.9988 -0.0482 -0.0000
vn -0.9991 -0.0417 -0.0000
vn -0.9991 -0.0431 0.0005
vn -0.9991 -0.0421 0.0008
vn -0.9992 -0.0412 0.0012
vn -0.9991 -0.0415 0.0011
vn -0.9986 -0.0532 0.0003
vn -0.9985 -0.0552 0.0001
vn -0.9984 -0.0561 0.0001
vn -0.9987 -0.0511 0.0001
vn -0.9988 -0.0494 -0.0000
vn -0.9987 -0.0513 0.0001
vn -0.9986 -0.0526 0.0004
vn -0.9986 -0.0524 0.0004
vn -0.9986 -0.0529 0.0004
vn -0.9984 -0.0564 -0.0000
vn -0.9984 -0.0570 -0.0000
vn -0.9983 -0.0581 -0.0000
vn -0.9982 -0.0595 0.0002
vn -0.9982 -0.0594 0.0002
vn -0.9983 -0.0582 -0.0000
vn -0.9982 -0.0602 0.0002
vn -0.9982 -0.0607 0.0001
vn -0.9981 -0.0615 -0.0000
vn -0.9981 -0.0617 -0.0000
vn -0.9981 -0.0622 -0.0000
vn -0.9988 -0.0495 -0.0000
vn -0.9991 -0.0426 -0.0000
vn 0.9967 0.0810 -0.0000
vn 0.9967 0.0816 -0.0001
vn 0.9966 0.0819 -0.0001
vn 0.9966 0.0822 -0.0001
vn 0.9966 0.0823 -0.0000
vn 0.9966 0.0826 -0.0000
vn 0.9963 0.0863 -0.0000
vn 0.9965 0.0833 -0.0000
vn 0.9966 0.0828 -0.0000
vn 0.9965 0.0832 -0.0000
vn 0.9966 0.0827 -0.0000
vn 0.9960 0.0890 0.0002
vn 0.9962 0.0872 0.0004
vn 0.9962 0.0871 0.0004
vn 0.9957 0.0930 -0.0000
vn 0.9960 0.0893 0.0002
vn 0.9963 0.0864 0.0005
vn 0.9963 0.0858 0.0007
vn 0.9963 0.0861 0.0006
vn 0.9953 0.0968 0.0006
vn 0.9955 0.0951 0.0009
vn 0.9955 0.0952 0.0009
vn 0.9949 0.1006 0.0001
vn 0.9953 0.0973 0.0005
vn 0.9953 0.0965 -0.0000
vn 0.9953 0.0970 0.0004
vn 0.9953 0.0963 0.0005
vn 0.9947 0.1025 -0.0000
vn 0.9938 0.1109 -0.0000
vn 0.9940 0.1094 0.0001
vn 0.9942 0.1072 0.0003
vn 0.9945 0.1052 -0.0000
vn 0.9944 0.1053 -0.0000
vn 0.9942 0.1076 0.0004
vn 0.9943 0.1070 0.0004
vn 0.9942 0.1080 0.0003
vn 0.9931 0.1171 0.0003
vn 0.9932 0.1164 0.0004
vn 0.9932 0.1165 0.0003
vn 0.9928 0.1200 -0.0000
vn 0.9931 0.1173 0.0003
vn 0.9932 0.1166 0.0001
vn 0.9935 0.1142 -0.0000
vn 0.9932 0.1164 0.0001
vn 0.9935 0.1143 -0.0000
vn 0.9936 0.1126 -0.0000
vn 0.9922 0.1250 0.0002
vn 0.9924 0.1231 0.0001
vn 0.9924 0.1234 0.0001
vn 0.9926 0.1214 -0.0000
vn 0.9922 0.1247 0.0003
vn 0.9922 0.1249 0.0003
vn 0.9920 0.1262 0.0002
vn 0.9908 0.1352 -0.0000
vn 0.9910 0.1340 -0.0000
vn 0.9909 0.1348 -0.0000
vn 0.9911 0.1333 0.0001
vn 0.9912 0.1324 0.0002
vn 0.9912 0.1326 0.0002
vn 0.9913 0.1315 0.0004
vn 0.9913 0.1314 0.0001
vn 0.9913 0.1313 0.0001
vn 0.9916 0.1291 -0.0000
vn 0.9916 0.1290 -0.0000
vn 0.9918 0.1279 -0.0000
vn 0.9914 0.1311 0.0005
vn 0.9913 0.1313 0.0005
vn 0.9910 0.1338 0.0001
vn 0.9911 0.1330 0.0001
vn 0.9910 0.1339 0.0001
vn 0.9902 0.1394 -0.0000
vn 0.9903 0.1390 -0.0000
vn 0.9903 0.1392 -0.0000
vn 0.9903 0.1389 -0.0000
vn 0.9904 0.1382 0.0001
vn 0.9905 0.1379 0.0001
vn 0.9905 0.1379 0.0002
vn 0.9903 0.1387 0.0001
vn 0.9904 0.1380 0.0001
vn 0.9903 0.1389 0.0001
vn 0.9892 0.1467 -0.0000
vn 0.9973 0.0739 -0.0000
vn 0.9868 0.1617 -0.0000
vn 0.9905 0.1374 0.0003
vn 0.9905 0.1376 0.0003
vn 0.9905 0.1372 0.0003
vn 0.9906 0.1365 0.0005
vn 0.9906 0.1370 0.0006
vn 0.9907 0.1362 0.0006
vn 0.9906 0.1370 0.0003
vn 0.9905 0.1377 -0.0000
vn 0.9906 0.1368 0.0004
vn 0.9906 0.1367 0.0004
vn 0.9906 0.1369 0.0004
vn 0.9905 0.1375 0.0002
vn 0.9904 0.1380 0.0003
vn 0.9904 0.1380 0.0002
vn 0.9900 0.1411 0.0001
vn 0.9900 0.1409 0.0001
vn 0.9900 0.1408 -0.0000
vn 0.9897 0.1430 0.0003
vn 0.9900 0.1413 0.0002
vn 0.9900 0.1413 -0.0000
vn 0.9900 0.1410 0.0001
vn 0.9901 0.1404 0.0001
vn 0.9900 0.1414 0.0002
vn 0.9956 0.0532 0.0767
vn 0.9850 0.1726 0.0001
vn 0.9901 0.1405 -0.0011
vn 0.9900 0.1409 0.0002
vn 0.9950 0.0880 0.0472
vn 0.9900 0.1408 0.0001
vn 0.9897 0.1430 0.0005
vn 0.9900 0.1411 0.0002
vn 0.9901 0.1402 -0.0000
vn 0.9900 0.1410 0.0002
vn 0.9902 0.1399 -0.0000
vn 0.9903 0.1388 -0.0002
vn 0.9901 0.1406 0.0002
vn 0.9901 0.1402 0.0003
vn 0.9902 0.1397 -0.0000
vn 0.9901 0.1407 0.0001
vn 0.9902 0.1400 0.0004
vn 0.9925 0.1225 -0.0025
vn 0.9932 0.1161 -0.0035
vn 0.9901 0.1402 0.0002
vn 0.9901 0.1405 0.0003
vn 0.9898 0.1427 0.0004
vn 0.9899 0.1415 0.0001
vn 0.9900 0.1407 0.0001
vn 0.9901 0.1403 0.0001
vn 0.9901 0.1405 -0.0000
vn 0.9901 0.1405 0.0001
vn 0.9900 0.1412 -0.0001
vn 0.9901 0.1403 -0.0000
vn 0.9901 0.1404 -0.0000
vn 0.9901 0.1401 -0.0000
vn 0.9901 0.1400 -0.0000
vn 0.9902 0.1398 -0.0000
vn 0.9900 0.1414 -0.0001
vn 0.9902 0.1396 0.0004
vn 0.9870 0.1605 0.0001
vn -0.0000 1.0000 -0.0000
vn 0.9920 0.1265 0.0001
vn 0.9928 0.1201 -0.0000
vn 0.9938 0.1110 -0.0000
vn 0.9947 0.1024 -0.0000
vn 0.9953 0.0967 -0.0000
vn 0.9957 0.0929 -0.0000
vn -0.9914 0.1312 0.0004
vn -0.9915 0.1303 0.0007
vn -0.9913 0.1315 0.0003
vn -0.9915 0.1300 0.0008
vn -0.9914 0.1309 0.0006
vn -0.9915 0.1301 -0.0000
vn -0.9915 0.1303 -0.0000
vn -0.9914 0.1307 0.0006
vn -0.9912 0.1322 0.0003
vn -0.9911 0.1332 0.0001
vn -0.9910 0.1339 0.0001
vn -0.9910 0.1342 -0.0000
vn -0.9910 0.1338 0.0001
vn -0.9910 0.1336 0.0001
vn -0.9909 0.1349 -0.0000
vn -0.9908 0.1350 -0.0000
vn -0.9908 0.1352 -0.0000
vn -0.9922 0.1245 0.0004
vn -0.9922 0.1249 0.0004
vn -0.9922 0.1246 0.0003
vn -0.9924 0.1229 0.0001
vn -0.9924 0.1232 0.0001
vn -0.9920 0.1262 0.0001
vn -0.9919 0.1272 0.0001
vn -0.9921 0.1252 0.0003
vn -0.9919 0.1274 0.0001
vn -0.9917 0.1283 -0.0000
vn -0.9934 0.1148 0.0006
vn -0.9934 0.1144 0.0008
vn -0.9933 0.1155 0.0005
vn -0.9934 0.1150 0.0007
vn -0.9932 0.1168 0.0004
vn -0.9934 0.1150 -0.0000
vn -0.9934 0.1151 -0.0000
vn -0.9931 0.1173 0.0003
vn -0.9929 0.1194 0.0001
vn -0.9928 0.1196 0.0001
vn -0.9927 0.1210 -0.0000
vn -0.9945 0.1044 0.0009
vn -0.9945 0.1050 0.0009
vn -0.9944 0.1059 0.0007
vn -0.9944 0.1052 0.0008
vn -0.9939 0.1104 0.0001
vn -0.9939 0.1105 0.0001
vn -0.9936 0.1130 -0.0001
vn -0.9944 0.1053 -0.0000
vn -0.9944 0.1054 -0.0000
vn -0.9955 0.0951 -0.0000
vn -0.9952 0.0979 0.0003
vn -0.9955 0.0952 -0.0000
vn -0.9952 0.0978 0.0003
vn -0.9953 0.0973 0.0004
vn -0.9950 0.1001 0.0001
vn -0.9947 0.1026 -0.0001
vn -0.9950 0.0998 0.0002
vn -0.9952 0.0974 0.0004
vn -0.9961 0.0877 0.0003
vn -0.9962 0.0868 0.0005
vn -0.9961 0.0880 0.0002
vn -0.9960 0.0893 0.0002
vn -0.9958 0.0919 -0.0001
vn -0.9960 0.0892 0.0002
vn -0.9963 0.0865 0.0005
vn -0.9902 0.1399 -0.0000
vn -0.9901 0.1406 0.0001
vn -0.9901 0.1404 -0.0000
vn -0.9901 0.1405 -0.0000
vn -0.9901 0.1402 -0.0000
vn -0.9902 0.1400 -0.0000
vn -0.9900 0.1410 -0.0001
vn -0.9901 0.1405 0.0001
vn -0.9900 0.1414 -0.0001
vn -0.9901 0.1407 0.0001
vn -0.9901 0.1401 -0.0000
vn -0.9902 0.1396 -0.0000
vn -0.9900 0.1408 0.0001
vn -0.9900 0.1407 0.0001
vn -0.9900 0.1410 0.0001
vn -0.9924 0.1228 -0.0017
vn -0.9900 0.1409 0.0001
vn -0.9900 0.1411 0.0001
vn -0.9900 0.1407 0.0002
vn -0.9899 0.1414 0.0004
vn -0.9932 0.1161 -0.0023
vn -0.9901 0.1405 0.0003
vn -0.9900 0.1409 0.0002
vn -0.9901 0.1403 0.0002
vn -0.9903 0.1392 -0.0000
vn -0.9900 0.1411 0.0002
vn -0.9901 0.1406 0.0002
vn -0.9901 0.1402 0.0003
vn -0.9907 0.1362 -0.0002
vn -0.9904 0.1385 -0.0000
vn -0.9901 0.1401 0.0001
vn -0.9902 0.1398 0.0004
vn -0.9901 0.1404 0.0002
vn -0.9900 0.1411 -0.0000
vn -0.9902 0.1397 0.0005
vn -0.9870 0.1605 0.0031
vn -0.9954 0.0879 0.0371
vn -0.9850 0.1726 0.0051
vn -0.9967 0.0532 0.0608
vn -0.9899 0.1414 0.0001
vn -0.9899 0.1416 -0.0000
vn -0.9899 0.1415 0.0002
vn -0.9900 0.1413 0.0002
vn -0.9899 0.1417 0.0003
vn -0.9900 0.1408 -0.0000
vn -0.9900 0.1412 0.0002
vn -0.9906 0.1369 0.0003
vn -0.9908 0.1356 0.0008
vn -0.9906 0.1368 0.0004
vn -0.9905 0.1377 -0.0000
vn -0.9907 0.1360 0.0006
vn -0.9907 0.1362 0.0006
vn -0.9906 0.1368 0.0005
vn -0.9906 0.1370 0.0004
vn -0.9906 0.1369 0.0004
vn -0.9906 0.1364 0.0004
vn -0.9906 0.1366 0.0004
vn -0.9906 0.1371 0.0004
vn -0.9905 0.1373 0.0003
vn -0.9907 0.1359 0.0006
vn -0.9905 0.1374 0.0003
vn -0.9905 0.1376 0.0002
vn -0.9905 0.1372 0.0002
vn -0.9904 0.1379 0.0002
vn -0.9905 0.1378 0.0002
vn -0.9905 0.1377 0.0002
vn -0.9904 0.1384 0.0001
vn -0.9903 0.1387 0.0001
vn -0.9904 0.1382 0.0001
vn -0.9904 0.1386 0.0001
vn -0.9903 0.1390 -0.0000
vn -0.9844 0.1760 -0.0000
vn -0.9902 0.1394 -0.0000
vn -0.9902 0.1398 -0.0000
vn -0.9903 0.1389 -0.0000
vn -0.9908 0.1353 -0.0000
vn -0.9963 0.0863 -0.0000
vn -0.9965 0.0833 -0.0000
vn -0.9966 0.0828 -0.0000
vn -0.9966 0.0829 -0.0000
vn -0.9966 0.0826 -0.0000
vn -0.9966 0.0827 -0.0000
vn -0.9967 0.0815 -0.0001
vn -0.9966 0.0820 -0.0001
vn -0.9966 0.0818 -0.0001
vn -0.9967 0.0810 -0.0000
vn -0.9966 0.0819 -0.0001
vn -0.9967 0.0817 -0.0001
vn -0.9966 0.0822 -0.0000
vn -0.9965 0.0832 -0.0000
vn -0.9968 0.0794 -0.0001
vn -0.9969 0.0791 -0.0000
vn -0.9968 0.0799 -0.0001
vn -0.9968 0.0804 -0.0001
vn -0.9968 0.0802 -0.0001
vn -0.9968 0.0805 -0.0001
vn -0.9968 0.0801 -0.0001
vn -0.9968 0.0798 -0.0001
vn -0.9969 0.0784 -0.0000
vn -0.9971 0.0764 -0.0000
vn -0.9969 0.0783 -0.0000
vn -0.9969 0.0789 -0.0000
vn -0.9969 0.0788 -0.0000
vn -0.9978 0.0670 0.0011
vn -0.9979 0.0655 0.0016
vn -0.9977 0.0684 0.0008
vn -0.9978 0.0657 0.0015
vn -0.9977 0.0684 0.0009
vn -0.9976 0.0687 0.0008
vn -0.9975 0.0701 0.0005
vn -0.9974 0.0727 0.0002
vn -0.9974 0.0723 0.0003
vn -0.9975 0.0702 0.0005
vn -0.9984 0.0559 0.0008
vn -0.9986 0.0536 0.0014
vn -0.9984 0.0565 0.0006
vn -0.9985 0.0553 0.0010
vn -0.9983 0.0578 0.0006
vn -0.9985 0.0548 0.0011
vn -0.9981 0.0616 0.0001
vn -0.9980 0.0640 -0.0000
vn -0.9981 0.0617 0.0001
vn -0.9983 0.0581 0.0005
vn -0.9985 0.0538 0.0014
vn -0.9980 0.0638 -0.0001
vn -0.9977 0.0676 -0.0000
vn -0.9991 0.0424 0.0008
vn -0.9991 0.0413 0.0012
vn -0.9991 0.0434 0.0006
vn -0.9991 0.0416 0.0011
vn -0.9991 0.0427 0.0009
vn -0.9990 0.0444 0.0006
vn -0.9989 0.0475 0.0002
vn -0.9990 0.0441 0.0006
vn -0.9989 0.0477 0.0002
vn -0.9987 0.0514 -0.0000
vn -0.9987 0.0517 -0.0000
vn -0.9984 0.0559 -0.0000
vn -0.9991 0.0426 0.0009
vn -0.9993 0.0363 0.0001
vn -0.9993 0.0366 0.0001
vn -0.9993 0.0365 0.0001
vn -0.9992 0.0388 -0.0000
vn -0.9993 0.0387 -0.0000
vn -0.9991 0.0428 -0.0000
vn -0.9993 0.0371 -0.0000
vn -0.9984 0.0563 -0.0000
vn -0.9977 0.0675 -0.0000
vn -1.0000 -0.0000 -0.0000
vn -0.0001 -0.0000 1.0000
vn -0.0000 -0.0000 -1.0000
vn -0.9978 -0.0662 -0.0000
vn -0.9975 -0.0712 0.0003
vn -0.9975 -0.0701 -0.0000
vn 0.9979 -0.0655 -0.0000
vn 0.9978 -0.0663 -0.0000
vn 0.9979 -0.0653 -0.0000
vn 0.9975 -0.0701 -0.0000
vn 0.9981 -0.0615 -0.0000
vn 0.9979 -0.0651 -0.0000
vn 0.9980 -0.0626 -0.0000
vn 0.9969 0.0789 -0.0000
vn -0.9980 -0.0638 -0.0000
vn -0.9991 -0.0425 0.0008
vn -0.9988 -0.0493 -0.0000
vn -0.9987 -0.0500 -0.0000
vn 0.9965 0.0830 -0.0000
vn 0.9926 0.1212 -0.0000
vn 0.9926 0.1215 -0.0000
vn 0.9910 0.1336 -0.0000
vn 0.9918 0.1277 -0.0000
vn 0.9907 0.1358 -0.0000
vn 0.9903 0.1387 -0.0000
vn 0.9909 0.1347 -0.0000
vn -0.9917 0.1282 -0.0000
vn -0.9927 0.1209 -0.0000
vn -0.9958 0.0920 -0.0001
vn -0.9899 0.1416 0.0004
vn -0.9905 0.1372 -0.0000
vn -0.9908 0.1356 -0.0000
vn -0.9966 0.0823 -0.0000
vn -0.9968 0.0800 -0.0000
vn 0.7071 -0.0000 0.7071
vn -0.0000 -0.0000 1.0000
vn 0.0156 -0.0000 0.9999
vn -0.0040 -0.0000 1.0000
vn -0.2425 -0.0000 0.9701
vn -0.0015 -0.0000 1.0000
vn -0.0173 -0.0000 0.9999
vn 0.0122 -0.0000 0.9999
vn 0.0111 -0.0000 0.9999
vn 0.0024 -0.0000 1.0000
vn -0.0029 -0.0000 1.0000
vn -0.0010 -0.0000 1.0000
vn 0.0070 -0.0000 1.0000
vn 0.0104 -0.0000 0.9999
vn 0.0001 -0.0000 1.0000
vn -0.0712 -0.0000 0.9975
vn -0.0143 -0.0000 0.9999
vn 0.0062 -0.0000 1.0000
vn 0.0069 -0.0000 1.0000
vn 0.0294 -0.0000 0.9996
vn 0.0109 -0.0000 0.9999
vn 0.0028 -0.0000 1.0000
vn -0.0003 -0.0000 1.0000
vn 0.0008 -0.0000 1.0000
vn -0.0031 -0.0000 1.0000
vn -0.0032 -0.0000 1.0000
vn -0.0011 -0.0000 1.0000
vn 0.0016 -0.0000 1.0000
vn 0.0043 -0.0000 1.0000
vn 0.0007 -0.0000 1.0000
vn -0.0026 -0.0000 1.0000
vn -0.0041 -0.0000 1.0000
vn 0.0006 -0.0000 1.0000
vn 0.0002 -0.0000 1.0000
vn 0.0102 -0.0000 0.9999
vn -0.0014 -0.0000 1.0000
vn -0.0416 -0.0000 0.9991
vn 0.0014 -0.0000 1.0000
vn -0.0002 -0.0000 1.0000
vn 0.0011 -0.0000 1.0000
vn 0.0624 -0.0000 0.9981
vn -0.0830 -0.0000 0.9965
vn -0.0179 -0.0000 0.9998
vn 0.0015 -0.0000 1.0000
vn -0.0016 -0.0000 1.0000
vn 0.0010 -0.0000 1.0000
vn -0.0125 -0.0000 0.9999
vn 0.0003 -0.0000 1.0000
vn -0.0050 -0.0000 1.0000
vn 0.0077 -0.0000 1.0000
vn -0.1644 -0.0000 0.9864
vn 0.0089 -0.0000 1.0000
vn 0.0324 -0.0000 0.9995
vn 0.0312 -0.0000 0.9995
vn -0.0009 -0.0000 1.0000
vn 0.0030 -0.0000 1.0000
vn -0.1240 -0.0000 0.9923
vn -0.0006 -0.0000 1.0000
vn -0.0036 -0.0000 1.0000
vn 0.0278 -0.0000 0.9996
vn 0.2040 -0.0000 0.9790
vn 0.0208 -0.0000 0.9998
vn 0.0945 -0.0000 0.9955
vn 0.1240 -0.0000 0.9923
vn -0.0748 -0.0000 -0.9972
vn -0.0004 -0.0000 1.0000
vn -0.0312 -0.0000 -0.9995
vn -0.0312 -0.0000 0.9995
vn 0.0416 -0.0000 0.9991
vn 0.0179 -0.0000 -0.9998
vn 0.0160 -0.0000 0.9999
vn -0.0624 -0.0000 -0.9981
vn 0.0995 -0.0000 0.9950
vn 0.0067 -0.0000 1.0000
vn 0.0250 -0.0000 0.9997
vn 0.0624 -0.0000 -0.9981
vn 0.0555 -0.0000 0.9985
vn 0.4472 -0.0000 0.8944
vn -0.0227 -0.0000 0.9997
vn -0.3162 -0.0000 0.9487
vn 0.0830 -0.0000 0.9965
vn 0.0071 -0.0000 1.0000
vn -0.0093 -0.0000 1.0000
vn 0.1240 -0.0000 -0.9923
vn -0.0567 -0.0000 0.9984
vn -0.0624 -0.0000 0.9981
vn 0.4472 -0.0000 -0.8944
vn -0.2958 -0.0000 0.9553
vn -0.0137 -0.0000 0.9999
vn -0.0114 -0.0000 0.9999
vn 0.0085 -0.0000 1.0000
vn -0.0024 -0.0000 1.0000
vn 0.0018 -0.0000 1.0000
vn 0.0434 -0.0000 0.9991
vn -0.0012 -0.0000 1.0000
vn -0.0018 -0.0000 1.0000
vn -0.0208 -0.0000 0.9998
vn -0.0089 -0.0000 1.0000
vn 0.2425 -0.0000 0.9701
vn -0.0100 -0.0000 0.9999
vn 0.0005 -0.0000 1.0000
vn 0.0020 -0.0000 1.0000
vn 0.0040 -0.0000 1.0000
vn -0.0033 -0.0000 1.0000
vn 0.0013 -0.0000 1.0000
vn -0.0030 -0.0000 1.0000
vn 0.0004 -0.0000 1.0000
vn -0.0043 -0.0000 1.0000
vn 0.0029 -0.0000 1.0000
vn 0.0034 -0.0000 1.0000
vn 0.0276 -0.0000 0.9996
vn -0.0023 -0.0000 1.0000
vn 0.0036 -0.0000 1.0000
vn -0.0046 -0.0000 1.0000
vn 0.0026 -0.0000 1.0000
vn 0.0021 -0.0000 1.0000
vn 0.0012 -0.0000 1.0000
vn 0.0112 -0.0000 0.9999
vn -0.0007 -0.0000 1.0000
vn 0.0063 -0.0000 1.0000
vn -0.0767 -0.0000 0.9971
vn 0.0061 -0.0000 1.0000
vn -0.3162 -0.0000 -0.9487
vn -0.9655 -0.0000 0.2604
vn -0.7071 -0.0000 -0.7071
vn -0.2822 -0.0000 -0.9594
vn 0.1644 -0.0000 -0.9864
vn -0.6000 -0.0000 0.8000
vn 0.4668 -0.0000 -0.8844
vn 0.3162 -0.0000 -0.9487
vn 0.2425 -0.0000 -0.9701
vn 0.0720 -0.0000 -0.9974
vn -0.2425 -0.0000 -0.9701
vn 0.1322 -0.0000 -0.9912
vn 0.3824 -0.0000 -0.9240
vn -0.0384 -0.0000 -0.9993
vn 0.0290 -0.0000 -0.9996
vn 0.7071 -0.0000 -0.7071
vn 0.0115 -0.0000 -0.9999
vn -0.0760 -0.0000 -0.9971
vn 0.4555 -0.0000 -0.8902
vn 0.0154 -0.0000 -0.9999
vn 0.0363 -0.0000 -0.9993
vn -0.3011 -0.0000 -0.9536
vn -0.0015 -0.0000 -1.0000
vn -0.0089 -0.0000 -1.0000
vn -0.0351 -0.0000 -0.9994
vn 0.0555 -0.0000 -0.9985
vn -0.0055 -0.0000 -1.0000
vn 0.0034 -0.0000 -1.0000
vn -0.0002 -0.0000 -1.0000
vn -0.0010 -0.0000 -1.0000
vn 0.0007 -0.0000 -1.0000
vn -0.0004 -0.0000 -1.0000
vn -0.0001 -0.0000 -1.0000
vn -0.0006 -0.0000 -1.0000
vn 0.0005 -0.0000 -1.0000
vn 0.0001 -0.0000 -1.0000
vn 0.0948 -0.0000 -0.9955
vn 0.0238 -0.0000 -0.9997
vn -0.0322 -0.0000 -0.9995
vn -0.0041 -0.0000 -1.0000
vn -0.0237 -0.0000 -0.9997
vn 0.1465 -0.0000 -0.9892
vn 0.0266 -0.0000 -0.9996
vn 0.0017 -0.0000 -1.0000
vn 0.0019 -0.0000 -1.0000
vn -0.0018 -0.0000 -1.0000
vn -0.0013 -0.0000 -1.0000
vn -0.0007 -0.0000 -1.0000
vn 0.0101 -0.0000 -0.9999
vn 0.0002 -0.0000 -1.0000
vn -0.1644 -0.0000 -0.9864
vn -0.0963 -0.0000 -0.9954
vn -0.0022 -0.0000 -1.0000
vn 0.0222 -0.0000 -0.9998
vn 0.0026 -0.0000 -1.0000
vn 0.0058 -0.0000 -1.0000
vn 0.0022 -0.0000 -1.0000
vn 0.0003 -0.0000 -1.0000
vn 0.0014 -0.0000 -1.0000
vn -0.0014 -0.0000 -1.0000
vn 0.0225 -0.0000 -0.9997
vn 0.0145 -0.0000 -0.9999
vn -0.0003 -0.0000 -1.0000
vn -0.0416 -0.0000 -0.9991
vn -0.0250 -0.0000 -0.9997
vn -0.0256 -0.0000 -0.9997
vn -0.1018 -0.0000 -0.9948
vn 0.0004 -0.0000 -1.0000
vn 0.1815 -0.0000 -0.9834
vn 0.0084 -0.0000 -1.0000
vn -0.0038 -0.0000 -1.0000
vn 0.0068 -0.0000 -1.0000
vn -0.0077 -0.0000 -1.0000
vn 0.0013 -0.0000 -1.0000
vn 0.0876 -0.0000 -0.9962
vn -0.0065 -0.0000 -1.0000
vn 0.4061 -0.0000 -0.9138
vn -0.4258 -0.0000 -0.9048
vn -0.0079 -0.0000 -1.0000
vn 0.0138 -0.0000 -0.9999
vn -0.4961 -0.0000 -0.8682
vn -0.5547 -0.0000 -0.8321
vn -0.0739 -0.0000 -0.9973
vn 0.1344 -0.0000 -0.9909
vn -0.0019 -0.0000 -1.0000
vn 0.0038 -0.0000 -1.0000
vn 0.0015 -0.0000 -1.0000
vn 0.0213 -0.0000 -0.9998
vn 0.0061 -0.0000 -1.0000
vn -0.0512 -0.0000 -0.9987
vn -0.0061 -0.0000 -1.0000
vn 0.0064 -0.0000 -1.0000
vn -0.0072 -0.0000 -1.0000
vn -0.0009 -0.0000 -1.0000
vn -0.0005 -0.0000 -1.0000
vn 0.0016 -0.0000 -1.0000
vn 0.0059 -0.0000 -1.0000
vn -0.0110 -0.0000 -0.9999
vn -0.0011 -0.0000 -1.0000
vn 0.0009 -0.0000 -1.0000
vn 0.0025 -0.0000 -1.0000
vn 0.0037 -0.0000 -1.0000
vn -0.0392 -0.0000 -0.9992
vn -0.0848 -0.0000 -0.9964
vn -0.4061 -0.0000 -0.9138
vn -0.1203 -0.0000 -0.9927
vn -0.0083 -0.0000 -1.0000
vn 0.1203 -0.0000 -0.9927
vn -0.0116 -0.0000 -0.9999
vn -0.0753 -0.0000 -0.9972
vn 0.6247 -0.0000 -0.7809
vn 0.0012 -0.0000 -1.0000
vn -0.0017 -0.0000 -1.0000
vn 0.0028 -0.0000 -1.0000
vn 0.0077 -0.0000 -1.0000
vn 0.0006 -0.0000 -1.0000
vn 0.0905 -0.0000 -0.9959
vn 0.2375 -0.0000 -0.9714
vn 0.0140 -0.0000 -0.9999
vn -0.1008 -0.0000 -0.9949
vn -0.0016 -0.0000 -1.0000
vn -0.0052 -0.0000 -1.0000
vn -0.0145 -0.0000 -0.9999
vn 0.4961 -0.0000 -0.8682
vn -0.0062 -0.0000 -1.0000
vn 0.3881 -0.0000 -0.9216
vn 0.0201 -0.0000 -0.9998
vn 0.0032 -0.0000 -1.0000
vn -0.0814 -0.0000 -0.9967
vn 0.9701 -0.0000 -0.2425
vn 0.0134 -0.0000 -0.9999
vn -0.0056 -0.0000 -1.0000
vn 0.0147 -0.0000 -0.9999
vn -0.7682 -0.0000 -0.6402
vn 0.0983 -0.0000 -0.9952
vn -0.0067 -0.0000 -1.0000
vn -0.0261 -0.0000 -0.9997
vn -0.0621 -0.0000 -0.9981
vn -0.9070 -0.0000 -0.4211
vt 0.993216 0.974791
vt 0.562802 0.339485
vt 0.327383 0.339485
vt 0.995588 0.974791
vt 0.999998 0.339485
vt 0.295785 0.339485
vt 0.802591 0.974791
vt 0.897355 0.974791
vt 0.264549 0.339485
vt 0.700178 0.974791
vt 0.230792 0.339485
vt 0.600043 0.974791
vt 0.700178 0.974791
vt 0.115920 0.339485
vt 0.000000 0.974791
vt 0.351679 0.974791
vt 0.136849 0.339485
vt 0.351679 0.974791
vt 0.415173 0.974791
vt 0.166358 0.339485
vt 0.504697 0.974791
vt 0.197785 0.339485
vt 0.504697 0.974791
vt 0.600043 0.974791
vt 0.327382 0.339485
vt 0.993216 0.974791
vt 0.648321 0.974791
vt 0.863151 0.339485
vt 0.584827 0.974791
vt 0.584827 0.974791
vt 0.833642 0.339485
vt 0.495303 0.974791
vt 0.495303 0.974791
vt 0.802215 0.339485
vt 0.399957 0.974791
vt 0.102644 0.974791
vt 0.672617 0.339485
vt 0.006784 0.974791
vt 0.436727 0.339485
vt 0.006784 0.974791
vt 0.672617 0.339485
vt 0.000002 0.339485
vt 0.004407 0.974791
vt 0.197409 0.974791
vt 0.704215 0.339485
vt 0.102644 0.974791
vt 0.299822 0.974791
vt 0.735451 0.339485
vt 0.399957 0.974791
vt 0.769208 0.339485
vt 0.299822 0.974791
vt 1.000000 0.974791
vt 0.884080 0.339485
vt 0.648321 0.974791
vt 0.013649 0.974088
vt 0.330708 0.321078
vt 0.357630 0.321078
vt 0.498919 0.974088
vt 0.357630 0.321078
vt 0.471688 0.321078
vt 0.012622 0.974088
vt 0.265161 0.321078
vt 0.330708 0.321078
vt 0.009472 0.974088
vt 0.200812 0.321078
vt 0.248188 0.321078
vt 0.010120 0.974088
vt 0.248188 0.321078
vt 0.265161 0.321078
vt 0.005873 0.974088
vt 0.142281 0.321078
vt 0.153875 0.321078
vt 0.007664 0.974088
vt 0.153875 0.321078
vt 0.200812 0.321078
vt 0.005430 0.974088
vt 0.088871 0.321078
vt 0.142281 0.321078
vt 0.002774 0.974088
vt 0.040072 0.321078
vt 0.072675 0.321078
vt 0.003392 0.974088
vt 0.072675 0.321078
vt 0.088871 0.321078
vt 0.000126 0.974088
vt 0.000000 0.321078
vt 0.003296 0.321078
vt 0.001529 0.974088
vt 0.003296 0.321078
vt 0.040072 0.321078
vt 0.518511 0.974088
vt 0.980296 0.321078
vt 0.985009 0.321078
vt 0.518331 0.974088
vt 0.975530 0.321078
vt 0.980296 0.321078
vt 0.517536 0.974088
vt 0.957419 0.321078
vt 0.959466 0.321078
vt 0.517930 0.974088
vt 0.959466 0.321078
vt 0.969789 0.321078
vt 0.517143 0.974088
vt 0.943323 0.321078
vt 0.949160 0.321078
vt 0.516920 0.974088
vt 0.939370 0.321078
vt 0.943322 0.321078
vt 0.517458 0.974088
vt 0.957419 0.321078
vt 0.516547 0.974088
vt 0.923628 0.321078
vt 0.933554 0.321078
vt 0.516168 0.974088
vt 0.922291 0.321078
vt 0.923628 0.321078
vt 0.516769 0.974088
vt 0.933554 0.321078
vt 0.939370 0.321078
vt 0.518149 0.974088
vt 0.969789 0.321078
vt 0.975530 0.321078
vt 0.515784 0.974088
vt 0.902010 0.321078
vt 0.913554 0.321078
vt 0.515326 0.974088
vt 0.890370 0.321078
vt 0.901558 0.321078
vt 0.514899 0.974088
vt 0.880566 0.321078
vt 0.890370 0.321078
vt 0.514465 0.974088
vt 0.867381 0.321078
vt 0.878993 0.321078
vt 0.514021 0.974088
vt 0.855497 0.321078
vt 0.867381 0.321078
vt 0.513568 0.974088
vt 0.854488 0.321078
vt 0.514525 0.974088
vt 0.878993 0.321078
vt 0.880566 0.321078
vt 0.513103 0.974088
vt 0.832296 0.321078
vt 0.843306 0.321078
vt 0.512682 0.974088
vt 0.816771 0.321078
vt 0.832296 0.321078
vt 0.511722 0.974088
vt 0.779063 0.321078
vt 0.807131 0.321078
vt 0.510651 0.974088
vt 0.755701 0.321078
vt 0.779063 0.321078
vt 0.509759 0.974088
vt 0.749747 0.321078
vt 0.755701 0.321078
vt 0.512090 0.974088
vt 0.807131 0.321078
vt 0.816771 0.321078
vt 0.507010 0.974088
vt 0.629385 0.321078
vt 0.683683 0.321078
vt 0.509532 0.974088
vt 0.683684 0.321078
vt 0.749747 0.321078
vt 0.513529 0.974088
vt 0.843306 0.321078
vt 0.854488 0.321078
vt 0.902010 0.321078
vt 0.515326 0.974088
vt 0.901558 0.321078
vt 0.516117 0.974088
vt 0.913554 0.321078
vt 0.922291 0.321078
vt 0.504325 0.974088
vt 0.521907 0.321078
vt 0.613331 0.321078
vt 0.504938 0.974088
vt 0.500836 0.974088
vt 0.500000 0.321078
vt 0.521907 0.321078
vt 0.985008 0.321078
vt 1.000000 0.974088
vt 0.498919 0.974088
vt 0.500000 0.321078
vt 0.500000 0.974088
vt 0.962979 1.000000
vt 0.029983 0.970017
vt 0.962978 0.037022
vt 0.029983 0.000000
vt 0.962978 0.037022
vt 0.029983 0.970017
vt 0.613331 0.321078
vt 0.629385 0.321078
vt 0.683684 0.321078
vt 0.807131 0.321078
vt 0.512090 0.974088
vt 0.816771 0.321078
vt 0.779063 0.321078
vt 0.511722 0.974088
vt 0.510651 0.974088
vt 0.779063 0.321078
vt 0.843306 0.321078
vt 0.513529 0.974088
vt 0.854488 0.321078
vt 0.832296 0.321078
vt 0.513103 0.974088
vt 0.843306 0.321078
vt 0.878993 0.321078
vt 0.514525 0.974088
vt 0.867381 0.321078
vt 0.514465 0.974088
vt 0.855497 0.321078
vt 0.514021 0.974088
vt 0.867381 0.321078
vt 0.901558 0.321078
vt 0.515343 0.974088
vt 0.890370 0.321078
vt 0.514899 0.974088
vt 0.890370 0.321078
vt 0.854488 0.321078
vt 0.513568 0.974088
vt 0.816771 0.321078
vt 0.512682 0.974088
vt 0.509759 0.974088
vt 0.755701 0.321078
vt 0.913553 0.321078
vt 0.516117 0.974088
vt 0.922291 0.321078
vt 0.515784 0.974088
vt 0.913553 0.321078
vt 0.933554 0.321078
vt 0.516769 0.974088
vt 0.939370 0.321078
vt 0.923628 0.321078
vt 0.516547 0.974088
vt 0.933554 0.321078
vt 0.949160 0.321078
vt 0.517458 0.974088
vt 0.957419 0.321078
vt 0.943323 0.321078
vt 0.517143 0.974088
vt 0.949160 0.321078
vt 0.959466 0.321078
vt 0.517930 0.974088
vt 0.969789 0.321078
vt 0.975530 0.321078
vt 0.517536 0.974088
vt 0.959466 0.321078
vt 0.939370 0.321078
vt 0.516920 0.974088
vt 0.943322 0.321078
vt 1.000000 0.974088
vt 0.985008 0.321078
vt 0.518511 0.974088
vt 0.518511 0.974088
vt 0.975530 0.321078
vt 0.980296 0.321078
vt 0.922291 0.321078
vt 0.516168 0.974088
vt 0.629385 0.321078
vt 0.507010 0.974088
vt 0.683684 0.321078
vt 0.613331 0.321078
vt 0.003296 0.321078
vt 0.001529 0.974088
vt 0.003392 0.974088
vt 0.153875 0.321078
vt 0.007664 0.974088
vt 0.248188 0.321078
vt 0.010120 0.974088
vt 0.265161 0.321078
vt 0.357630 0.321078
vt 0.471688 0.321078
vt 0.500000 0.321078
vt 0.471688 0.321078
vt 0.330708 0.321078
vt 0.013649 0.974088
vt 0.012622 0.974088
vt 0.330708 0.321078
vt 0.200812 0.321078
vt 0.009472 0.974088
vt 0.248188 0.321078
vt 0.142281 0.321078
vt 0.005873 0.974088
vt 0.153875 0.321078
vt 0.005430 0.974088
vt 0.142281 0.321078
vt 0.002774 0.974088
vt 0.000000 0.321078
vt 0.000126 0.974088
vt 0.999997 0.975374
vt 0.999993 0.354747
vt 0.999907 0.354747
vt 0.345811 0.354747
vt 0.000000 0.975373
vt 0.000000 0.354747
vt 0.999999 0.354747
vt 0.992954 0.975374
vt 0.345811 0.354747
vt 0.999998 0.975374
vt 0.999999 0.354747
vt 0.999993 0.354747
vt 0.999873 0.354747
vt 0.999955 0.975373
vt 0.999976 0.975373
vt 0.999881 0.354747
vt 0.999976 0.975374
vt 0.999997 0.975373
vt 0.999859 0.354747
vt 0.999916 0.975373
vt 0.999935 0.975373
vt 0.999866 0.354747
vt 0.999935 0.975373
vt 0.999815 0.975373
vt 0.999841 0.354747
vt 0.999815 0.354747
vt 0.999845 0.354747
vt 0.999887 0.975373
vt 0.999898 0.975373
vt 0.999852 0.354747
vt 0.999898 0.975373
vt 0.999916 0.975373
vt 0.999997 0.975373
vt 0.999907 0.354747
vt 0.999881 0.354747
vt 0.993904 0.975330
vt 0.875746 0.353606
vt 0.840287 0.353605
vt 0.995258 0.975330
vt 0.925509 0.353606
vt 0.875746 0.353606
vt 0.997799 0.975330
vt 1.000000 0.353606
vt 0.942329 0.353606
vt 0.997157 0.975330
vt 0.942329 0.353606
vt 0.925509 0.353606
vt 0.754425 0.975330
vt 0.598020 0.353606
vt 0.573769 0.353605
vt 0.755350 0.975330
vt 0.667251 0.353606
vt 0.598020 0.353606
vt 0.757993 0.975330
vt 0.702038 0.353606
vt 0.760392 0.975330
vt 0.761593 0.353605
vt 0.730117 0.353606
vt 0.759320 0.975330
vt 0.702038 0.353606
vt 0.487441 0.975330
vt 0.360444 0.353606
vt 0.310182 0.353605
vt 0.489359 0.975330
vt 0.434651 0.353606
vt 0.360444 0.353606
vt 0.492743 0.975330
vt 0.469097 0.353606
vt 0.449093 0.353606
vt 0.492192 0.975330
vt 0.434651 0.353606
vt 0.493506 0.975330
vt 0.494475 0.353605
vt 0.469097 0.353605
vt 0.238720 0.975330
vt 0.139037 0.353606
vt 0.051981 0.353606
vt 0.245096 0.975330
vt 0.238826 0.353606
vt 0.219055 0.353606
vt 0.242042 0.975330
vt 0.245851 0.975330
vt 0.246130 0.353605
vt 0.000000 0.975330
vt 0.051981 0.353606
vt 0.000000 0.353606
vt 0.246130 0.975330
vt 0.310182 0.353605
vt 0.246130 0.353605
vt 0.494475 0.975330
vt 0.573769 0.353605
vt 0.494475 0.353605
vt 0.761593 0.975330
vt 0.840287 0.353605
vt 0.761593 0.353605
vt 0.000000 0.030105
vt 0.211194 0.788806
vt 0.969895 0.030105
vt 1.000000 0.788806
vt 0.969895 0.030105
vt 0.211194 0.788806
vt 1.000000 0.974759
vt 0.979552 0.338646
vt 0.906092 0.974759
vt 0.921090 0.338646
vt 0.979552 0.338646
vt 0.903178 0.974759
vt 0.841283 0.338646
vt 0.638170 0.974759
vt 0.742201 0.338646
vt 0.638170 0.974759
vt 0.841283 0.338646
vt 0.688194 0.338646
vt 0.634388 0.974759
vt 0.742201 0.338646
vt 0.357585 0.338646
vt 0.320186 0.974759
vt 0.405521 0.338646
vt 0.449593 0.338646
vt 0.325429 0.974759
vt 0.542891 0.338646
vt 0.630110 0.974759
vt 0.546388 0.338646
vt 0.325563 0.974759
vt 0.542891 0.338646
vt 0.546388 0.338646
vt 0.405521 0.338646
vt 0.321868 0.974759
vt 0.449593 0.338646
vt 0.080485 0.338646
vt 0.004965 0.974759
vt 0.130096 0.338646
vt 0.316800 0.974759
vt 0.219709 0.338646
vt 0.008385 0.974759
vt 0.171941 0.338646
vt 0.008385 0.974759
vt 0.219709 0.338646
vt 0.130096 0.338646
vt 0.006562 0.974759
vt 0.171941 0.338646
vt 0.000000 0.338646
vt 0.003072 0.974759
vt 0.080485 0.338646
vt 0.316800 0.338646
vt 0.318357 0.974759
vt 0.357585 0.338646
vt 0.630110 0.338646
vt 0.632327 0.974759
vt 0.688194 0.338646
vt 0.903178 0.338646
vt 0.903861 0.974759
vt 0.000361 0.975082
vt 0.000477 0.347111
vt 0.000326 0.975082
vt 0.000326 0.975082
vt 0.000460 0.347110
vt 0.000276 0.975082
vt 0.000276 0.975082
vt 0.000441 0.347111
vt 0.000223 0.975082
vt 0.000057 0.975082
vt 0.000365 0.347110
vt 0.000004 0.975082
vt 0.000175 0.347111
vt 0.000004 0.975082
vt 0.000365 0.347110
vt 0.646338 0.347110
vt 0.000002 0.975082
vt 0.000175 0.347110
vt 0.000110 0.975082
vt 0.000384 0.347110
vt 0.000057 0.975082
vt 0.000167 0.975082
vt 0.000402 0.347110
vt 0.000110 0.975082
vt 0.000223 0.975082
vt 0.000422 0.347111
vt 0.000167 0.975082
vt 0.000558 0.975082
vt 0.000489 0.347111
vt 0.000361 0.975082
vt 0.000113 0.975196
vt 0.000155 0.350106
vt 0.000102 0.975196
vt 0.000102 0.975196
vt 0.350937 0.350106
vt 0.982751 0.975196
vt 0.986515 0.975196
vt 0.353348 0.350106
vt 0.989505 0.975196
vt 0.991669 0.975196
vt 0.354585 0.350106
vt 0.992971 0.975196
vt 0.999919 0.975196
vt 0.347637 0.350106
vt 0.999905 0.350106
vt 0.992971 0.975196
vt 0.356556 0.350106
vt 0.992992 0.975196
vt 0.347637 0.350106
vt 0.356556 0.350106
vt 0.999898 0.975196
vt 0.999905 0.350106
vt 0.999898 0.350106
vt 0.989505 0.975196
vt 0.354120 0.350106
vt 0.991669 0.975196
vt 0.982751 0.975196
vt 0.352280 0.350106
vt 0.986515 0.975196
vt 0.000185 0.975196
vt 0.000159 0.350106
vt 0.000113 0.975196
vt 0.243158 0.975119
vt 0.183984 0.348093
vt 0.243758 0.975119
vt 0.210626 0.348093
vt 0.244775 0.975119
vt 0.244775 0.975119
vt 0.237820 0.348093
vt 0.245813 0.975119
vt 0.239042 0.975119
vt 0.083699 0.348093
vt 0.239930 0.975119
vt 0.000000 0.975119
vt 0.053946 0.348093
vt 0.238795 0.975119
vt 0.060415 0.348093
vt 0.107745 0.348093
vt 0.240848 0.975120
vt 0.240848 0.975119
vt 0.132504 0.348093
vt 0.241793 0.975119
vt 0.157931 0.348093
vt 0.242764 0.975119
vt 0.242764 0.975119
vt 0.168262 0.348093
vt 0.243158 0.975119
vt 0.489472 0.975119
vt 0.421974 0.348093
vt 0.491708 0.975119
vt 0.363179 0.348093
vt 0.489464 0.975119
vt 0.491708 0.975119
vt 0.476080 0.348093
vt 0.493773 0.975119
vt 0.246130 0.975119
vt 0.313329 0.348093
vt 0.487561 0.975120
vt 0.487561 0.975119
vt 0.333757 0.348093
vt 0.488341 0.975119
vt 0.488341 0.975119
vt 0.363179 0.348093
vt 0.489464 0.975119
vt 0.758069 0.975119
vt 0.715636 0.348093
vt 0.759839 0.975119
vt 0.495841 0.975120
vt 0.497450 0.348093
vt 0.530278 0.348093
vt 0.495841 0.975119
vt 0.612812 0.348093
vt 0.755915 0.975120
vt 0.669263 0.348093
vt 0.758070 0.975119
vt 0.759839 0.975119
vt 0.717888 0.348093
vt 0.759925 0.975119
vt 0.494588 0.975119
vt 0.494475 0.348093
vt 0.497450 0.348093
vt 0.762414 0.975119
vt 0.862302 0.348093
vt 0.994745 0.975119
vt 0.761593 0.348093
vt 0.783086 0.348093
vt 0.931347 0.348093
vt 0.997380 0.975119
vt 0.997380 0.975119
vt 0.938430 0.348093
vt 0.997650 0.975119
vt 1.000000 0.348093
vt 0.997650 0.975119
vt 0.938430 0.348093
vt 0.759925 0.975119
vt 0.761593 0.348093
vt 0.761593 0.975119
vt 0.493773 0.975119
vt 0.494475 0.348093
vt 0.494475 0.975120
vt 0.245813 0.975119
vt 0.246130 0.348093
vt 0.999979 0.355001
vt 0.006514 0.975383
vt 0.646338 0.355001
vt 0.999602 0.355001
vt 0.999824 0.975383
vt 0.999880 0.975383
vt 0.999623 0.355001
vt 0.999880 0.975383
vt 0.999938 0.975383
vt 0.999581 0.355001
vt 0.999769 0.975383
vt 0.999824 0.975383
vt 0.999561 0.355001
vt 0.999716 0.975383
vt 0.999769 0.975383
vt 0.999442 0.975383
vt 0.999514 0.355001
vt 0.999442 0.355001
vt 0.999525 0.355001
vt 0.999639 0.975383
vt 0.999668 0.975383
vt 0.999542 0.355001
vt 0.999668 0.975383
vt 0.999716 0.975383
vt 0.999979 0.355001
vt 0.942904 0.479463
vt 0.919720 0.980133
vt 0.952727 0.479463
vt 0.919321 0.479463
vt 0.919345 0.980133
vt 0.942904 0.479463
vt 1.000000 0.980133
vt 0.971035 0.479463
vt 0.920419 0.980133
vt 0.967025 0.479463
vt 0.920419 0.980133
vt 0.971035 0.479463
vt 0.952727 0.479463
vt 0.920265 0.980133
vt 0.857531 0.479463
vt 0.819078 0.980133
vt 0.869604 0.479463
vt 0.834048 0.479463
vt 0.818618 0.980133
vt 0.857531 0.479463
vt 0.918410 0.980133
vt 0.880498 0.479463
vt 0.819494 0.980133
vt 0.869604 0.479463
vt 0.819494 0.980133
vt 0.880498 0.479463
vt 0.825404 0.479463
vt 0.817721 0.980133
vt 0.834048 0.479463
vt 0.721608 0.479463
vt 0.710515 0.980133
vt 0.738984 0.479463
vt 0.768375 0.479463
vt 0.816838 0.980133
vt 0.810912 0.479463
vt 0.817073 0.479463
vt 0.810912 0.479463
vt 0.744864 0.479463
vt 0.711637 0.980133
vt 0.768376 0.479463
vt 0.738984 0.479463
vt 0.710740 0.980133
vt 0.744864 0.479463
vt 0.627299 0.479463
vt 0.595550 0.980133
vt 0.646916 0.479463
vt 0.603890 0.479463
vt 0.594801 0.980133
vt 0.627299 0.479463
vt 0.708827 0.980133
vt 0.698541 0.479463
vt 0.694740 0.479463
vt 0.708972 0.980133
vt 0.709386 0.479463
vt 0.526428 0.479463
vt 0.593016 0.980133
vt 0.580527 0.479463
vt 0.590384 0.479463
vt 0.580528 0.479463
vt 0.507530 0.479463
vt 0.468868 0.980133
vt 0.526428 0.479463
vt 0.593392 0.980133
vt 0.593512 0.479463
vt 0.590384 0.479463
vt 0.491726 0.479463
vt 0.468146 0.980133
vt 0.329752 0.479463
vt 0.324429 0.980133
vt 0.331098 0.479463
vt 0.356853 0.479463
vt 0.325499 0.980133
vt 0.359130 0.479463
vt 0.390687 0.479463
vt 0.466082 0.980133
vt 0.453441 0.479463
vt 0.466082 0.980133
vt 0.462366 0.479463
vt 0.453441 0.479463
vt 0.466423 0.980133
vt 0.466584 0.479463
vt 0.462366 0.479463
vt 0.377293 0.479463
vt 0.326703 0.980133
vt 0.390687 0.479463
vt 0.326192 0.980133
vt 0.377293 0.479463
vt 0.343983 0.479463
vt 0.325412 0.980133
vt 0.356853 0.479463
vt 0.331098 0.479463
vt 0.324921 0.980133
vt 0.168037 0.479463
vt 0.166694 0.980133
vt 0.178547 0.479463
vt 0.178547 0.479463
vt 0.166955 0.980133
vt 0.185380 0.479463
vt 0.202226 0.479463
vt 0.167791 0.980133
vt 0.207287 0.479463
vt 0.189619 0.479463
vt 0.167598 0.980133
vt 0.202226 0.479463
vt 0.167117 0.980133
vt 0.189619 0.479463
vt 0.168037 0.479463
vt 0.168018 0.479463
vt 0.166293 0.980133
vt 0.215664 0.479464
vt 0.168295 0.980133
vt 0.220482 0.479463
vt 0.233409 0.479463
vt 0.168940 0.980133
vt 0.237391 0.479463
vt 0.247549 0.479463
vt 0.324006 0.980133
vt 0.320010 0.479463
vt 0.324006 0.980133
vt 0.324164 0.479463
vt 0.237391 0.479463
vt 0.169328 0.980133
vt 0.247549 0.479463
vt 0.228500 0.479463
vt 0.168788 0.980133
vt 0.233409 0.479463
vt 0.220482 0.479463
vt 0.168601 0.980133
vt 0.228500 0.479463
vt 0.213563 0.479463
vt 0.168111 0.980133
vt 0.215664 0.479463
vt 0.207287 0.479463
vt 0.168030 0.980133
vt 0.161815 0.980133
vt 0.054201 0.479463
vt 0.050718 0.479463
vt 0.162075 0.980133
vt 0.058774 0.479463
vt 0.057526 0.479463
vt 0.161948 0.980133
vt 0.057526 0.479463
vt 0.054201 0.479463
vt 0.162319 0.980133
vt 0.064676 0.479463
vt 0.063915 0.479463
vt 0.162198 0.980133
vt 0.063915 0.479464
vt 0.060749 0.479463
vt 0.162123 0.980133
vt 0.060749 0.479463
vt 0.058774 0.479463
vt 0.070211 0.479463
vt 0.162559 0.980134
vt 0.070225 0.479464
vt 0.162439 0.980133
vt 0.070211 0.479463
vt 0.067060 0.479463
vt 0.162348 0.980133
vt 0.067060 0.479463
vt 0.064676 0.479463
vt 0.162751 0.980133
vt 0.075674 0.479463
vt 0.075236 0.479463
vt 0.162681 0.980133
vt 0.075236 0.479463
vt 0.073390 0.479464
vt 0.162878 0.980133
vt 0.081211 0.479463
vt 0.078574 0.479463
vt 0.163008 0.980133
vt 0.085408 0.479463
vt 0.081957 0.479463
vt 0.163139 0.980133
vt 0.087617 0.479463
vt 0.085408 0.479463
vt 0.162979 0.980133
vt 0.081957 0.479463
vt 0.081211 0.479463
vt 0.163274 0.980133
vt 0.092586 0.479463
vt 0.088946 0.479463
vt 0.163413 0.980133
vt 0.094252 0.479463
vt 0.092586 0.479463
vt 0.163224 0.980133
vt 0.088946 0.479464
vt 0.087617 0.479463
vt 0.163559 0.980133
vt 0.100360 0.479463
vt 0.096405 0.479463
vt 0.163710 0.980133
vt 0.101485 0.479463
vt 0.100360 0.479463
vt 0.163869 0.980133
vt 0.109347 0.479463
vt 0.104522 0.479463
vt 0.164054 0.980133
vt 0.164053 0.980133
vt 0.163753 0.980133
vt 0.101485 0.479463
vt 0.163477 0.980133
vt 0.096405 0.479463
vt 0.094252 0.479463
vt 0.162768 0.980133
vt 0.075674 0.479463
vt 0.164245 0.980133
vt 0.118093 0.479463
vt 0.114383 0.479463
vt 0.164448 0.980133
vt 0.125331 0.479463
vt 0.119689 0.479463
vt 0.164663 0.980133
vt 0.127804 0.479463
vt 0.164387 0.980133
vt 0.119689 0.479463
vt 0.118093 0.479463
vt 0.165036 0.980133
vt 0.139038 0.479463
vt 0.135105 0.479463
vt 0.164790 0.980133
vt 0.128663 0.479463
vt 0.165304 0.980133
vt 0.149769 0.479463
vt 0.142128 0.479463
vt 0.165596 0.980133
vt 0.152064 0.479463
vt 0.149769 0.479463
vt 0.165913 0.980133
vt 0.166224 0.479463
vt 0.158073 0.479463
vt 0.165683 0.980133
vt 0.158073 0.479463
vt 0.152064 0.479463
vt 0.165186 0.980133
vt 0.139038 0.479463
vt 0.164757 0.980133
vt 0.127804 0.479463
vt 0.164054 0.980133
vt 0.114383 0.479463
vt 0.109376 0.479463
vt 0.162560 0.980133
vt 0.073390 0.479463
vt 0.070225 0.479463
vt 0.000000 0.980133
vt 0.000000 0.479463
vt 0.166224 0.479463
vt 0.166292 0.980133
vt 0.168017 0.479463
vt 0.324378 0.980133
vt 0.329752 0.479463
vt 0.466584 0.479463
vt 0.467543 0.980133
vt 0.491726 0.479463
vt 0.593512 0.479463
vt 0.593908 0.980133
vt 0.603890 0.479463
vt 0.709386 0.479463
vt 0.709852 0.980133
vt 0.721608 0.479463
vt 0.817074 0.479463
vt 0.817391 0.980133
vt 0.825404 0.479463
vt 0.918410 0.479463
vt 0.918445 0.980133
vt 0.919321 0.479463
vt 0.327087 0.980127
vt 0.382711 0.479297
vt 0.400745 0.479297
vt 0.326399 0.980127
vt 0.380595 0.479297
vt 0.382711 0.479297
vt 0.466414 0.980127
vt 0.400745 0.479297
vt 0.462148 0.479297
vt 0.326318 0.980127
vt 0.366117 0.479297
vt 0.380595 0.479297
vt 0.325766 0.980127
vt 0.352356 0.479297
vt 0.366117 0.479297
vt 0.325088 0.980127
vt 0.339309 0.479297
vt 0.348355 0.479297
vt 0.325240 0.980127
vt 0.348355 0.479297
vt 0.352356 0.479297
vt 0.324742 0.980127
vt 0.329501 0.479297
vt 0.324368 0.980127
vt 0.324164 0.479297
vt 0.329501 0.479297
vt 0.469034 0.980127
vt 0.506354 0.479297
vt 0.530787 0.479297
vt 0.593128 0.980127
vt 0.530787 0.479297
vt 0.583458 0.479297
vt 0.467686 0.980127
vt 0.483505 0.479297
vt 0.495468 0.479297
vt 0.468101 0.980127
vt 0.495468 0.479297
vt 0.506354 0.479297
vt 0.467229 0.980127
vt 0.466584 0.479297
vt 0.483505 0.479297
vt 0.595862 0.980127
vt 0.640929 0.479297
vt 0.655099 0.479297
vt 0.595321 0.980127
vt 0.636093 0.479297
vt 0.640929 0.479297
vt 0.709079 0.980127
vt 0.655099 0.479297
vt 0.701337 0.479297
vt 0.595137 0.980127
vt 0.608870 0.479297
vt 0.594098 0.980127
vt 0.593512 0.479297
vt 0.608870 0.479297
vt 0.711568 0.980127
vt 0.762803 0.479297
vt 0.766570 0.479297
vt 0.711425 0.980127
vt 0.725866 0.479297
vt 0.762803 0.479297
vt 0.710015 0.980127
vt 0.709386 0.479297
vt 0.725866 0.479297
vt 0.816724 0.980127
vt 0.807911 0.479297
vt 0.918101 0.980127
vt 0.873110 0.479297
vt 0.910317 0.479297
vt 0.819212 0.980127
vt 0.859592 0.479297
vt 0.873110 0.479297
vt 0.817914 0.980127
vt 0.817074 0.479297
vt 0.839100 0.479297
vt 0.818696 0.980127
vt 0.839100 0.479297
vt 0.920437 0.980127
vt 0.946703 0.479297
vt 0.971508 0.479297
vt 0.919341 0.980127
vt 0.918410 0.479297
vt 0.942803 0.479297
vt 0.919490 0.980127
vt 0.942803 0.479297
vt 0.946703 0.479297
vt 0.165683 0.980127
vt 0.158071 0.479297
vt 0.165913 0.980127
vt 0.165186 0.980127
vt 0.142127 0.479297
vt 0.165304 0.980127
vt 0.165304 0.980127
vt 0.149768 0.479297
vt 0.165596 0.980127
vt 0.164790 0.980127
vt 0.135105 0.479297
vt 0.165036 0.980127
vt 0.164757 0.980127
vt 0.128663 0.479297
vt 0.139038 0.479297
vt 0.165186 0.980127
vt 0.152064 0.479297
vt 0.164387 0.980127
vt 0.119689 0.479297
vt 0.164448 0.980127
vt 0.125331 0.479297
vt 0.164663 0.980127
vt 0.164054 0.980127
vt 0.114383 0.479297
vt 0.164245 0.980127
vt 0.163753 0.980127
vt 0.104522 0.479297
vt 0.163869 0.980127
vt 0.109347 0.479297
vt 0.164053 0.980127
vt 0.109347 0.479297
vt 0.164054 0.980127
vt 0.163477 0.980127
vt 0.096405 0.479297
vt 0.163559 0.980127
vt 0.100360 0.479297
vt 0.163710 0.980127
vt 0.163710 0.980127
vt 0.101485 0.479297
vt 0.164245 0.980127
vt 0.118093 0.479297
vt 0.164663 0.980127
vt 0.127804 0.479297
vt 0.164757 0.980127
vt 0.163224 0.980127
vt 0.088946 0.479297
vt 0.163274 0.980127
vt 0.163274 0.980127
vt 0.092586 0.479297
vt 0.163413 0.980127
vt 0.162979 0.980127
vt 0.081957 0.479297
vt 0.163008 0.980127
vt 0.163008 0.980127
vt 0.085408 0.479297
vt 0.163139 0.980127
vt 0.162768 0.980127
vt 0.078574 0.479297
vt 0.162878 0.980127
vt 0.162878 0.980127
vt 0.081211 0.479297
vt 0.162979 0.980127
vt 0.163139 0.980127
vt 0.087617 0.479297
vt 0.094252 0.479297
vt 0.163477 0.980127
vt 0.162681 0.980127
vt 0.075236 0.479297
vt 0.162751 0.980127
vt 0.162560 0.980127
vt 0.073390 0.479297
vt 0.162439 0.980127
vt 0.070211 0.479297
vt 0.162559 0.980127
vt 0.162348 0.980127
vt 0.067060 0.479297
vt 0.162439 0.980127
vt 0.162559 0.980127
vt 0.070211 0.479297
vt 0.070225 0.479297
vt 0.162198 0.980127
vt 0.063915 0.479297
vt 0.162319 0.980127
vt 0.162123 0.980127
vt 0.060749 0.479297
vt 0.161948 0.980127
vt 0.057526 0.479297
vt 0.162075 0.980127
vt 0.000000 0.980127
vt 0.050718 0.479297
vt 0.161815 0.980127
vt 0.161815 0.980127
vt 0.054201 0.479297
vt 0.161948 0.980127
vt 0.162075 0.980127
vt 0.058774 0.479297
vt 0.162123 0.980127
vt 0.162319 0.980127
vt 0.064676 0.479297
vt 0.162348 0.980127
vt 0.162751 0.980127
vt 0.075674 0.479297
vt 0.162768 0.980127
vt 0.169409 0.980127
vt 0.248404 0.479297
vt 0.249682 0.479297
vt 0.324066 0.980127
vt 0.249682 0.479297
vt 0.321594 0.479297
vt 0.169360 0.980127
vt 0.239167 0.479297
vt 0.248404 0.479297
vt 0.168556 0.980127
vt 0.224903 0.479297
vt 0.227327 0.479297
vt 0.168672 0.980127
vt 0.227327 0.479297
vt 0.230364 0.479297
vt 0.168463 0.980127
vt 0.218593 0.479297
vt 0.169008 0.980127
vt 0.230364 0.479297
vt 0.239167 0.479297
vt 0.168222 0.980127
vt 0.212582 0.479297
vt 0.218593 0.479297
vt 0.167882 0.980127
vt 0.206877 0.479297
vt 0.209671 0.479297
vt 0.167993 0.980127
vt 0.212582 0.479297
vt 0.167574 0.980127
vt 0.189563 0.479297
vt 0.201605 0.479297
vt 0.167115 0.980127
vt 0.185380 0.479297
vt 0.189563 0.479297
vt 0.168019 0.479297
vt 0.166292 0.980127
vt 0.168017 0.479297
vt 0.166693 0.980127
vt 0.168019 0.479297
vt 0.178511 0.479297
vt 0.166292 0.980127
vt 0.166224 0.479297
vt 0.168017 0.479297
vt 0.166955 0.980127
vt 0.178511 0.479297
vt 0.185380 0.479297
vt 0.167775 0.980127
vt 0.206877 0.479297
vt 0.324164 0.479297
vt 0.324066 0.980127
vt 0.321594 0.479297
vt 0.166224 0.479297
vt 0.158071 0.479297
vt 1.000000 0.980127
vt 0.918410 0.479297
vt 0.918101 0.980127
vt 0.910317 0.479297
vt 0.709386 0.479297
vt 0.593512 0.479297
vt 0.583458 0.479297
vt 0.462148 0.479297
vt 0.000035 0.975162
vt 0.000150 0.349213
vt 0.000005 0.975162
vt 0.000005 0.975162
vt 0.352090 0.349213
vt 0.982782 0.975162
vt 0.991581 0.975162
vt 0.355694 0.349213
vt 0.992845 0.975162
vt 0.999742 0.349213
vt 0.355694 0.349213
vt 0.999721 0.975162
vt 0.999742 0.349213
vt 0.999721 0.349213
vt 0.989458 0.975162
vt 0.355241 0.349213
vt 0.986506 0.975162
vt 0.354481 0.349213
vt 0.982782 0.975162
vt 0.353424 0.349213
vt 0.986506 0.975162
vt 0.000231 0.975162
vt 0.000161 0.349213
vt 0.000035 0.975162
vt 0.993361 0.974922
vt 0.834915 0.342911
vt 0.342663 0.342910
vt 0.998322 0.974922
vt 0.999995 0.342911
vt 0.834915 0.342911
vt 0.309589 0.342910
vt 0.802710 0.974922
vt 0.897483 0.974922
vt 0.276897 0.342910
vt 0.700308 0.974922
vt 0.241573 0.342911
vt 0.600182 0.974922
vt 0.121368 0.342910
vt 0.000000 0.974922
vt 0.351841 0.974922
vt 0.143272 0.342911
vt 0.415337 0.974922
vt 0.174152 0.342911
vt 0.415337 0.974922
vt 0.504856 0.974922
vt 0.207034 0.342910
vt 0.504857 0.974922
vt 0.600182 0.974922
vt 0.342663 0.342911
vt 0.897483 0.974922
vt 0.993361 0.974922
vt 0.008332 0.974666
vt 0.196295 0.336214
vt 0.218301 0.336214
vt 0.007492 0.974666
vt 0.172773 0.336214
vt 0.196295 0.336214
vt 0.006594 0.974666
vt 0.111383 0.336214
vt 0.172773 0.336214
vt 0.003347 0.974666
vt 0.000000 0.336214
vt 0.087701 0.336214
vt 0.004251 0.974666
vt 0.087701 0.336214
vt 0.111383 0.336214
vt 0.325425 0.974666
vt 0.532124 0.336214
vt 0.542786 0.336214
vt 0.323077 0.974666
vt 0.449852 0.336214
vt 0.481247 0.336214
vt 0.318961 0.974666
vt 0.371124 0.336214
vt 0.373421 0.336214
vt 0.321878 0.974666
vt 0.373421 0.336214
vt 0.449852 0.336214
vt 0.325018 0.974666
vt 0.481247 0.336214
vt 0.532124 0.336214
vt 0.318874 0.974666
vt 0.316800 0.336214
vt 0.638040 0.974666
vt 0.808206 0.336214
vt 0.837868 0.336214
vt 0.636908 0.974666
vt 0.774087 0.336214
vt 0.635072 0.974666
vt 0.700449 0.336214
vt 0.760119 0.336214
vt 0.632795 0.974666
vt 0.637399 0.336214
vt 0.700449 0.336214
vt 0.630389 0.974666
vt 0.630110 0.336214
vt 0.637399 0.336214
vt 0.635605 0.974666
vt 0.760119 0.336214
vt 0.774087 0.336214
vt 0.906063 0.974666
vt 0.949450 0.336214
vt 0.978779 0.336214
vt 0.904944 0.974666
vt 0.915082 0.336214
vt 0.949450 0.336214
vt 0.903632 0.974666
vt 0.903178 0.336214
vt 0.915082 0.336214
vt 0.978779 0.336214
vt 1.000000 0.974666
vt 0.906063 0.974666
vt 0.837868 0.336214
vt 0.903178 0.974666
vt 0.542786 0.336214
vt 0.630110 0.974666
vt 0.218301 0.336214
vt 0.316800 0.974666
vt 0.008332 0.974666
vt 0.029801 0.029801
vt 0.780821 0.000000
vt 0.780821 0.780821
vt 0.780821 0.780821
vt 0.029801 1.000000
vt 0.029801 0.029801
vt 0.867866 0.596356
vt 0.868005 0.645121
vt 0.867992 0.645303
vt 0.165106 0.692437
vt 0.165061 0.692742
vt 0.139138 0.695876
vt 0.999994 0.974791
vt 0.264549 0.339485
vt 0.197785 0.339485
vt 0.000000 0.339485
vt 0.115920 0.339485
vt 0.136849 0.339485
vt 0.166358 0.339485
vt 0.295785 0.339485
vt 0.884080 0.339485
vt 0.863151 0.339485
vt 0.833642 0.339485
vt 0.704215 0.339485
vt 0.004407 0.974791
vt 0.000006 0.974791
vt 0.735451 0.339485
vt 0.769208 0.339485
vt 0.802215 0.339485
vt 1.000000 0.339485
vt 0.012622 0.974088
vt 0.013649 0.974088
vt 0.010120 0.974088
vt 0.009472 0.974088
vt 0.005430 0.974088
vt 0.005873 0.974088
vt 0.001529 0.974088
vt 0.000000 0.974088
vt 0.518149 0.974088
vt 0.517143 0.974088
vt 0.516168 0.974088
vt 0.516547 0.974088
vt 0.515343 0.974088
vt 0.514899 0.974088
vt 0.514021 0.974088
vt 0.514465 0.974088
vt 0.512682 0.974088
vt 0.512090 0.974088
vt 0.510651 0.974088
vt 0.511722 0.974088
vt 0.504938 0.974088
vt 0.500000 0.974088
vt 1.000000 0.321078
vt 0.471688 0.321078
vt 0.029983 1.000000
vt 0.962978 0.000000
vt 0.504325 0.974088
vt 0.511722 0.974088
vt 0.513103 0.974088
vt 0.514465 0.974088
vt 0.514021 0.974088
vt 0.513568 0.974088
vt 0.515326 0.974088
vt 0.514525 0.974088
vt 0.513529 0.974088
vt 0.512090 0.974088
vt 0.509532 0.974088
vt 0.516168 0.974088
vt 0.517143 0.974088
vt 0.516920 0.974088
vt 0.517930 0.974088
vt 0.517458 0.974088
vt 0.516769 0.974088
vt 0.516117 0.974088
vt 0.002774 0.974088
vt 0.009472 0.974088
vt 0.013649 0.974088
vt 0.012622 0.974088
vt 0.007664 0.974088
vt 0.005430 0.974088
vt 0.001529 0.974088
vt 0.000000 0.974088
vt 0.999998 0.975373
vt 0.999998 0.975374
vt 0.999866 0.354747
vt 0.999873 0.354747
vt 0.999852 0.354747
vt 0.999859 0.354747
vt 0.999887 0.975373
vt 0.999841 0.354747
vt 0.999845 0.354747
vt 0.999997 0.975373
vt 0.995258 0.975330
vt 0.997157 0.975330
vt 1.000000 0.975330
vt 0.997799 0.975330
vt 0.757993 0.975330
vt 0.761593 0.975330
vt 0.489359 0.975330
vt 0.493506 0.975330
vt 0.245096 0.975330
vt 0.246130 0.975330
vt 0.487441 0.975330
vt 0.754425 0.975330
vt 0.993904 0.975330
vt 0.000000 0.788806
vt 1.000000 0.030105
vt 1.000000 0.338646
vt 0.903178 0.338646
vt 0.634389 0.974759
vt 0.318357 0.974759
vt 0.321868 0.974759
vt 0.630110 0.338646
vt 0.325429 0.974759
vt 0.003072 0.974759
vt 0.316800 0.338646
vt 0.006562 0.974759
vt 0.004965 0.974759
vt 0.000000 0.974759
vt 0.316800 0.974759
vt 0.630110 0.974759
vt 0.000489 0.347110
vt 0.000477 0.347111
vt 0.000384 0.347110
vt 0.000002 0.975082
vt 0.006514 0.975082
vt 0.000402 0.347110
vt 0.000422 0.347111
vt 0.000441 0.347111
vt 0.000558 0.347110
vt 0.000159 0.350106
vt 0.000155 0.350106
vt 0.352280 0.350106
vt 0.354120 0.350106
vt 0.992896 0.975196
vt 0.354585 0.350106
vt 0.353348 0.350106
vt 0.350937 0.350106
vt 0.000185 0.350106
vt 0.168262 0.348093
vt 0.210626 0.348093
vt 0.060415 0.348093
vt 0.000000 0.348093
vt 0.053946 0.348093
vt 0.083699 0.348093
vt 0.107745 0.348093
vt 0.132504 0.348093
vt 0.157931 0.348093
vt 0.363385 0.348093
vt 0.363385 0.348093
vt 0.421974 0.348093
vt 0.246130 0.348093
vt 0.313328 0.348093
vt 0.333757 0.348093
vt 0.669263 0.348093
vt 0.494588 0.975119
vt 0.530278 0.348093
vt 0.612812 0.348093
vt 0.715636 0.348093
vt 0.494475 0.975119
vt 0.783086 0.348093
vt 0.761593 0.975119
vt 0.862302 0.348093
vt 0.931347 0.348093
vt 1.000000 0.975119
vt 0.717888 0.348093
vt 0.476080 0.348093
vt 0.999942 0.975383
vt 0.999581 0.355001
vt 0.999602 0.355001
vt 0.999561 0.355001
vt 0.999542 0.355001
vt 0.999639 0.975383
vt 0.999525 0.355001
vt 0.999942 0.975383
vt 0.919345 0.980133
vt 0.918445 0.980133
vt 1.000000 0.479463
vt 0.919720 0.980133
vt 0.818618 0.980133
vt 0.817721 0.980133
vt 0.918410 0.479463
vt 0.709852 0.980133
vt 0.711637 0.980133
vt 0.817073 0.980133
vt 0.710740 0.980133
vt 0.594801 0.980133
vt 0.708972 0.980133
vt 0.709386 0.980133
vt 0.595550 0.980133
vt 0.593392 0.980133
vt 0.468146 0.980133
vt 0.593512 0.980133
vt 0.467543 0.980133
vt 0.324378 0.980133
vt 0.466423 0.980133
vt 0.466584 0.980133
vt 0.326192 0.980133
vt 0.324921 0.980133
vt 0.324429 0.980133
vt 0.166293 0.980133
vt 0.166694 0.980133
vt 0.167598 0.980133
vt 0.167117 0.980133
vt 0.168111 0.980133
vt 0.168788 0.980133
vt 0.169328 0.980133
vt 0.324164 0.980133
vt 0.168940 0.980133
vt 0.168601 0.980133
vt 0.168295 0.980133
vt 0.168030 0.980133
vt 0.161948 0.980133
vt 0.162123 0.980133
vt 0.162075 0.980133
vt 0.162348 0.980133
vt 0.162198 0.980133
vt 0.070211 0.479463
vt 0.162559 0.980133
vt 0.162768 0.980133
vt 0.162751 0.980133
vt 0.162979 0.980133
vt 0.163139 0.980133
vt 0.163224 0.980133
vt 0.163413 0.980133
vt 0.163477 0.980133
vt 0.163710 0.980133
vt 0.163753 0.980133
vt 0.164053 0.980133
vt 0.109376 0.479463
vt 0.162878 0.980133
vt 0.164757 0.980133
vt 0.164448 0.980133
vt 0.165036 0.980133
vt 0.166224 0.980133
vt 0.162681 0.980133
vt 0.161815 0.980133
vt 0.593512 0.980133
vt 0.709386 0.980133
vt 0.327087 0.980127
vt 0.325766 0.980127
vt 0.325240 0.980127
vt 0.324742 0.980127
vt 0.324368 0.980127
vt 0.324164 0.980127
vt 0.469034 0.980127
vt 0.467229 0.980127
vt 0.466584 0.980127
vt 0.595321 0.980127
vt 0.595137 0.980127
vt 0.594098 0.980127
vt 0.593512 0.980127
vt 0.711425 0.980127
vt 0.709386 0.980127
vt 0.817074 0.980127
vt 0.817914 0.980127
vt 0.919490 0.980127
vt 0.918410 0.980127
vt 0.919341 0.980127
vt 0.152064 0.479297
vt 0.139038 0.479297
vt 0.142127 0.479297
vt 0.128663 0.479297
vt 0.127804 0.479297
vt 0.149768 0.479297
vt 0.118093 0.479297
vt 0.119689 0.479297
vt 0.109376 0.479297
vt 0.101485 0.479297
vt 0.109376 0.479297
vt 0.094252 0.479297
vt 0.096405 0.479297
vt 0.100360 0.479297
vt 0.114383 0.479297
vt 0.125331 0.479297
vt 0.087617 0.479297
vt 0.088946 0.479297
vt 0.081211 0.479297
vt 0.081957 0.479297
vt 0.075674 0.479297
vt 0.078574 0.479297
vt 0.085408 0.479297
vt 0.073390 0.479297
vt 0.070225 0.479297
vt 0.067060 0.479297
vt 0.064676 0.479297
vt 0.070211 0.479297
vt 0.060749 0.479297
vt 0.058774 0.479297
vt 0.000000 0.479297
vt 0.050718 0.479297
vt 0.057526 0.479297
vt 0.063915 0.479297
vt 0.169409 0.980127
vt 0.169008 0.980127
vt 0.168463 0.980127
vt 0.168556 0.980127
vt 0.168672 0.980127
vt 0.167775 0.980127
vt 0.167114 0.980127
vt 0.166955 0.980127
vt 0.166224 0.980127
vt 0.166693 0.980127
vt 0.167574 0.980127
vt 1.000000 0.479297
vt 0.709386 0.980127
vt 0.000161 0.349213
vt 0.000150 0.349213
vt 0.999779 0.975162
vt 0.999779 0.975162
vt 0.354481 0.349213
vt 0.353424 0.349213
vt 0.352090 0.349213
vt 0.000231 0.349213
vt 0.998322 0.974922
vt 0.999985 0.974922
vt 0.241573 0.342910
vt 0.207035 0.342911
vt 0.000000 0.342910
vt 0.121368 0.342911
vt 0.143272 0.342910
vt 0.174152 0.342910
vt 0.309589 0.342911
vt 0.007492 0.974666
vt 0.006594 0.974666
vt 0.004251 0.974666
vt 0.000000 0.974666
vt 0.003347 0.974666
vt 0.325018 0.974666
vt 0.321878 0.974666
vt 0.318874 0.974666
vt 0.318961 0.974666
vt 0.323077 0.974666
vt 0.636908 0.974666
vt 0.630389 0.974666
vt 0.630110 0.974666
vt 0.635072 0.974666
vt 0.904944 0.974666
vt 1.000000 0.336214
vt 0.903178 0.336214
vt 0.630110 0.336214
vt 0.316800 0.336214
vt 0.029801 0.000000
vt 0.780821 1.000000
vt 0.831740 0.670041
vt 0.831740 0.670040
vt 0.831740 0.670039
vt 0.831739 0.670030
vt 0.831739 0.670027
vt 0.831712 0.669821
vt 0.831685 0.669618
vt 0.831660 0.669422
vt 0.831636 0.669234
vt 0.831614 0.669062
vt 0.831600 0.668956
vt 0.831510 0.668254
vt 0.831501 0.668187
vt 0.831499 0.668167
vt 0.831492 0.668110
vt 0.831487 0.668069
vt 0.830625 0.661008
vt 0.830621 0.660971
vt 0.831767 0.670249
vt 0.831769 0.670262
vt 0.831769 0.670258
vt 0.831819 0.670643
vt 0.831794 0.670454
vt 0.831872 0.671047
vt 0.831846 0.670847
vt 0.831921 0.671416
vt 0.831897 0.671237
vt 0.832030 0.672244
vt 0.831937 0.671542
vt 0.832039 0.672309
vt 0.832035 0.672280
vt 0.832031 0.672247
vt 0.832048 0.672372
vt 0.832041 0.672324
vt 0.832061 0.672468
vt 0.832055 0.672425
vt 0.832049 0.672383
vt 0.830617 0.660939
vt 0.832063 0.672483
vt 0.832075 0.672566
vt 0.832071 0.672542
vt 0.833672 0.684060
vt 0.833668 0.684034
vt 0.833687 0.684162
vt 0.833675 0.684079
vt 0.833696 0.684225
vt 0.833689 0.684177
vt 0.833709 0.684312
vt 0.833706 0.684290
vt 0.833705 0.684285
vt 0.830613 0.660898
vt 0.830604 0.660818
vt 0.830601 0.660790
vt 0.829746 0.652890
vt 0.829743 0.652861
vt 0.829741 0.652837
vt 0.829739 0.652821
vt 0.829731 0.652735
vt 0.829727 0.652676
vt 0.829059 0.645344
vt 0.829058 0.645335
vt 0.829056 0.645313
vt 0.829049 0.645220
vt 0.829043 0.645119
vt 0.828524 0.637866
vt 0.828524 0.604827
vt 0.828524 0.603801
vt 0.828670 0.601870
vt 0.828673 0.601824
vt 0.828675 0.601810
vt 0.829182 0.596359
vt 0.829189 0.596281
vt 0.829193 0.596239
vt 0.829197 0.596193
vt 0.829945 0.589931
vt 0.829945 0.589928
vt 0.829953 0.589855
vt 0.829957 0.589820
vt 0.829962 0.589783
vt 0.829966 0.589751
vt 0.830888 0.583410
vt 0.830893 0.583373
vt 0.830898 0.583340
vt 0.830904 0.583301
vt 0.830913 0.583238
vt 0.831025 0.582536
vt 0.831045 0.582409
vt 0.831074 0.582230
vt 0.831105 0.582040
vt 0.831138 0.581840
vt 0.831171 0.581636
vt 0.831202 0.581447
vt 0.831234 0.581256
vt 0.831235 0.581249
vt 0.831236 0.581243
vt 0.831270 0.581035
vt 0.831272 0.581021
vt 0.831307 0.580815
vt 0.831340 0.580612
vt 0.831373 0.580416
vt 0.831405 0.580228
vt 0.831434 0.580056
vt 0.831452 0.579950
vt 0.831572 0.579248
vt 0.832549 0.573871
vt 0.832550 0.573861
vt 0.832557 0.573824
vt 0.832562 0.573799
vt 0.832573 0.573738
vt 0.832573 0.573735
vt 0.833919 0.567054
vt 0.833924 0.567026
vt 0.833930 0.566994
vt 0.833942 0.566934
vt 0.833947 0.566912
vt 0.833952 0.566890
vt 0.833955 0.566874
vt 0.835528 0.559769
vt 0.835542 0.559708
vt 0.835545 0.559693
vt 0.833713 0.684337
vt 0.833717 0.684370
vt 0.833716 0.684359
vt 0.833714 0.684345
vt 0.835555 0.559649
vt 0.833719 0.684380
vt 0.833719 0.684380
vt 0.833722 0.684402
vt 0.833721 0.684391
vt 0.833724 0.684412
vt 0.833722 0.684403
vt 0.835562 0.559617
vt 0.835569 0.559589
vt 0.835571 0.559579
vt 0.837408 0.551930
vt 0.837420 0.551879
vt 0.837435 0.551819
vt 0.837441 0.551792
vt 0.837444 0.551784
vt 0.837450 0.551759
vt 0.839605 0.543376
vt 0.839617 0.543328
vt 0.839628 0.543287
vt 0.839645 0.543222
vt 0.839648 0.543211
vt 0.839654 0.543188
vt 0.833725 0.684422
vt 0.833725 0.684422
vt 0.842211 0.533779
vt 0.842220 0.533744
vt 0.842233 0.533698
vt 0.842235 0.533692
vt 0.842244 0.533659
vt 0.842253 0.533625
vt 0.833727 0.684433
vt 0.833728 0.684442
vt 0.833728 0.684441
vt 0.833729 0.684451
vt 0.842254 0.533622
vt 0.842258 0.533608
vt 0.842261 0.533597
vt 0.845217 0.523156
vt 0.845225 0.523129
vt 0.845228 0.523119
vt 0.845231 0.523106
vt 0.845237 0.523086
vt 0.845240 0.523073
vt 0.845242 0.523068
vt 0.845247 0.523052
vt 0.845250 0.523039
vt 0.845259 0.523006
vt 0.845263 0.522995
vt 0.845268 0.522978
vt 0.845275 0.522951
vt 0.845277 0.522946
vt 0.845283 0.522925
vt 0.845287 0.522910
vt 0.845289 0.522904
vt 0.845295 0.522884
vt 0.845297 0.522876
vt 0.845300 0.522866
vt 0.833731 0.684465
vt 0.833731 0.684460
vt 0.833730 0.684456
vt 0.845304 0.522849
vt 0.845305 0.522847
vt 0.845307 0.522841
vt 0.845311 0.522826
vt 0.845312 0.522822
vt 0.833733 0.684472
vt 0.833734 0.684484
vt 0.833733 0.684474
vt 0.833736 0.684497
vt 0.833736 0.684493
vt 0.833735 0.684489
vt 0.845315 0.522812
vt 0.845319 0.522800
vt 0.845323 0.522787
vt 0.845325 0.522779
vt 0.845326 0.522776
vt 0.845329 0.522766
vt 0.845330 0.522761
vt 0.836371 0.695877
vt 0.835399 0.695876
vt 0.863312 0.684497
vt 0.861649 0.695876
vt 0.863313 0.684489
vt 0.863312 0.684493
vt 0.863315 0.684474
vt 0.863314 0.684484
vt 0.863315 0.684472
vt 0.845331 0.522756
vt 0.845334 0.522747
vt 0.845335 0.522744
vt 0.845337 0.522738
vt 0.845340 0.522729
vt 0.845340 0.522727
vt 0.845342 0.522720
vt 0.845344 0.522713
vt 0.845344 0.522712
vt 0.845346 0.522707
vt 0.845348 0.522699
vt 0.845351 0.522691
vt 0.863318 0.684456
vt 0.863317 0.684460
vt 0.863316 0.684465
vt 0.863319 0.684451
vt 0.845352 0.522684
vt 0.845353 0.522682
vt 0.845355 0.522674
vt 0.845357 0.522669
vt 0.845358 0.522666
vt 0.845360 0.522657
vt 0.863320 0.684442
vt 0.863321 0.684433
vt 0.863320 0.684441
vt 0.863323 0.684422
vt 0.845363 0.522648
vt 0.848524 0.511726
vt 0.851685 0.522648
vt 0.863323 0.684422
vt 0.851688 0.522657
vt 0.851690 0.522666
vt 0.851691 0.522669
vt 0.851693 0.522674
vt 0.851695 0.522682
vt 0.851695 0.522684
vt 0.863326 0.684402
vt 0.863326 0.684403
vt 0.863324 0.684412
vt 0.851697 0.522691
vt 0.863329 0.684380
vt 0.863327 0.684391
vt 0.863330 0.684369
vt 0.863329 0.684380
vt 0.863334 0.684345
vt 0.863332 0.684360
vt 0.863339 0.684312
vt 0.863335 0.684337
vt 0.863343 0.684285
vt 0.863342 0.684290
vt 0.863359 0.684177
vt 0.863352 0.684225
vt 0.863376 0.684060
vt 0.863373 0.684080
vt 0.863361 0.684162
vt 0.864973 0.672566
vt 0.863379 0.684034
vt 0.864985 0.672483
vt 0.864976 0.672542
vt 0.864999 0.672383
vt 0.864993 0.672425
vt 0.864987 0.672468
vt 0.851700 0.522699
vt 0.851702 0.522707
vt 0.851703 0.522712
vt 0.851704 0.522713
vt 0.851706 0.522720
vt 0.851708 0.522727
vt 0.851708 0.522729
vt 0.851711 0.522738
vt 0.851713 0.522744
vt 0.851714 0.522747
vt 0.851716 0.522756
vt 0.851718 0.522761
vt 0.865000 0.672372
vt 0.865009 0.672309
vt 0.865007 0.672324
vt 0.865017 0.672247
vt 0.865013 0.672280
vt 0.865111 0.671542
vt 0.865018 0.672244
vt 0.865151 0.671237
vt 0.865127 0.671416
vt 0.865202 0.670847
vt 0.865176 0.671047
vt 0.865254 0.670454
vt 0.865229 0.670643
vt 0.865280 0.670249
vt 0.865279 0.670258
vt 0.865279 0.670262
vt 0.851719 0.522766
vt 0.865307 0.670041
vt 0.865308 0.670034
vt 0.865308 0.670040
vt 0.865362 0.669618
vt 0.865336 0.669821
vt 0.865309 0.670027
vt 0.851722 0.522776
vt 0.851723 0.522779
vt 0.851725 0.522787
vt 0.851729 0.522800
vt 0.851733 0.522812
vt 0.865388 0.669421
vt 0.865434 0.669062
vt 0.865412 0.669234
vt 0.865538 0.668254
vt 0.865448 0.668956
vt 0.865548 0.668174
vt 0.865547 0.668182
vt 0.866423 0.661008
vt 0.866420 0.661033
vt 0.865558 0.668094
vt 0.851735 0.522822
vt 0.851737 0.522826
vt 0.851741 0.522841
vt 0.851743 0.522847
vt 0.851743 0.522849
vt 0.851748 0.522866
vt 0.851751 0.522876
vt 0.851753 0.522884
vt 0.851759 0.522904
vt 0.851761 0.522910
vt 0.851765 0.522925
vt 0.851771 0.522946
vt 0.851772 0.522951
vt 0.851780 0.522978
vt 0.851785 0.522995
vt 0.851788 0.523006
vt 0.851797 0.523037
vt 0.851801 0.523051
vt 0.851803 0.523058
vt 0.851805 0.523065
vt 0.851810 0.523081
vt 0.851814 0.523097
vt 0.851816 0.523103
vt 0.851818 0.523111
vt 0.851825 0.523134
vt 0.851831 0.523158
vt 0.851832 0.523161
vt 0.854788 0.533601
vt 0.854790 0.533608
vt 0.854794 0.533621
vt 0.854801 0.533647
vt 0.854807 0.533670
vt 0.854810 0.533680
vt 0.854820 0.533716
vt 0.854830 0.533753
vt 0.854831 0.533758
vt 0.854844 0.533805
vt 0.857400 0.543211
vt 0.857403 0.543222
vt 0.857415 0.543266
vt 0.857423 0.543297
vt 0.857430 0.543325
vt 0.857446 0.543388
vt 0.859600 0.551766
vt 0.859606 0.551792
vt 0.859616 0.551832
vt 0.859633 0.551902
vt 0.859636 0.551915
vt 0.859645 0.551951
vt 0.861481 0.559596
vt 0.861485 0.559617
vt 0.861495 0.559659
vt 0.861516 0.559755
vt 0.861518 0.559764
vt 0.863091 0.566867
vt 0.863096 0.566890
vt 0.863108 0.566947
vt 0.863119 0.567000
vt 0.863126 0.567035
vt 0.864470 0.573715
vt 0.864474 0.573735
vt 0.864486 0.573798
vt 0.864488 0.573808
vt 0.864499 0.573872
vt 0.865476 0.579248
vt 0.865596 0.579950
vt 0.865614 0.580056
vt 0.865643 0.580228
vt 0.865674 0.580415
vt 0.865707 0.580612
vt 0.865741 0.580815
vt 0.865776 0.581021
vt 0.865778 0.581035
vt 0.865812 0.581243
vt 0.865813 0.581246
vt 0.865814 0.581256
vt 0.865846 0.581447
vt 0.865877 0.581636
vt 0.866429 0.660957
vt 0.866435 0.660901
vt 0.866429 0.660955
vt 0.867302 0.652893
vt 0.867298 0.652932
vt 0.866442 0.660835
vt 0.865910 0.581841
vt 0.865943 0.582040
vt 0.865974 0.582231
vt 0.866002 0.582409
vt 0.866023 0.582536
vt 0.866134 0.583238
vt 0.866145 0.583307
vt 0.866148 0.583325
vt 0.866154 0.583373
vt 0.866157 0.583392
vt 0.866159 0.583409
vt 0.867082 0.589751
vt 0.867087 0.589793
vt 0.867302 0.652890
vt 0.867087 0.589795
vt 0.867095 0.589855
vt 0.867098 0.589880
vt 0.867102 0.589920
vt 0.867304 0.652869
vt 0.867316 0.652738
vt 0.867310 0.652806
vt 0.867321 0.652680
vt 0.867319 0.652704
vt 0.867103 0.589928
vt 0.867851 0.596193
vt 0.867851 0.596199
vt 0.867990 0.645334
vt 0.867989 0.645344
vt 0.867856 0.596248
vt 0.867860 0.596295
vt 0.867862 0.596306
vt 0.867864 0.596333
vt 0.867996 0.645254
vt 0.867995 0.645272
vt 0.867999 0.645212
vt 0.867997 0.645242
vt 0.868003 0.645156
vt 0.868001 0.645183
vt 0.868005 0.645129
vt 0.868524 0.604816
vt 0.868524 0.637866
vt 0.868378 0.601869
vt 0.868524 0.603801
vt 0.868374 0.601819
vt 0.868376 0.601846
vt 0.868373 0.601810
vt 0.152848 0.516465
vt 0.152848 0.516465
vt 0.152849 0.516466
vt 0.152911 0.516680
vt 0.152947 0.516804
vt 0.152955 0.516834
vt 0.153012 0.517030
vt 0.153064 0.517208
vt 0.153078 0.517258
vt 0.153146 0.517491
vt 0.152787 0.516253
vt 0.152725 0.516040
vt 0.152740 0.516092
vt 0.152600 0.515609
vt 0.152625 0.515693
vt 0.152663 0.515827
vt 0.152467 0.515149
vt 0.152535 0.515385
vt 0.150485 0.515149
vt 0.151476 0.511726
vt 0.150352 0.515609
vt 0.150417 0.515384
vt 0.150289 0.515827
vt 0.150328 0.515693
vt 0.150166 0.516253
vt 0.150212 0.516092
vt 0.150227 0.516040
vt 0.150104 0.516466
vt 0.150104 0.516465
vt 0.150005 0.516804
vt 0.150042 0.516680
vt 0.149940 0.517030
vt 0.149997 0.516834
vt 0.149806 0.517491
vt 0.149874 0.517258
vt 0.149889 0.517208
vt 0.149763 0.517640
vt 0.149633 0.518088
vt 0.149666 0.517975
vt 0.149737 0.517730
vt 0.149514 0.518500
vt 0.149591 0.518233
vt 0.149432 0.518781
vt 0.149492 0.518576
vt 0.149239 0.519447
vt 0.149337 0.519109
vt 0.149338 0.519107
vt 0.149025 0.520186
vt 0.149135 0.519805
vt 0.149167 0.519697
vt 0.148977 0.520353
vt 0.148834 0.520846
vt 0.148960 0.520411
vt 0.148549 0.521835
vt 0.148697 0.521320
vt 0.148758 0.521111
vt 0.148387 0.522396
vt 0.148504 0.521990
vt 0.148194 0.523067
vt 0.148229 0.522946
vt 0.147859 0.524239
vt 0.147991 0.523775
vt 0.148194 0.523067
vt 0.147778 0.524522
vt 0.147445 0.525690
vt 0.147547 0.525334
vt 0.147222 0.526481
vt 0.147336 0.526075
vt 0.147392 0.525879
vt 0.147102 0.526907
vt 0.146831 0.527870
vt 0.146998 0.527276
vt 0.147056 0.527071
vt 0.146633 0.528580
vt 0.146657 0.528493
vt 0.145210 0.533608
vt 0.145258 0.533434
vt 0.144927 0.534630
vt 0.145110 0.533968
vt 0.144431 0.536440
vt 0.144685 0.535511
vt 0.144759 0.535241
vt 0.144167 0.537417
vt 0.144129 0.537560
vt 0.142597 0.543222
vt 0.142676 0.542923
vt 0.143803 0.538777
vt 0.142087 0.545173
vt 0.142296 0.544365
vt 0.141478 0.547557
vt 0.141897 0.545907
vt 0.140395 0.551792
vt 0.140563 0.551113
vt 0.139693 0.554668
vt 0.140137 0.552829
vt 0.139394 0.555951
vt 0.139616 0.554994
vt 0.138518 0.559617
vt 0.138644 0.559074
vt 0.137709 0.563225
vt 0.138260 0.560730
vt 0.136907 0.566890
vt 0.137037 0.566271
vt 0.137655 0.563479
vt 0.136594 0.568378
vt 0.136137 0.570675
vt 0.136318 0.569762
vt 0.135528 0.573736
vt 0.135631 0.573189
vt 0.135171 0.575647
vt 0.135218 0.575383
vt 0.134481 0.579499
vt 0.134524 0.579248
vt 0.134874 0.577323
vt 0.134465 0.579599
vt 0.134475 0.579537
vt 0.134441 0.579736
vt 0.134453 0.579666
vt 0.134417 0.579883
vt 0.134429 0.579809
vt 0.134188 0.581243
vt 0.134200 0.581170
vt 0.134135 0.581572
vt 0.133954 0.582685
vt 0.133965 0.582620
vt 0.133976 0.582554
vt 0.133932 0.582825
vt 0.133943 0.582756
vt 0.133911 0.582952
vt 0.133921 0.582890
vt 0.133866 0.583238
vt 0.133904 0.582996
vt 0.133520 0.585528
vt 0.133590 0.585041
vt 0.133274 0.587273
vt 0.133340 0.586790
vt 0.132774 0.590868
vt 0.132920 0.589751
vt 0.133214 0.587726
vt 0.132768 0.590915
vt 0.153189 0.517640
vt 0.153215 0.517730
vt 0.153286 0.517976
vt 0.153319 0.518088
vt 0.132577 0.592487
vt 0.132388 0.594178
vt 0.132503 0.593132
vt 0.132134 0.596343
vt 0.132150 0.596193
vt 0.132364 0.594398
vt 0.132003 0.597640
vt 0.153361 0.518233
vt 0.153439 0.518500
vt 0.131888 0.598867
vt 0.131752 0.600466
vt 0.131802 0.599856
vt 0.131863 0.599154
vt 0.153461 0.518576
vt 0.153520 0.518781
vt 0.153615 0.519107
vt 0.153615 0.519109
vt 0.153713 0.519447
vt 0.131607 0.602054
vt 0.131627 0.601810
vt 0.153786 0.519697
vt 0.153817 0.519805
vt 0.153927 0.520186
vt 0.131509 0.603365
vt 0.131553 0.602761
vt 0.131476 0.630400
vt 0.131476 0.603801
vt 0.131593 0.639505
vt 0.131476 0.637866
vt 0.131650 0.640409
vt 0.131606 0.639702
vt 0.131750 0.641892
vt 0.131699 0.641140
vt 0.131828 0.642978
vt 0.131805 0.642664
vt 0.131925 0.644265
vt 0.131863 0.643456
vt 0.132011 0.645344
vt 0.131990 0.645091
vt 0.132325 0.648900
vt 0.132249 0.648006
vt 0.132197 0.647386
vt 0.153975 0.520353
vt 0.153992 0.520411
vt 0.154118 0.520846
vt 0.154195 0.521111
vt 0.154255 0.521320
vt 0.154404 0.521835
vt 0.154448 0.521990
vt 0.154565 0.522396
vt 0.154723 0.522946
vt 0.132486 0.650687
vt 0.132326 0.648907
vt 0.132699 0.652890
vt 0.132643 0.652331
vt 0.133080 0.656486
vt 0.132809 0.653978
vt 0.132708 0.652980
vt 0.154758 0.523067
vt 0.154758 0.523068
vt 0.154962 0.523778
vt 0.155094 0.524239
vt 0.155175 0.524525
vt 0.155418 0.525376
vt 0.155515 0.525718
vt 0.155635 0.526142
vt 0.155675 0.526283
vt 0.155766 0.526609
vt 0.155919 0.527150
vt 0.156012 0.527481
vt 0.156087 0.527750
vt 0.156279 0.528436
vt 0.133417 0.659611
vt 0.133262 0.658202
vt 0.157664 0.533327
vt 0.157742 0.533608
vt 0.133578 0.661008
vt 0.133425 0.659680
vt 0.133947 0.664069
vt 0.133653 0.661661
vt 0.134227 0.666382
vt 0.134200 0.666167
vt 0.134494 0.668505
vt 0.134462 0.668254
vt 0.134507 0.668604
vt 0.134499 0.668542
vt 0.134525 0.668741
vt 0.134516 0.668671
vt 0.134544 0.668887
vt 0.134534 0.668813
vt 0.134694 0.670052
vt 0.134617 0.669456
vt 0.134720 0.670249
vt 0.134710 0.670177
vt 0.134896 0.671591
vt 0.134834 0.671121
vt 0.134913 0.671716
vt 0.134905 0.671654
vt 0.134930 0.671849
vt 0.134922 0.671783
vt 0.134946 0.671971
vt 0.134939 0.671912
vt 0.134982 0.672244
vt 0.134952 0.672013
vt 0.135214 0.673961
vt 0.135109 0.673191
vt 0.134993 0.672322
vt 0.135438 0.675606
vt 0.135265 0.674344
vt 0.135787 0.678109
vt 0.135630 0.676989
vt 0.135477 0.675880
vt 0.157847 0.533985
vt 0.157872 0.534076
vt 0.158112 0.534945
vt 0.136063 0.680059
vt 0.135844 0.678510
vt 0.136625 0.684060
vt 0.136529 0.683391
vt 0.136154 0.680695
vt 0.158350 0.535814
vt 0.158392 0.535968
vt 0.158725 0.537194
vt 0.158967 0.538099
vt 0.160119 0.542335
vt 0.160280 0.542938
vt 0.160355 0.543222
vt 0.160800 0.544920
vt 0.161074 0.545987
vt 0.161400 0.547263
vt 0.162339 0.550916
vt 0.162505 0.551581
vt 0.162558 0.551792
vt 0.162732 0.552493
vt 0.163117 0.554074
vt 0.163431 0.555399
vt 0.164207 0.558628
vt 0.164267 0.558885
vt 0.136699 0.684577
vt 0.137254 0.688401
vt 0.137067 0.687117
vt 0.137012 0.686738
vt 0.164437 0.559617
vt 0.164627 0.560442
vt 0.164890 0.561616
vt 0.164979 0.562013
vt 0.165324 0.563601
vt 0.165960 0.566474
vt 0.166047 0.566890
vt 0.166165 0.567453
vt 0.166288 0.568037
vt 0.166609 0.569623
vt 0.166768 0.570439
vt 0.166911 0.571175
vt 0.167426 0.573735
vt 0.167438 0.573797
vt 0.137483 0.689962
vt 0.137585 0.690655
vt 0.137503 0.690103
vt 0.137715 0.691546
vt 0.137682 0.691318
vt 0.137808 0.692173
vt 0.137769 0.691913
vt 0.137891 0.692742
vt 0.137850 0.692461
vt 0.137846 0.692438
vt 0.167735 0.575390
vt 0.167853 0.576054
vt 0.168025 0.577020
vt 0.168072 0.577291
vt 0.137971 0.693286
vt 0.137937 0.693054
vt 0.137932 0.693017
vt 0.168428 0.579248
vt 0.168472 0.579504
vt 0.168478 0.579542
vt 0.168489 0.579605
vt 0.168500 0.579673
vt 0.168512 0.579744
vt 0.168524 0.579818
vt 0.168537 0.579893
vt 0.168752 0.581169
vt 0.168764 0.581243
vt 0.138012 0.693561
vt 0.138010 0.693550
vt 0.168866 0.581870
vt 0.138082 0.694040
vt 0.138052 0.693833
vt 0.168975 0.582549
vt 0.168986 0.582616
vt 0.168997 0.582681
vt 0.169009 0.582752
vt 0.169020 0.582822
vt 0.169031 0.582888
vt 0.169041 0.582950
vt 0.169048 0.582994
vt 0.169087 0.583238
vt 0.169340 0.584892
vt 0.169487 0.585912
vt 0.169610 0.586773
vt 0.169741 0.587755
vt 0.170032 0.589751
vt 0.170143 0.590589
vt 0.170264 0.591575
vt 0.170375 0.592481
vt 0.170590 0.594400
vt 0.170597 0.594472
vt 0.170802 0.596193
vt 0.170921 0.597388
vt 0.171031 0.598498
vt 0.171205 0.600537
vt 0.171323 0.601810
vt 0.171355 0.602178
vt 0.171444 0.603381
vt 0.171476 0.603801
vt 0.171476 0.630672
vt 0.171476 0.637866
vt 0.171363 0.639446
vt 0.171189 0.642090
vt 0.171007 0.644521
vt 0.138087 0.694072
vt 0.170958 0.645122
vt 0.170939 0.645344
vt 0.170762 0.647290
vt 0.138121 0.694306
vt 0.138155 0.694537
vt 0.138141 0.694444
vt 0.170635 0.648817
vt 0.170430 0.651072
vt 0.138175 0.694675
vt 0.138247 0.695163
vt 0.138211 0.694919
vt 0.138204 0.694870
vt 0.170389 0.651511
vt 0.170329 0.652119
vt 0.170253 0.652890
vt 0.169992 0.655300
vt 0.169919 0.656037
vt 0.169697 0.658141
vt 0.169580 0.659198
vt 0.169485 0.660051
vt 0.169374 0.661008
vt 0.169082 0.663400
vt 0.168956 0.664477
vt 0.168773 0.665990
vt 0.168711 0.666501
vt 0.168490 0.668254
vt 0.168457 0.668509
vt 0.168453 0.668547
vt 0.168444 0.668609
vt 0.168436 0.668677
vt 0.168426 0.668748
vt 0.168417 0.668822
vt 0.168407 0.668897
vt 0.168374 0.669153
vt 0.168266 0.669990
vt 0.138267 0.695298
vt 0.138299 0.695522
vt 0.138283 0.695411
vt 0.138351 0.695876
vt 0.164653 0.695522
vt 0.164601 0.695876
vt 0.164686 0.695298
vt 0.164669 0.695411
vt 0.164748 0.694870
vt 0.164741 0.694918
vt 0.164706 0.695162
vt 0.168258 0.670052
vt 0.164777 0.694675
vt 0.168242 0.670177
vt 0.168233 0.670249
vt 0.168118 0.671120
vt 0.168056 0.671591
vt 0.168048 0.671654
vt 0.168039 0.671716
vt 0.164797 0.694537
vt 0.164866 0.694072
vt 0.164831 0.694306
vt 0.164811 0.694444
vt 0.168031 0.671783
vt 0.168022 0.671849
vt 0.168014 0.671912
vt 0.168006 0.671971
vt 0.168000 0.672013
vt 0.167970 0.672244
vt 0.167959 0.672322
vt 0.167843 0.673191
vt 0.167739 0.673961
vt 0.167687 0.674344
vt 0.167514 0.675606
vt 0.167476 0.675880
vt 0.167322 0.676989
vt 0.167165 0.678109
vt 0.164941 0.693561
vt 0.164901 0.693833
vt 0.164870 0.694040
vt 0.167108 0.678510
vt 0.166889 0.680059
vt 0.166798 0.680695
vt 0.166424 0.683391
vt 0.166328 0.684060
vt 0.166253 0.684577
vt 0.165940 0.686738
vt 0.165885 0.687118
vt 0.165698 0.688401
vt 0.165469 0.689962
vt 0.165449 0.690103
vt 0.165368 0.690655
vt 0.165270 0.691318
vt 0.165237 0.691546
vt 0.165183 0.691913
vt 0.165145 0.692173
vt 0.164942 0.693550
vt 0.165102 0.692461
vt 0.164981 0.693285
vt 0.165021 0.693017
vt 0.165015 0.693054
s 1
f 1/1/1 464/2/1 463/3/2
f 2/4/3 465/5/4 464/2/1
f 466/6/5 5/7/6 4/8/7
f 467/9/5 6/10/4 5/7/6
f 468/11/4 7/12/2 6/13/4
s 0
f 470/14/8 9/15/8 8/16/8
f 472/17/9 8/18/9 10/19/9
s 1
f 473/20/10 10/19/11 11/21/11
f 469/22/10 11/23/11 7/24/2
f 463/25/2 4/8/7 1/26/1
f 12/27/12 474/28/13 13/29/14
f 13/30/14 476/31/14 14/32/15
f 14/33/15 477/34/15 15/35/16
f 17/36/17 478/37/15 16/38/14
f 480/39/13 16/40/14 478/41/15
f 481/42/18 18/43/12 480/39/13
f 20/44/19 479/45/20 17/46/17
f 21/47/18 482/48/19 20/44/19
f 15/49/16 483/50/18 21/51/18
f 22/52/21 475/53/12 12/54/12
f 23/55/22 485/56/23 486/57/24
f 25/58/25 486/59/24 487/60/25
f 24/61/26 488/62/27 485/63/23
f 27/64/28 489/65/29 490/66/28
f 26/67/30 490/68/28 488/69/27
f 29/70/31 491/71/32 492/72/33
f 28/73/29 492/74/33 489/75/29
f 30/76/34 493/77/35 491/78/32
f 32/79/36 495/80/37 494/81/37
f 31/82/35 494/83/37 493/84/35
f 34/85/38 471/86/39 496/87/39
s 0
f 33/88/40 496/89/40 495/90/40
s 1
f 35/91/41 498/92/42 497/93/43
f 36/94/44 499/95/45 498/96/42
f 38/97/46 500/98/45 501/99/47
f 40/100/48 501/101/47 502/102/42
f 41/103/49 503/104/50 504/105/50
f 42/106/51 505/107/50 503/108/50
f 39/109/52 504/105/50 500/110/45
f 44/111/53 506/112/50 507/113/50
f 45/114/54 508/115/55 506/116/50
f 43/117/56 507/118/50 505/119/50
f 37/120/57 502/121/42 499/122/45
f 47/123/58 509/124/59 510/125/60
f 49/126/61 511/127/60 512/128/62
f 50/129/63 513/130/49 511/131/60
f 52/132/60 514/133/60 515/134/50
f 53/135/60 516/136/60 514/137/60
f 54/138/64 517/139/55 516/136/60
f 51/140/65 515/141/50 513/142/49
f 56/143/59 518/144/60 519/145/60
f 57/146/53 520/147/60 518/148/60
f 59/149/66 521/150/50 522/151/60
f 60/152/67 523/153/50 521/154/50
f 61/155/68 524/156/47 523/157/50
f 58/158/60 522/159/60 520/160/60
f 63/161/69 525/162/48 526/163/69
f 62/164/70 526/165/69 524/166/47
f 55/167/71 519/168/60 517/169/55
f 509/170/59 49/171/61 512/172/62
f 46/173/72 510/174/60 508/175/55
f 65/176/73 528/177/74 527/178/74
f 64/179/44 527/178/74 525/162/48
s 0
f 66/180/75 529/181/75 528/182/75
s 1
f 497/183/43 68/184/43 35/91/41
s 0
f 25/185/75 529/186/75 67/187/75
f 68/188/76 531/189/76 69/190/76
f 532/191/76 69/192/76 531/193/76
s 1
f 533/194/77 71/179/78 534/195/79
f 535/196/80 73/164/81 536/156/82
f 537/197/83 75/198/84 538/199/83
f 539/200/85 76/201/86 537/159/83
f 540/153/87 77/202/87 539/203/85
f 541/204/83 79/205/88 542/206/89
f 543/207/83 80/208/90 541/209/83
f 544/210/83 82/211/91 545/130/83
f 546/212/83 83/213/92 544/210/83
f 547/214/83 84/215/93 546/216/83
f 548/217/94 86/218/95 549/124/85
f 550/219/83 87/171/96 548/217/94
f 545/142/83 88/220/97 550/221/83
f 542/222/89 85/223/98 547/136/83
f 538/224/83 81/225/93 543/207/83
f 536/156/82 78/226/79 540/227/87
f 551/228/83 89/229/99 552/230/86
f 549/124/85 90/231/87 551/232/83
f 553/233/85 91/234/80 554/235/85
f 555/236/89 92/237/100 553/238/85
f 556/239/85 94/240/101 557/241/102
f 558/242/85 95/243/103 556/244/85
f 559/245/87 97/246/104 560/247/104
f 560/102/104 99/120/105 561/248/102
f 557/98/102 98/249/106 559/250/87
f 554/251/85 96/252/107 558/253/85
f 70/254/108 562/255/108 100/256/109
f 563/92/104 100/257/109 562/183/108
f 561/258/102 101/94/110 563/259/104
f 552/260/86 93/261/111 555/116/89
f 534/262/79 74/263/102 535/264/80
f 564/182/112 72/176/77 533/265/77
s 0
f 566/266/113 103/267/113 565/80/113
s 1
f 568/81/114 105/268/115 567/84/116
f 569/269/117 107/270/118 570/65/118
f 571/271/119 109/272/120 572/273/121
f 573/274/122 112/185/123 574/275/123
s 0
f 112/58/124 575/276/124 574/277/124
s 1
f 576/278/125 111/279/126 573/59/122
f 572/273/121 114/280/127 576/281/125
f 570/282/118 110/283/128 571/284/119
f 577/285/129 108/286/117 569/287/117
f 567/77/116 115/288/130 577/289/129
f 565/80/114 106/290/131 568/83/114
s 0
f 484/291/113 104/292/113 566/89/113
s 1
f 575/186/124 102/180/112 564/177/112
s 0
f 116/293/132 579/294/132 578/295/132
f 580/296/133 19/297/133 481/298/133
f 581/299/134 118/300/134 580/301/134
f 117/302/134 581/303/134 579/304/134
s 1
f 583/305/135 120/306/136 121/307/137
f 584/308/138 121/309/137 122/310/139
f 586/311/140 123/312/132 124/313/140
f 582/314/136 124/315/140 120/306/136
s 0
f 125/316/141 588/317/141 587/318/141
s 1
f 589/319/138 126/320/138 127/321/138
f 585/322/132 127/323/138 123/324/132
f 122/325/139 578/326/142 584/327/138
f 128/328/143 591/329/144 590/330/145
f 129/331/146 592/332/147 591/333/144
f 131/334/148 587/335/149 593/336/150
f 130/337/147 593/338/150 592/339/147
f 132/340/151 595/341/152 594/342/153
f 133/343/154 596/344/155 595/345/152
f 134/346/156 597/347/157 596/344/155
f 137/348/158 599/349/159 598/350/160
f 135/351/157 598/350/160 597/352/157
f 138/353/161 601/354/162 600/355/163
f 139/356/164 602/357/165 601/358/162
f 142/359/166 604/360/167 603/361/168
f 140/362/169 603/361/168 602/363/165
f 141/364/167 605/365/170 604/366/167
f 144/367/171 607/368/172 606/369/173
f 147/370/174 609/371/175 608/372/176
f 145/373/177 608/372/176 607/368/172
f 146/374/178 610/375/179 609/371/175
f 149/376/180 606/377/173 611/378/180
f 148/379/181 600/380/163 610/381/179
f 143/382/170 594/383/153 605/384/170
f 136/385/159 590/386/145 599/387/159
s 0
f 149/388/182 612/389/182 150/390/182
f 613/391/182 150/392/182 612/393/182
s 1
f 151/394/183 614/395/184 152/396/184
f 615/397/185 152/396/184 614/398/184
f 155/399/186 616/400/187 154/401/188
f 618/402/189 154/403/188 616/404/187
f 619/405/190 156/406/191 618/407/189
f 621/408/192 158/409/193 620/410/194
f 622/411/195 160/412/196 623/413/197
f 163/414/198 624/415/199 162/416/200
f 623/417/197 162/416/200 624/418/199
f 620/419/194 161/420/201 622/421/195
f 626/422/202 164/423/203 627/424/204
f 167/425/205 628/426/206 166/427/207
f 630/428/208 166/429/207 628/430/206
f 627/431/204 168/432/209 630/433/208
f 631/434/210 165/435/211 626/436/202
f 629/437/212 159/438/213 621/439/192
f 625/440/214 157/441/190 619/442/190
f 617/443/186 153/444/215 615/397/185
f 170/445/216 632/446/217 171/447/217
f 171/448/217 634/449/218 172/450/218
f 172/451/218 635/452/219 173/453/220
f 175/454/221 636/455/222 174/456/223
f 638/457/218 174/458/223 636/459/222
f 639/460/218 176/461/224 638/462/218
f 178/463/225 637/464/221 175/465/221
f 179/466/226 640/467/225 178/468/225
f 173/469/220 641/470/226 179/471/226
f 169/472/210 633/473/216 170/474/216
s 0
f 180/475/227 643/476/227 181/477/227
s 1
f 181/478/228 644/479/229 182/480/229
f 183/481/230 646/482/231 184/483/231
f 185/484/232 648/485/229 186/486/231
s 0
f 187/487/231 650/488/231 649/489/231
s 1
f 186/490/231 651/491/233 189/492/229
s 0
f 650/493/232 189/492/232 651/494/232
f 3/495/234 649/496/234 465/497/234
s 1
f 184/498/231 647/499/235 185/500/232
f 182/501/229 645/502/230 183/503/230
f 190/504/236 642/505/233 180/506/233
f 191/507/237 654/508/238 192/509/239
f 192/509/239 655/510/240 193/511/240
f 193/512/240 656/513/241 194/514/242
f 195/515/243 658/516/244 196/517/245
f 197/518/246 660/519/247 198/520/248
f 198/520/248 657/521/249 195/515/243
f 196/517/245 661/522/250 199/523/251
f 199/524/251 662/525/252 200/526/253
f 200/526/253 663/527/254 201/528/254
f 201/529/254 653/530/255 191/531/237
f 202/532/256 665/533/257 203/534/258
f 666/535/259 202/532/256 204/536/260
f 203/537/258 667/538/261 205/539/262
f 206/540/263 669/541/264 207/542/265
f 207/543/265 670/544/266 208/545/267
f 208/546/267 666/547/259 204/548/260
f 209/549/268 672/550/269 210/551/270
f 211/552/271 673/553/272 674/554/273
f 211/555/271 675/556/274 213/557/275
f 213/557/275 671/558/276 209/559/268
f 210/560/270 676/561/277 214/562/278
s 0
f 212/563/272 677/564/272 673/565/272
s 1
f 216/566/279 679/567/280 217/568/281
f 216/566/279 680/569/277 678/570/282
f 217/568/281 681/571/283 219/572/284
f 219/573/284 682/574/285 220/575/286
f 652/576/287 220/577/286 682/578/285
f 214/579/278 680/580/277 218/581/277
f 205/582/262 677/583/272 215/584/288
f 194/585/242 668/586/289 206/540/263
s 0
f 683/587/290 177/588/290 639/589/290
s 1
f 685/590/291 222/591/292 223/592/291
f 686/593/292 223/594/291 224/595/293
f 684/596/292 225/597/294 222/598/292
f 687/599/294 226/600/295 225/601/294
f 227/602/296 690/603/297 689/604/296
f 691/605/298 228/606/299 229/607/298
f 688/608/300 229/609/298 226/610/295
f 224/595/293 683/611/295 686/593/292
f 692/612/301 230/613/302 693/614/303
f 694/615/304 231/616/305 692/617/301
f 227/618/296 695/619/303 233/620/306
f 696/621/307 233/622/306 695/623/303
f 693/624/303 234/625/308 696/621/307
f 697/626/309 235/627/310 698/628/311
f 699/629/312 236/630/313 697/631/309
f 239/632/314 700/633/315 238/634/316
f 698/635/311 238/636/316 700/637/315
f 702/638/317 237/639/312 699/640/312
f 703/641/318 241/642/319 704/643/319
f 705/644/320 244/645/321 706/646/322
f 244/645/321 707/647/317 706/648/322
f 708/649/323 243/650/324 705/651/320
f 704/652/319 246/653/325 708/654/323
f 709/655/326 247/656/327 710/657/328
f 711/658/329 248/659/330 709/660/326
f 250/661/331 713/662/332 712/663/333
f 251/664/334 714/665/335 713/662/332
f 710/657/328 250/661/331 712/663/333
f 715/666/336 254/667/337 716/668/338
f 254/667/337 717/669/339 716/670/338
f 718/671/340 253/672/341 715/673/336
s 0
f 255/674/339 719/675/339 717/676/339
s 1
f 720/677/342 256/678/340 718/671/340
f 722/679/343 259/680/344 721/681/345
f 723/682/346 261/683/347 724/684/348
f 725/685/349 264/686/350 726/687/351
f 264/688/350 727/689/352 726/690/351
f 265/691/353 728/692/354 727/693/352
f 729/694/355 263/695/355 725/696/349
f 724/684/348 267/697/356 729/698/355
f 730/699/357 262/700/358 723/701/346
f 721/702/345 268/703/359 730/699/357
s 0
f 731/704/360 269/705/360 732/706/360
s 1
f 732/707/361 271/708/362 733/709/363
f 734/710/364 272/711/365 735/712/366
f 736/713/367 273/714/368 734/715/364
f 733/709/363 274/716/369 736/717/367
f 731/718/370 738/719/371 275/720/372
f 739/721/373 276/722/374 740/723/375
f 741/724/376 278/725/377 742/726/378
f 743/727/379 281/728/380 744/729/380
s 0
f 281/730/343 745/731/343 744/729/343
s 1
f 742/732/378 280/733/381 743/734/379
f 746/735/382 279/736/383 741/737/376
f 740/738/375 283/739/383 746/740/382
f 747/741/384 277/742/385 739/743/373
f 735/744/366 284/745/386 747/741/384
f 286/746/387 749/747/388 748/748/389
f 288/749/390 751/750/388 750/751/388
f 285/752/391 750/753/388 749/754/388
f 290/755/392 753/756/393 752/757/393
f 291/758/394 752/759/393 754/760/388
f 287/761/395 754/762/388 751/763/388
f 756/764/396 293/765/397 755/766/398
f 294/767/399 757/768/400 758/769/393
f 289/770/401 758/771/393 753/772/393
f 296/773/402 760/774/403 759/775/403
f 297/776/404 759/777/403 761/778/393
f 299/779/395 763/780/405 762/781/393
f 301/782/406 765/783/393 764/784/403
f 300/785/401 766/786/393 765/787/393
f 298/788/407 764/789/403 763/790/405
f 304/791/408 768/792/393 767/793/403
f 303/794/409 769/795/393 768/796/393
f 302/797/410 767/798/403 766/799/393
f 307/800/391 771/801/393 770/802/393
f 306/803/408 772/804/393 771/805/393
f 309/806/411 774/807/412 773/808/393
f 311/809/413 774/807/412 310/810/414
f 308/811/415 773/808/393 772/812/393
f 305/813/416 770/814/393 769/815/393
f 295/816/417 762/781/393 760/817/403
f 312/818/401 777/819/401 776/820/388
f 314/821/418 779/822/419 778/823/401
f 315/824/393 780/825/411 779/822/419
f 313/826/418 778/827/401 777/828/401
f 318/829/420 782/830/421 781/831/422
f 319/832/423 781/831/422 783/833/411
f 321/834/421 785/835/424 784/836/425
s 0
f 320/837/426 786/838/426 785/839/426
s 1
f 324/840/427 787/841/428 788/842/406
f 322/843/406 788/844/406 786/845/426
f 317/846/404 784/836/425 782/847/421
f 316/848/429 783/833/411 780/849/411
f 311/850/413 776/851/388 775/852/430
f 292/853/431 761/854/393 755/855/398
f 325/856/432 748/748/389 789/857/432
s 0
f 787/858/428 275/859/428 737/860/428
f 745/731/343 260/861/343 722/862/343
s 1
f 728/863/354 258/864/433 720/865/342
f 719/866/339 249/867/434 711/868/329
f 714/869/335 242/870/435 703/871/318
f 707/872/317 240/873/436 702/874/317
f 701/875/437 232/876/438 694/877/304
f 326/878/439 790/879/440 791/880/441
f 327/881/442 792/882/443 790/883/440
f 329/884/444 791/885/441 793/886/445
f 328/887/446 794/888/447 792/889/443
f 330/890/447 795/891/448 794/892/447
f 332/893/449 796/894/450 797/895/451
f 331/896/452 797/897/451 795/898/448
f 333/899/450 798/900/453 796/894/450
f 334/901/454 799/902/455 798/903/453
f 336/904/456 800/905/457 801/906/458
f 338/907/459 801/908/458 802/909/460
f 339/910/461 803/911/462 804/912/461
f 337/913/463 804/914/461 800/915/457
f 340/916/464 805/917/465 803/918/462
f 342/919/466 806/920/467 807/921/468
f 343/922/469 808/923/470 806/924/467
f 345/925/471 807/926/468 809/927/472
f 344/928/473 810/929/474 808/923/470
f 346/930/475 811/931/476 810/932/474
f 348/933/477 812/934/478 813/935/479
f 349/936/480 814/937/481 812/938/478
f 350/939/482 815/940/483 814/941/481
f 352/942/484 813/935/479 816/943/485
f 354/944/486 817/945/487 818/946/488
f 353/947/489 819/948/490 817/949/487
f 357/950/491 821/951/492 820/952/493
f 355/953/494 820/954/493 819/948/490
f 358/955/495 822/956/496 823/957/497
f 361/958/498 825/959/499 824/960/500
f 359/961/501 824/962/500 822/963/496
s 0
f 363/964/502 826/965/502 362/966/502
s 1
f 365/967/503 828/968/504 364/969/505
f 364/970/505 830/971/506 366/972/507
f 367/973/508 832/974/509 368/975/509
f 369/976/510 831/977/511 367/973/508
f 368/975/509 829/978/505 365/979/503
f 366/972/507 827/980/512 363/964/513
f 370/981/503 835/982/514 371/983/514
f 371/983/514 836/984/515 372/985/516
f 373/986/517 838/987/518 374/988/519
f 375/989/520 840/990/516 376/991/516
f 376/991/516 841/992/521 377/993/522
f 841/994/521 373/995/517 377/993/522
f 379/996/523 842/997/516 378/998/524
f 378/998/524 844/999/516 380/1000/525
f 380/1001/525 839/1002/516 375/989/520
f 374/1003/519 834/1004/514 370/981/503
f 372/1005/516 833/1006/511 369/1007/510
f 382/1008/526 845/1009/527 381/1010/528
f 381/1011/528 847/1012/519 383/1013/529
f 385/1014/530 848/1015/527 384/1016/531
f 384/1017/531 850/1018/519 386/1019/532
f 388/1020/533 851/1021/516 387/1022/534
f 387/1023/534 849/1024/527 385/1025/530
f 386/1026/532 846/1027/519 382/1008/526
f 383/1013/529 843/1028/519 379/1029/523
f 390/1030/535 853/1031/527 389/1032/536
f 391/1033/537 854/1034/516 390/1030/535
f 393/1035/524 856/1036/538 392/1037/539
f 394/1038/514 857/1039/516 393/1040/524
f 392/1041/539 859/1042/540 855/1043/509
f 396/1044/541 860/1045/518 395/1046/542
f 397/1047/543 861/1048/518 396/1044/541
f 399/1049/544 863/1050/518 398/1051/545
f 325/1052/432 865/1053/546 400/1054/519
f 400/1055/519 864/1056/518 399/1057/544
f 398/1058/545 862/1059/518 397/1060/543
f 395/1061/542 858/1062/516 394/1063/514
f 389/1064/536 852/1065/547 388/1066/533
f 401/1067/548 866/1068/549 867/1069/550
f 403/1070/551 867/1071/550 868/1072/551
f 402/1073/552 869/1074/553 866/1075/549
f 405/1076/554 870/1077/555 871/1078/556
f 407/1079/557 871/1080/556 872/1081/558
f 406/1082/559 873/1083/560 870/1077/555
f 404/1084/561 872/1085/558 869/1086/553
f 408/1087/562 874/1088/563 873/1089/560
f 410/1090/564 875/1091/565 876/1092/566
f 409/1093/567 876/1092/566 874/1094/563
f 412/1095/568 877/1096/569 878/1097/570
f 413/1098/571 879/1099/572 877/1100/569
f 880/1101/573 415/1102/573 881/1103/573
s 0
f 416/1104/574 880/1105/574 882/1106/574
f 415/1107/575 883/1108/575 881/1109/575
s 1
f 414/1110/576 882/1111/576 879/1112/572
f 411/1113/567 878/1097/570 875/1114/565
s 0
f 799/1115/577 403/1116/577 868/1117/577
f 883/1118/575 362/966/575 826/1119/575
s 1
f 823/957/497 418/1120/578 358/955/495
f 825/1121/499 354/1122/486 818/1123/488
f 821/951/492 352/942/484 816/943/485
f 815/1124/483 345/925/471 809/927/472
f 811/1125/476 338/907/459 802/1126/460
f 805/917/465 329/884/444 793/1127/445
f 419/1128/579 886/1129/580 420/1130/581
f 420/1131/581 887/1132/582 421/1133/583
f 422/1134/584 889/1135/585 423/1136/586
f 890/1137/582 423/1136/586 889/1138/585
s 0
f 425/1139/587 890/1140/587 891/1141/587
s 1
f 426/1142/588 888/1143/589 422/1134/584
f 427/1144/590 892/1145/585 426/1142/588
f 421/1146/583 893/1147/590 427/1148/590
f 418/1149/578 885/1150/591 419/1151/579
f 428/1152/592 895/1153/593 894/1154/594
f 429/1155/593 891/1156/593 895/1157/593
f 896/1158/595 430/1159/596 431/1160/597
f 897/1161/598 432/1162/599 430/1159/596
f 898/1163/599 433/1164/592 432/1162/599
f 900/1165/600 435/1166/601 434/1167/602
f 902/1168/603 434/1167/602 436/1169/604
f 903/1170/593 436/1171/604 437/1172/593
f 899/1173/592 437/1174/593 433/1175/592
f 894/1176/594 431/1177/597 428/1178/592
f 438/1179/605 904/1180/606 905/1181/607
f 439/1182/608 906/1183/609 904/1184/606
f 440/1185/610 907/1186/611 906/1187/609
f 442/1188/612 901/1189/601 908/1190/613
f 441/1191/614 908/1192/613 907/1193/611
f 443/1194/615 909/1195/616 910/1196/617
f 445/1197/618 911/1198/619 912/1199/620
f 447/1200/621 914/1201/622 913/1202/623
f 446/1203/624 913/1204/623 911/1205/619
f 444/1206/625 912/1207/620 909/1208/616
f 448/1209/626 915/1210/627 914/1201/622
f 450/1211/628 916/1212/629 917/1213/630
f 451/1214/631 918/1215/632 916/1212/629
f 453/1216/633 919/1217/634 920/1218/635
f 454/1219/636 921/1220/637 919/1221/634
f 455/1222/638 922/1223/639 921/1224/637
f 452/1225/640 920/1226/635 918/1227/632
f 457/1228/641 924/1229/642 923/1230/643
f 458/1231/643 925/1232/644 924/1233/642
f 459/1234/645 926/1235/646 925/1236/644
f 923/1237/643 461/1238/647 457/1239/641
f 917/1240/630 460/1241/646 450/1211/628
f 910/1242/617 456/1243/648 443/1194/615
f 905/1244/607 449/1245/649 438/1246/605
s 0
f 462/1247/650 927/1248/650 928/1249/650
f 928/1250/650 197/1251/650 462/1252/650
f 450/1253/651 198/1254/651 193/1255/651
f 542/1256/652 546/1257/652 531/1258/652
s 1
f 1/1/1 2/4/3 464/2/1
f 2/4/3 3/1259/2 465/5/4
f 466/6/5 467/1260/5 5/7/6
f 467/9/5 468/11/4 6/10/4
f 468/11/4 469/1261/10 7/12/2
s 0
f 470/14/8 471/1262/8 9/15/8
f 472/17/1 470/1263/1 8/18/1
s 1
f 473/20/10 472/1264/2 10/19/11
f 469/22/10 473/1265/10 11/23/11
f 463/25/2 466/1266/5 4/8/7
f 12/27/12 475/1267/12 474/28/13
f 13/30/14 474/1268/13 476/31/14
f 14/33/15 476/1269/14 477/34/15
f 17/36/17 479/1270/20 478/37/15
f 480/39/13 18/1271/12 16/40/14
f 481/42/18 19/1272/14 18/43/12
f 20/44/19 482/1273/19 479/45/20
f 21/47/18 483/1274/18 482/48/19
f 15/49/16 477/1275/15 483/50/18
f 22/52/21 484/1276/21 475/53/12
f 23/55/22 24/1277/26 485/56/23
f 25/58/25 23/1278/22 486/59/24
f 24/61/26 26/1279/30 488/62/27
f 27/64/28 28/270/29 489/65/29
f 26/67/30 27/1280/28 490/68/28
f 29/70/31 30/1281/34 491/71/32
f 28/73/29 29/1282/31 492/74/33
f 30/76/34 31/268/35 493/77/35
f 32/79/36 33/1283/653 495/80/37
f 31/82/35 32/290/36 494/83/37
f 34/85/38 9/1284/38 471/86/39
s 0
f 33/88/40 34/292/40 496/89/40
s 1
f 35/91/41 36/94/44 498/92/42
f 36/94/44 37/1285/57 499/95/45
f 38/97/46 39/240/52 500/98/45
f 40/100/48 38/249/46 501/101/47
f 41/103/49 42/252/51 503/104/50
f 42/106/51 43/234/56 505/107/50
f 39/109/52 41/1286/49 504/105/50
f 44/111/53 45/1287/54 506/112/50
f 45/114/54 46/229/72 508/115/55
f 43/117/56 44/1288/53 507/118/50
f 37/120/57 40/246/48 502/121/42
f 47/123/58 48/1289/654 509/124/59
f 49/126/61 50/1290/63 511/127/60
f 50/129/63 51/211/65 513/130/49
f 52/132/60 53/1291/60 514/133/60
f 53/135/60 54/138/64 516/136/60
f 54/138/64 55/205/71 517/139/55
f 51/140/65 52/1292/60 515/141/50
f 56/143/59 57/1293/53 518/144/60
f 57/146/53 58/1294/60 520/147/60
f 59/149/66 60/1295/67 521/150/50
f 60/152/67 61/226/68 523/153/50
f 61/155/68 62/164/70 524/156/47
f 58/158/60 59/1296/66 522/159/60
f 63/161/69 64/1297/44 525/162/48
f 62/164/70 63/263/69 526/165/69
f 55/167/71 56/143/59 519/168/60
f 509/170/59 48/218/654 49/171/61
f 46/173/72 47/231/58 510/174/60
f 65/176/73 66/180/44 528/177/74
f 64/179/44 65/176/73 527/178/74
s 0
f 66/180/655 67/1298/655 529/181/655
s 1
f 497/183/43 530/1299/43 68/184/43
s 0
f 25/185/75 487/1300/75 529/186/75
f 68/188/76 530/1301/76 531/189/76
f 532/191/76 70/1302/76 69/192/76
s 1
f 533/194/77 72/1303/77 71/179/78
f 535/196/80 74/161/102 73/164/81
f 537/197/83 76/1304/86 75/198/84
f 539/200/85 77/152/87 76/201/86
f 540/153/87 78/155/79 77/202/87
f 541/204/83 80/1305/90 79/205/88
f 543/207/83 81/146/93 80/208/90
f 544/210/83 83/1306/92 82/211/91
f 546/212/83 84/1307/93 83/213/92
f 547/214/83 85/1308/98 84/215/93
f 548/217/94 87/1309/96 86/218/95
f 550/219/83 88/129/97 87/171/96
f 545/142/83 82/1310/91 88/220/97
f 542/222/89 79/1311/88 85/223/98
f 538/224/83 75/1312/84 81/225/93
f 536/156/82 73/1313/81 78/226/79
f 551/228/83 90/123/87 89/229/99
f 549/124/85 86/218/95 90/231/87
f 553/233/85 92/111/100 91/234/80
f 555/236/89 93/1314/111 92/237/100
f 556/239/85 95/1315/103 94/240/101
f 558/242/85 96/1316/107 95/243/103
f 559/245/87 98/97/106 97/246/104
f 560/102/104 97/1317/104 99/120/105
f 557/98/102 94/1318/101 98/249/106
f 554/251/85 91/1319/80 96/252/107
f 70/254/108 532/1299/108 562/255/108
f 563/92/104 101/94/110 100/257/109
f 561/258/102 99/1285/105 101/94/110
f 552/260/86 89/1320/99 93/261/111
f 534/262/79 71/179/78 74/263/102
f 564/182/112 102/180/112 72/176/77
s 0
f 566/266/656 104/85/656 103/267/656
s 1
f 568/81/114 106/1321/131 105/268/115
f 569/269/117 108/70/117 107/270/118
f 571/271/119 110/1322/128 109/272/120
f 573/274/122 111/1323/126 112/185/123
s 0
f 112/58/106 113/1298/106 575/276/106
s 1
f 576/278/125 114/1324/127 111/279/126
f 572/273/121 109/67/120 114/280/127
f 570/282/118 107/1325/118 110/283/128
f 577/285/129 115/1326/130 108/286/117
f 567/77/116 105/82/115 115/288/130
f 565/80/114 103/1327/657 106/290/131
s 0
f 484/291/658 22/1328/658 104/292/658
s 1
f 575/186/124 113/187/659 102/180/112
s 0
f 116/293/141 117/1329/141 579/294/141
f 580/296/133 118/300/133 19/297/133
f 581/299/660 119/1330/660 118/300/660
f 117/302/661 119/1330/661 581/303/661
s 1
f 583/305/135 582/1331/136 120/306/136
f 584/308/138 583/1332/135 121/309/137
f 586/311/140 585/1333/132 123/312/132
f 582/314/136 586/1334/140 124/315/140
s 0
f 125/316/141 126/1335/141 588/317/141
s 1
f 589/319/138 588/1336/139 126/320/138
f 585/322/132 589/1337/138 127/323/138
f 122/325/139 116/1338/662 578/326/142
f 128/328/143 129/1339/146 591/329/144
f 129/331/146 130/1340/147 592/332/147
f 131/334/148 125/1341/149 587/335/149
f 130/337/147 131/1342/148 593/338/150
f 132/340/151 133/343/154 595/341/152
f 133/343/154 134/1343/156 596/344/155
f 134/346/156 135/351/157 597/347/157
f 137/348/158 136/1344/159 599/349/159
f 135/351/157 137/348/158 598/350/160
f 138/353/161 139/1345/164 601/354/162
f 139/356/164 140/362/169 602/357/165
f 142/359/166 141/1346/167 604/360/167
f 140/362/169 142/359/166 603/361/168
f 141/364/167 143/382/170 605/365/170
f 144/367/171 145/373/177 607/368/172
f 147/370/174 146/374/178 609/371/175
f 145/373/177 147/1347/174 608/372/176
f 146/374/178 148/1348/181 610/375/179
f 149/376/180 144/367/171 606/377/173
f 148/379/181 138/1349/161 600/380/163
f 143/382/170 132/1350/151 594/383/153
f 136/385/159 128/1351/143 590/386/145
s 0
f 149/388/182 611/1352/182 612/389/182
f 613/391/182 151/1353/182 150/392/182
s 1
f 151/394/183 613/1354/183 614/395/184
f 615/397/185 153/444/215 152/396/184
f 155/399/186 617/1355/186 616/400/187
f 618/402/189 156/1356/191 154/403/188
f 619/405/190 157/441/190 156/406/191
f 621/408/192 159/1357/213 158/409/193
f 622/411/195 161/1358/201 160/412/196
f 163/414/198 625/1359/214 624/415/199
f 623/417/197 160/1360/196 162/416/200
f 620/419/194 158/409/193 161/420/201
f 626/422/202 165/1361/211 164/423/203
f 167/425/205 629/1362/212 628/426/206
f 630/428/208 168/1363/209 166/429/207
f 627/431/204 164/1364/203 168/432/209
f 631/434/210 169/1365/210 165/435/211
f 629/437/212 167/1366/205 159/438/213
f 625/440/214 163/1367/198 157/441/190
f 617/443/186 155/399/186 153/444/215
f 170/445/216 633/1368/216 632/446/217
f 171/448/217 632/1369/217 634/449/218
f 172/451/218 634/449/218 635/452/219
f 175/454/221 637/1370/221 636/455/222
f 638/457/218 176/1371/224 174/458/223
f 639/460/218 177/1372/663 176/461/224
f 178/463/225 640/1373/225 637/464/221
f 179/466/226 641/1374/226 640/467/225
f 173/469/220 635/1375/219 641/470/226
f 169/472/210 631/1376/210 633/473/216
s 0
f 180/475/229 642/1377/229 643/476/229
s 1
f 181/478/228 643/1378/227 644/479/229
f 183/481/230 645/1379/230 646/482/231
f 185/484/232 647/1380/235 648/485/229
s 0
f 187/487/4 188/1381/4 650/488/4
s 1
f 186/490/231 648/1382/229 651/491/233
s 0
f 650/493/664 188/1381/664 189/492/664
f 3/495/234 187/487/234 649/496/234
s 1
f 184/498/231 646/1383/231 647/499/235
f 182/501/229 644/1384/229 645/502/230
f 190/504/236 652/1385/287 642/505/233
f 191/507/237 653/1386/255 654/508/238
f 192/509/239 654/508/238 655/510/240
f 193/512/240 655/1387/240 656/513/241
f 195/515/243 657/1388/249 658/516/244
f 197/518/246 659/1389/246 660/519/247
f 198/520/248 660/1390/247 657/521/249
f 196/517/245 658/1391/244 661/522/250
f 199/524/251 661/1392/250 662/525/252
f 200/526/253 662/1393/252 663/527/254
f 201/529/254 663/1394/254 653/530/255
f 202/532/256 664/1395/665 665/533/257
f 666/535/259 664/1396/665 202/532/256
f 203/537/258 665/1397/257 667/538/261
f 206/540/263 668/1398/289 669/541/264
f 207/543/265 669/1399/264 670/544/266
f 208/546/267 670/1400/266 666/547/259
f 209/549/268 671/1401/276 672/550/269
f 211/552/271 212/1402/666 673/553/272
f 211/555/271 674/1403/273 675/556/274
f 213/557/275 675/1404/274 671/558/276
f 210/560/270 672/1405/269 676/561/277
s 0
f 212/563/667 215/1406/667 677/564/667
s 1
f 216/566/279 678/1407/282 679/567/280
f 216/566/279 218/1408/277 680/569/277
f 217/568/281 679/1409/280 681/571/283
f 219/573/284 681/1410/283 682/574/285
f 652/576/287 190/1411/236 220/577/286
f 214/579/278 676/1412/277 680/580/277
f 205/582/262 667/1413/261 677/583/272
f 194/585/242 656/513/241 668/586/289
s 0
f 683/587/290 221/1414/290 177/588/290
s 1
f 685/590/291 684/1415/292 222/591/292
f 686/593/292 685/1416/291 223/594/291
f 684/596/292 687/1417/294 225/597/294
f 687/599/294 688/1418/300 226/600/295
f 227/602/296 228/1419/299 690/603/297
f 691/605/298 690/603/297 228/606/299
f 688/608/300 691/1420/298 229/609/298
f 224/595/293 221/1421/668 683/611/295
f 692/612/301 231/1422/305 230/613/302
f 694/615/304 232/1423/438 231/616/305
f 227/618/296 689/1424/296 695/619/303
f 696/621/307 234/625/308 233/622/306
f 693/624/303 230/1425/302 234/625/308
f 697/626/309 236/1426/313 235/627/310
f 699/629/312 237/1427/312 236/630/313
f 239/632/314 701/1428/437 700/633/315
f 698/635/311 235/627/310 238/636/316
f 702/638/317 240/873/436 237/639/312
f 703/641/318 242/1429/435 241/642/319
f 705/644/320 243/1430/324 244/645/321
f 244/645/321 245/1431/317 707/647/317
f 708/649/323 246/1432/325 243/650/324
f 704/652/319 241/642/319 246/653/325
f 709/655/326 248/1433/330 247/656/327
f 711/658/329 249/867/434 248/659/330
f 250/661/331 251/1434/334 713/662/332
f 251/664/334 252/1435/335 714/665/335
f 710/657/328 247/1436/327 250/661/331
f 715/666/336 253/672/341 254/667/337
f 254/667/337 255/1437/669 717/669/339
f 718/671/340 256/1438/340 253/672/341
s 0
f 255/674/670 257/1439/670 719/675/670
s 1
f 720/677/342 258/1440/433 256/678/340
f 722/679/343 260/1441/671 259/680/344
f 723/682/346 262/700/358 261/683/347
f 725/685/349 263/695/355 264/686/350
f 264/688/350 265/1442/353 727/689/352
f 265/691/353 266/1443/672 728/692/354
f 729/694/355 267/1444/356 263/695/355
f 724/684/348 261/683/347 267/697/356
f 730/699/357 268/1445/359 262/700/358
f 721/702/345 259/1446/344 268/703/359
s 0
f 731/704/360 270/1447/360 269/705/360
s 1
f 732/707/361 269/1448/363 271/708/362
f 734/710/364 273/1449/368 272/711/365
f 736/713/367 274/1450/369 273/714/368
f 733/709/363 271/708/362 274/716/369
f 275/720/372 270/720/372 731/718/370
f 738/719/371 737/719/182 275/720/372
f 739/721/373 277/1451/385 276/722/374
f 741/724/376 279/1452/383 278/725/377
f 743/727/379 280/1453/381 281/728/380
s 0
f 281/730/673 282/1454/673 745/731/673
s 1
f 742/732/378 278/1455/377 280/733/381
f 746/735/382 283/1456/383 279/736/383
f 740/738/375 276/1457/374 283/739/383
f 747/741/384 284/1458/386 277/742/385
f 735/744/366 272/711/365 284/745/386
f 286/746/387 285/1459/391 749/747/388
f 288/749/390 287/1460/395 751/750/388
f 285/752/391 288/1461/390 750/753/388
f 290/755/392 289/1462/401 753/756/393
f 291/758/394 290/755/392 752/759/393
f 287/761/395 291/1463/394 754/762/388
f 756/764/396 757/1464/400 293/765/397
f 293/765/397 292/765/431 755/766/398
f 294/767/399 293/1465/397 757/768/400
f 289/770/401 294/767/399 758/771/393
f 296/773/402 295/1466/417 760/774/403
f 297/776/404 296/1467/402 759/777/403
f 299/779/395 298/1468/407 763/780/405
f 301/782/406 300/1469/401 765/783/393
f 300/785/401 302/1470/410 766/786/393
f 298/788/407 301/782/406 764/789/403
f 304/791/408 303/1471/409 768/792/393
f 303/794/409 305/1472/416 769/795/393
f 302/797/410 304/791/408 767/798/403
f 307/800/391 306/1473/408 771/801/393
f 306/803/408 308/1474/415 772/804/393
f 309/806/411 310/1475/414 774/807/412
f 311/809/413 775/1476/430 774/807/412
f 308/811/415 309/806/411 773/808/393
f 305/813/416 307/800/391 770/814/393
f 295/816/417 299/1477/395 762/781/393
f 312/818/401 313/826/418 777/819/401
f 314/821/418 315/824/393 779/822/419
f 315/824/393 316/1478/429 780/825/411
f 313/826/418 314/1479/418 778/827/401
f 318/829/420 317/846/404 782/830/421
f 319/832/423 318/1480/420 781/831/422
f 321/834/421 320/837/425 785/835/424
s 0
f 320/837/428 322/843/428 786/838/428
s 1
f 324/840/427 323/1481/426 787/841/428
f 322/843/406 324/840/427 788/844/406
f 317/846/404 321/834/421 784/836/425
f 316/848/429 319/832/423 783/833/411
f 311/850/413 312/818/401 776/851/388
f 292/853/431 297/1482/404 761/854/393
f 325/856/432 286/1483/387 748/748/389
s 0
f 787/858/674 323/1481/674 275/859/674
f 745/731/675 282/1454/675 260/861/675
s 1
f 728/863/354 266/1443/672 258/864/433
f 719/866/339 257/1484/670 249/867/434
f 714/869/335 252/1485/335 242/870/435
f 707/872/317 245/1431/317 240/873/436
f 701/875/437 239/632/314 232/876/438
f 326/878/439 327/881/442 790/879/440
f 327/881/442 328/887/446 792/882/443
f 329/884/444 326/1486/439 791/885/441
f 328/887/446 330/1487/447 794/888/447
f 330/890/447 331/1488/452 795/891/448
f 332/893/449 333/1489/450 796/894/450
f 331/896/452 332/893/449 797/897/451
f 333/899/450 334/1490/454 798/900/453
f 334/901/454 335/1491/577 799/902/455
f 336/904/456 337/913/463 800/905/457
f 338/907/459 336/1492/456 801/908/458
f 339/910/461 340/1493/464 803/911/462
f 337/913/463 339/910/461 804/914/461
f 340/916/464 341/1494/676 805/917/465
f 342/919/466 343/1495/469 806/920/467
f 343/922/469 344/1496/473 808/923/470
f 345/925/471 342/919/466 807/926/468
f 344/928/473 346/1497/475 810/929/474
f 346/930/475 347/1498/677 811/931/476
f 348/933/477 349/1499/480 812/934/478
f 349/936/480 350/939/482 814/937/481
f 350/939/482 351/1500/483 815/940/483
f 352/942/484 348/933/477 813/935/479
f 354/944/486 353/947/489 817/945/487
f 353/947/489 355/953/494 819/948/490
f 357/950/491 356/1501/492 821/951/492
f 355/953/494 357/1502/491 820/954/493
f 358/955/495 359/1503/501 822/956/496
f 361/958/498 360/1504/678 825/959/499
f 359/961/501 361/1505/498 824/962/500
s 0
f 363/964/512 827/1506/512 826/965/512
s 1
f 365/967/503 829/1507/505 828/968/504
f 364/970/505 828/1508/504 830/971/506
f 367/973/508 831/1509/511 832/974/509
f 369/976/510 833/1510/511 831/977/511
f 368/975/509 832/974/509 829/978/505
f 366/972/507 830/1511/506 827/980/512
f 370/981/503 834/1512/514 835/982/514
f 371/983/514 835/1513/514 836/984/515
f 373/986/517 837/1514/679 838/987/518
f 375/989/520 839/1515/516 840/990/516
f 376/991/516 840/990/516 841/992/521
f 841/994/521 837/1516/679 373/995/517
f 379/996/523 843/1517/519 842/997/516
f 378/998/524 842/1518/516 844/999/516
f 380/1001/525 844/1519/516 839/1002/516
f 374/1003/519 838/1520/518 834/1004/514
f 372/1005/516 836/1521/515 833/1006/511
f 382/1008/526 846/1522/519 845/1009/527
f 381/1011/528 845/1523/527 847/1012/519
f 385/1014/530 849/1524/527 848/1015/527
f 384/1017/531 848/1525/527 850/1018/519
f 388/1020/533 852/1526/547 851/1021/516
f 387/1023/534 851/1527/516 849/1024/527
f 386/1026/532 850/1528/519 846/1027/519
f 383/1013/529 847/1012/519 843/1028/519
f 390/1030/535 854/1529/516 853/1031/527
f 391/1033/537 855/1530/509 854/1034/516
f 393/1035/524 857/1531/516 856/1036/538
f 394/1038/514 858/1532/516 857/1039/516
f 855/1043/509 391/1041/537 392/1041/539
f 392/1041/539 856/1533/538 859/1042/540
f 396/1044/541 861/1534/518 860/1045/518
f 397/1047/543 862/1535/518 861/1048/518
f 399/1049/544 864/1056/518 863/1050/518
f 325/1052/432 789/1536/432 865/1053/546
f 400/1055/519 865/1537/546 864/1056/518
f 398/1058/545 863/1538/518 862/1059/518
f 395/1061/542 860/1539/518 858/1062/516
f 389/1064/536 853/1031/527 852/1065/547
f 401/1067/548 402/1073/552 866/1068/549
f 403/1070/551 401/1540/548 867/1071/550
f 402/1073/552 404/1541/561 869/1074/553
f 405/1076/554 406/1542/559 870/1077/555
f 407/1079/557 405/1543/554 871/1080/556
f 406/1082/559 408/1087/562 873/1083/560
f 404/1084/561 407/1544/557 872/1085/558
f 408/1087/562 409/1093/567 874/1088/563
f 410/1090/564 411/1545/567 875/1091/565
f 409/1093/567 410/1090/564 876/1092/566
f 412/1095/568 413/1546/571 877/1096/569
f 413/1098/571 414/1547/576 879/1099/572
s 0
f 416/1104/574 415/1102/574 880/1105/574
f 415/1107/680 417/1548/680 883/1108/680
s 1
f 414/1110/576 416/1549/576 882/1111/576
f 411/1113/567 412/1550/568 878/1097/570
s 0
f 799/1115/681 335/1491/681 403/1116/681
f 883/1118/512 417/1548/512 362/966/512
s 1
f 823/957/497 884/1551/578 418/1120/578
f 825/1121/499 360/1504/678 354/1122/486
f 821/951/492 356/1501/492 352/942/484
f 815/1124/483 351/1552/483 345/925/471
f 811/1125/476 347/1498/677 338/907/459
f 805/917/465 341/1494/676 329/884/444
f 419/1128/579 885/1553/591 886/1129/580
f 420/1131/581 886/1554/580 887/1132/582
f 422/1134/584 888/1143/589 889/1135/585
f 890/1137/582 424/1555/682 423/1136/586
s 0
f 425/1139/587 424/1556/587 890/1140/587
s 1
f 426/1142/588 892/1557/585 888/1143/589
f 427/1144/590 893/1558/590 892/1145/585
f 421/1146/583 887/1559/582 893/1147/590
f 418/1149/578 884/1560/578 885/1150/591
f 428/1152/592 429/1561/593 895/1153/593
f 429/1155/593 425/1562/683 891/1156/593
f 896/1158/595 897/1161/598 430/1159/596
f 897/1161/598 898/1563/599 432/1162/599
f 898/1163/599 899/1564/592 433/1164/592
f 900/1165/600 901/1565/601 435/1166/601
f 902/1168/603 900/1566/600 434/1167/602
f 903/1170/593 902/1567/603 436/1171/604
f 899/1173/592 903/1568/593 437/1174/593
f 894/1176/594 896/1569/595 431/1177/597
f 438/1179/605 439/1570/608 904/1180/606
f 439/1182/608 440/1571/610 906/1183/609
f 440/1185/610 441/1572/614 907/1186/611
f 442/1188/612 435/1573/601 901/1189/601
f 441/1191/614 442/1574/612 908/1192/613
f 443/1194/615 444/1575/625 909/1195/616
f 445/1197/618 446/1576/624 911/1198/619
f 447/1200/621 448/1577/626 914/1201/622
f 446/1203/624 447/1578/621 913/1204/623
f 444/1206/625 445/1579/618 912/1207/620
f 448/1209/626 449/1245/649 915/1210/627
f 450/1211/628 451/1580/631 916/1212/629
f 451/1214/631 452/1225/640 918/1215/632
f 453/1216/633 454/1219/636 919/1217/634
f 454/1219/636 455/1581/638 921/1220/637
f 455/1222/638 456/1582/648 922/1223/639
f 452/1225/640 453/1583/633 920/1226/635
f 457/1228/641 458/1584/643 924/1229/642
f 458/1231/643 459/1234/645 925/1232/644
f 459/1234/645 460/1241/646 926/1235/646
f 923/1237/643 927/1585/647 461/1238/647
f 917/1240/630 926/1586/646 460/1241/646
f 910/1242/617 922/1587/639 456/1243/648
f 905/1244/607 915/1588/627 449/1245/649
s 0
f 462/1247/650 461/1589/650 927/1248/650
f 928/1250/650 659/1590/650 197/1251/650
f 118/1591/652 119/1592/652 117/1593/652
f 117/1593/684 116/1594/684 122/1595/684
f 122/1595/685 121/1596/685 120/1597/685
f 120/1597/686 124/1598/686 123/1599/686
f 127/1600/685 126/1601/685 125/1602/685
f 120/1597/687 123/1599/687 127/1600/687
f 118/1591/688 117/1593/688 122/1595/688
f 122/1595/685 120/1597/685 127/1600/685
f 127/1600/685 125/1602/685 131/1603/685
f 131/1603/685 130/1604/685 129/1605/685
f 128/1606/689 136/1607/689 137/1608/689
f 131/1603/685 129/1605/685 128/1606/685
f 122/1595/685 127/1600/685 131/1603/685
f 19/1609/690 118/1591/690 122/1595/690
f 16/1610/685 18/1611/685 19/1609/685
f 20/1612/691 17/1613/691 16/1610/691
f 15/1614/692 21/1615/692 20/1612/692
f 13/1616/691 14/1617/691 15/1614/691
f 22/1618/693 12/1619/693 13/1616/693
f 106/1620/685 103/1621/685 104/1622/685
f 104/1622/685 22/1618/685 13/1616/685
f 13/1616/694 15/1614/694 20/1612/694
f 16/1610/685 19/1609/685 122/1595/685
f 13/1616/695 20/1612/695 16/1610/695
f 106/1620/685 104/1622/685 13/1616/685
f 115/1623/696 105/1624/696 106/1620/696
f 110/1625/697 107/1626/697 108/1627/697
f 108/1627/685 115/1623/685 106/1620/685
f 106/1620/685 13/1616/685 16/1610/685
f 16/1610/685 122/1595/685 131/1603/685
f 128/1606/698 137/1608/698 135/1628/698
f 16/1610/651 131/1603/651 128/1606/651
f 108/1627/685 106/1620/685 16/1610/685
f 109/1629/699 110/1625/699 108/1627/699
f 111/1630/700 114/1631/700 109/1629/700
f 113/1632/685 112/1633/685 111/1630/685
f 72/1634/701 102/1635/701 113/1632/701
f 74/1636/702 71/1637/702 72/1634/702
f 77/1638/703 78/1639/703 73/1640/703
f 73/1640/704 74/1636/704 72/1634/704
f 72/1634/685 113/1632/685 111/1630/685
f 111/1630/705 109/1629/705 108/1627/705
f 108/1627/698 16/1610/698 128/1606/698
f 128/1606/651 135/1628/651 134/1641/651
f 134/1641/685 133/1642/685 132/1643/685
f 132/1643/706 143/1644/706 141/1645/706
f 141/1645/685 142/1646/685 140/1647/685
f 140/1647/707 139/1648/707 138/1649/707
f 138/1649/708 148/1650/708 146/1651/708
f 146/1651/709 147/1652/709 145/1653/709
f 144/1654/685 149/1655/685 150/1656/685
f 146/1651/685 145/1653/685 144/1654/685
f 141/1645/685 140/1647/685 138/1649/685
f 138/1649/685 146/1651/685 144/1654/685
f 144/1654/685 150/1656/685 151/1657/685
f 152/1658/685 153/1659/685 155/1660/685
f 144/1654/685 151/1657/685 152/1658/685
f 132/1643/685 141/1645/685 138/1649/685
f 138/1649/685 144/1654/685 152/1658/685
f 152/1658/685 155/1660/685 154/1661/685
f 154/1661/685 156/1662/685 157/1663/685
f 157/1663/685 163/1664/685 162/1665/685
f 162/1665/685 160/1666/685 161/1667/685
f 161/1667/685 158/1668/685 159/1669/685
f 159/1669/685 167/1670/685 166/1671/685
f 166/1671/710 168/1672/710 164/1673/710
f 164/1673/685 165/1674/685 169/1675/685
f 169/1675/711 170/1676/711 171/1677/711
f 171/1677/685 172/1678/685 173/1679/685
f 173/1679/685 179/1680/685 178/1681/685
f 178/1681/712 175/1682/712 174/1683/712
f 176/1684/685 177/1685/685 221/1686/685
f 173/1679/685 178/1681/685 174/1683/685
f 174/1683/685 176/1684/685 221/1686/685
f 224/1687/685 223/1688/685 222/1689/685
f 174/1683/713 221/1686/713 224/1687/713
f 171/1677/685 173/1679/685 174/1683/685
f 164/1673/685 169/1675/685 171/1677/685
f 161/1667/685 159/1669/685 166/1671/685
f 166/1671/706 164/1673/706 171/1677/706
f 171/1677/706 174/1683/706 224/1687/706
f 224/1687/714 222/1689/714 225/1690/714
f 225/1690/715 226/1691/715 229/1692/715
f 229/1692/685 228/1693/685 227/1694/685
f 233/1695/685 234/1696/685 230/1697/685
f 229/1692/698 227/1694/698 233/1695/698
f 224/1687/716 225/1690/716 229/1692/716
f 166/1671/685 171/1677/685 224/1687/685
f 162/1665/685 161/1667/685 166/1671/685
f 154/1661/685 157/1663/685 162/1665/685
f 138/1649/685 152/1658/685 154/1661/685
f 128/1606/717 134/1641/717 132/1643/717
f 132/1643/685 138/1649/685 154/1661/685
f 154/1661/685 162/1665/685 166/1671/685
f 166/1671/698 224/1687/698 229/1692/698
f 233/1695/718 230/1697/718 231/1698/718
f 166/1671/685 229/1692/685 233/1695/685
f 132/1643/685 154/1661/685 166/1671/685
f 108/1627/685 128/1606/685 132/1643/685
f 73/1640/685 72/1634/685 111/1630/685
f 111/1630/685 108/1627/685 132/1643/685
f 132/1643/685 166/1671/685 233/1695/685
f 233/1695/719 231/1698/719 232/1699/719
f 232/1699/685 239/1700/685 238/1701/685
f 238/1701/720 235/1702/720 236/1703/720
f 236/1703/694 237/1704/694 240/1705/694
f 245/1706/685 244/1707/685 243/1708/685
f 236/1703/721 240/1705/721 245/1706/721
f 233/1695/722 232/1699/722 238/1701/722
f 238/1701/685 236/1703/685 245/1706/685
f 243/1708/723 246/1709/723 241/1710/723
f 238/1701/685 245/1706/685 243/1708/685
f 132/1643/685 233/1695/685 238/1701/685
f 73/1640/685 111/1630/685 132/1643/685
f 76/1711/724 77/1638/724 73/1640/724
f 80/1712/688 81/1713/688 75/1714/688
f 75/1714/725 76/1711/725 73/1640/725
f 73/1640/685 132/1643/685 238/1701/685
f 243/1708/689 241/1710/689 242/1715/689
f 73/1640/685 238/1701/685 243/1708/685
f 80/1712/685 75/1714/685 73/1640/685
f 85/1716/685 79/1717/685 80/1712/685
f 83/1718/685 84/1719/685 85/1716/685
f 88/1720/688 82/1721/688 83/1718/688
f 88/1720/685 83/1718/685 85/1716/685
f 85/1716/685 80/1712/685 73/1640/685
f 73/1640/685 243/1708/685 242/1715/685
f 242/1715/685 252/1722/685 251/1723/685
f 251/1723/726 250/1724/726 247/1725/726
f 247/1725/727 248/1726/727 249/1727/727
f 257/1728/182 255/1729/182 254/1730/182
f 247/1725/728 249/1727/728 257/1728/728
f 242/1715/685 251/1723/685 247/1725/685
f 85/1716/685 73/1640/685 242/1715/685
f 88/1720/651 85/1716/651 242/1715/651
f 242/1715/729 247/1725/729 257/1728/729
f 257/1728/685 254/1730/685 253/1731/685
f 253/1731/685 256/1732/685 258/1733/685
f 266/1734/730 265/1735/730 264/1736/730
f 253/1731/713 258/1733/713 266/1734/713
f 242/1715/685 257/1728/685 253/1731/685
f 87/1737/731 88/1720/731 242/1715/731
f 86/1738/685 87/1737/685 242/1715/685
f 242/1715/685 253/1731/685 266/1734/685
f 266/1734/685 264/1736/685 263/1739/685
f 263/1739/685 267/1740/685 261/1741/685
f 262/1742/732 268/1743/732 259/1744/732
f 263/1739/733 261/1741/733 262/1742/733
f 242/1715/685 266/1734/685 263/1739/685
f 90/1745/685 86/1738/685 242/1715/685
f 93/1746/685 89/1747/685 90/1745/685
f 92/1748/734 93/1746/734 90/1745/734
f 90/1745/685 242/1715/685 263/1739/685
f 263/1739/685 262/1742/685 259/1744/685
f 259/1744/182 260/1749/182 282/1750/182
f 282/1750/685 281/1751/685 280/1752/685
f 280/1752/685 278/1753/685 279/1754/685
f 279/1754/650 283/1755/650 276/1756/650
f 277/1757/724 284/1758/724 272/1759/724
f 279/1754/685 276/1756/685 277/1757/685
f 259/1744/685 282/1750/685 280/1752/685
f 280/1752/735 279/1754/735 277/1757/735
f 277/1757/686 272/1759/686 273/1760/686
f 273/1760/685 274/1761/685 271/1762/685
f 271/1762/720 269/1763/720 270/1764/720
f 275/1764/685 323/1765/685 324/1766/685
f 271/1762/736 270/1764/736 275/1764/736
f 277/1757/730 273/1760/730 271/1762/730
f 263/1739/685 259/1744/685 280/1752/685
f 280/1752/685 277/1757/685 271/1762/685
f 271/1762/737 275/1764/737 324/1766/737
f 322/1767/724 320/1768/724 321/1769/724
f 271/1762/685 324/1766/685 322/1767/685
f 90/1745/685 263/1739/685 280/1752/685
f 280/1752/738 271/1762/738 322/1767/738
f 321/1769/685 317/1770/685 318/1771/685
f 280/1752/739 322/1767/739 321/1769/739
f 92/1748/685 90/1745/685 280/1752/685
f 95/1772/740 96/1773/740 91/1774/740
f 91/1774/741 92/1748/741 280/1752/741
f 280/1752/742 321/1769/742 318/1771/742
f 318/1771/688 319/1775/688 316/1776/688
f 315/1777/182 314/1778/182 313/1779/182
f 318/1771/743 316/1776/743 315/1777/743
f 91/1774/685 280/1752/685 318/1771/685
f 94/1780/685 95/1772/685 91/1774/685
f 97/1781/744 98/1782/744 94/1780/744
f 100/1783/685 101/1784/685 99/1785/685
f 99/1785/685 97/1781/685 94/1780/685
f 94/1780/717 91/1774/717 318/1771/717
f 318/1771/724 315/1777/724 313/1779/724
f 313/1779/685 312/1786/685 311/1787/685
f 310/1787/745 309/1788/745 308/1789/745
f 313/1779/746 311/1787/746 310/1787/746
f 94/1780/685 318/1771/685 313/1779/685
f 99/1785/685 94/1780/685 313/1779/685
f 313/1779/685 310/1787/685 308/1789/685
f 306/1790/747 307/1791/747 305/1792/747
f 313/1779/748 308/1789/748 306/1790/748
f 100/1783/749 99/1785/749 313/1779/749
f 69/1793/685 70/1794/685 100/1783/685
f 35/1795/685 68/1796/685 69/1793/685
f 37/1797/685 36/1798/685 35/1795/685
f 38/1799/688 40/1800/688 37/1797/688
f 39/1801/685 38/1799/685 37/1797/685
f 37/1797/685 35/1795/685 69/1793/685
f 69/1793/685 100/1783/685 313/1779/685
f 313/1779/750 306/1790/750 305/1792/750
f 305/1792/685 303/1802/685 304/1803/685
f 302/1804/685 300/1805/685 301/1806/685
f 313/1779/751 305/1792/751 304/1803/751
f 304/1803/650 302/1804/650 301/1806/650
f 301/1806/752 298/1807/752 299/1808/752
f 299/1808/753 295/1809/753 296/1810/753
f 297/1811/754 292/1812/754 293/1812/754
f 301/1806/685 299/1808/685 296/1810/685
f 296/1810/755 297/1811/755 293/1812/755
f 296/1810/182 293/1812/182 294/1813/182
f 304/1803/685 301/1806/685 296/1810/685
f 69/1793/685 313/1779/685 304/1803/685
f 39/1801/685 37/1797/685 69/1793/685
f 43/1814/685 42/1815/685 41/1816/685
f 41/1816/685 39/1801/685 69/1793/685
f 69/1793/651 304/1803/651 296/1810/651
f 69/1793/698 296/1810/698 294/1813/698
f 43/1814/685 41/1816/685 69/1793/685
f 44/1817/685 43/1814/685 69/1793/685
f 69/1793/698 294/1813/698 289/1818/698
f 289/1818/685 290/1819/685 291/1820/685
f 291/1820/747 287/1821/747 288/1822/747
f 291/1820/740 288/1822/740 285/1823/740
f 69/1793/722 289/1818/722 291/1820/722
f 45/1824/685 44/1817/685 69/1793/685
f 47/1825/756 46/1826/756 45/1824/756
f 48/1827/685 47/1825/685 45/1824/685
f 45/1824/685 69/1793/685 291/1820/685
f 45/1824/651 291/1820/651 285/1823/651
f 48/1827/685 45/1824/685 285/1823/685
f 286/1828/685 325/1829/685 400/1830/685
f 48/1827/685 285/1823/685 286/1828/685
f 49/1831/757 48/1827/757 286/1828/757
f 286/1828/685 400/1830/685 399/1832/685
f 399/1832/758 398/1833/758 397/1834/758
f 396/1835/740 395/1836/740 394/1837/740
f 399/1832/182 397/1834/182 396/1835/182
f 49/1831/685 286/1828/685 399/1832/685
f 52/1838/685 51/1839/685 50/1840/685
f 50/1840/685 49/1831/685 399/1832/685
f 399/1832/720 396/1835/720 394/1837/720
f 399/1832/759 394/1837/759 393/1841/759
f 52/1838/731 50/1840/731 399/1832/731
f 54/1842/685 53/1843/685 52/1838/685
f 56/1844/760 55/1845/760 54/1842/760
f 58/1846/761 57/1847/761 56/1844/761
f 60/1848/740 59/1849/740 58/1846/740
f 62/1850/685 61/1851/685 60/1848/685
f 64/1852/762 63/1853/762 62/1850/762
f 67/1854/685 66/1855/685 65/1856/685
f 65/1856/685 64/1852/685 62/1850/685
f 62/1850/685 60/1848/685 58/1846/685
f 58/1846/763 56/1844/763 54/1842/763
f 54/1842/722 52/1838/722 399/1832/722
f 54/1842/698 399/1832/698 393/1841/698
f 62/1850/764 58/1846/764 54/1842/764
f 67/1854/685 65/1856/685 62/1850/685
f 23/1857/728 25/1858/728 67/1854/728
f 26/1859/765 24/1860/765 23/1857/765
f 29/1861/766 28/1862/766 27/1863/766
f 27/1863/685 26/1859/685 23/1857/685
f 23/1857/698 67/1854/698 62/1850/698
f 62/1850/685 54/1842/685 393/1841/685
f 392/1864/685 391/1864/685 390/1865/685
f 62/1850/731 393/1841/731 392/1864/731
f 29/1861/685 27/1863/685 23/1857/685
f 23/1857/685 62/1850/685 392/1864/685
f 392/1864/767 390/1865/767 389/1866/767
f 389/1866/652 388/1867/652 387/1868/652
f 387/1868/768 385/1869/768 384/1870/768
f 384/1870/685 386/1871/685 382/1872/685
f 381/1873/769 383/1874/769 379/1875/769
f 384/1870/770 382/1872/770 381/1873/770
f 389/1866/685 387/1868/685 384/1870/685
f 23/1857/717 392/1864/717 389/1866/717
f 30/1876/737 29/1861/737 23/1857/737
f 32/1877/685 31/1878/685 30/1876/685
f 34/1879/685 33/1880/685 32/1877/685
f 8/1881/771 9/1882/771 34/1879/771
f 11/1883/772 10/1884/772 8/1881/772
f 6/1885/685 7/1886/685 11/1883/685
f 4/1887/773 5/1888/773 6/1885/773
f 3/1889/685 2/1890/685 1/1891/685
f 1/1891/774 4/1887/774 6/1885/774
f 6/1885/685 11/1883/685 8/1881/685
f 8/1881/727 34/1879/727 32/1877/727
f 32/1877/775 30/1876/775 23/1857/775
f 23/1857/722 389/1866/722 384/1870/722
f 381/1873/740 379/1875/740 378/1892/740
f 23/1857/685 384/1870/685 381/1873/685
f 8/1881/722 32/1877/722 23/1857/722
f 1/1891/685 6/1885/685 8/1881/685
f 187/1893/776 3/1889/776 1/1891/776
f 189/1894/777 188/1895/777 187/1893/777
f 184/1896/685 185/1897/685 186/1898/685
f 186/1898/685 189/1894/685 187/1893/685
f 187/1893/685 1/1891/685 8/1881/685
f 8/1881/685 23/1857/685 381/1873/685
f 381/1873/724 378/1892/724 380/1899/724
f 380/1899/182 375/1900/182 376/1901/182
f 377/1902/685 373/1902/685 374/1903/685
f 380/1899/685 376/1901/685 377/1902/685
f 8/1881/685 381/1873/685 380/1899/685
f 186/1898/685 187/1893/685 8/1881/685
f 183/1904/685 184/1896/685 186/1898/685
f 181/1905/685 182/1906/685 183/1904/685
f 190/1907/778 180/1908/778 181/1905/778
f 219/1909/685 220/1910/685 190/1907/685
f 218/1911/685 216/1912/685 217/1913/685
f 217/1913/779 219/1909/779 190/1907/779
f 190/1907/685 181/1905/685 183/1904/685
f 183/1904/685 186/1898/685 8/1881/685
f 8/1881/651 380/1899/651 377/1902/651
f 377/1902/769 374/1903/769 370/1914/769
f 370/1914/685 371/1915/685 372/1916/685
f 369/1917/182 367/1918/182 368/1919/182
f 372/1916/685 369/1917/685 368/1919/685
f 368/1919/685 365/1920/685 364/1921/685
f 364/1921/780 366/1922/780 363/1923/780
f 363/1923/685 362/1924/685 417/1925/685
f 417/1925/685 415/1926/685 416/1927/685
f 416/1927/685 414/1928/685 413/1929/685
f 413/1929/685 412/1930/685 411/1931/685
f 410/1932/751 409/1933/751 408/1934/751
f 413/1929/701 411/1931/701 410/1932/701
f 417/1925/685 416/1927/685 413/1929/685
f 364/1921/685 363/1923/685 417/1925/685
f 372/1916/752 368/1919/752 364/1921/752
f 8/1881/685 377/1902/685 370/1914/685
f 370/1914/685 372/1916/685 364/1921/685
f 364/1921/685 417/1925/685 413/1929/685
f 413/1929/781 410/1932/781 408/1934/781
f 408/1934/762 406/1935/762 405/1936/762
f 405/1936/752 407/1937/752 404/1938/752
f 404/1938/782 402/1939/782 401/1940/782
f 401/1940/783 403/1941/783 335/1942/783
f 335/1942/182 334/1943/182 333/1944/182
f 333/1944/747 332/1945/747 331/1946/747
f 331/1946/685 330/1947/685 328/1948/685
f 331/1946/726 328/1948/726 327/1949/726
f 335/1942/685 333/1944/685 331/1946/685
f 405/1936/773 404/1938/773 401/1940/773
f 401/1940/784 335/1942/784 331/1946/784
f 331/1946/785 327/1949/785 326/1950/785
f 326/1950/786 329/1951/786 341/1952/786
f 341/1952/685 340/1953/685 339/1954/685
f 339/1954/787 337/1955/787 336/1956/787
f 336/1956/749 338/1957/749 347/1958/749
f 347/1958/685 346/1959/685 344/1960/685
f 344/1960/685 343/1961/685 342/1962/685
f 342/1962/722 345/1963/722 351/1964/722
f 351/1964/788 350/1965/788 349/1966/788
f 348/1967/707 352/1968/707 356/1969/707
f 351/1964/789 349/1966/789 348/1967/789
f 347/1958/685 344/1960/685 342/1962/685
f 342/1962/651 351/1964/651 348/1967/651
f 348/1967/698 356/1969/698 357/1970/698
f 348/1967/706 357/1970/706 355/1971/706
f 347/1958/685 342/1962/685 348/1967/685
f 341/1952/721 339/1954/721 336/1956/721
f 336/1956/685 347/1958/685 348/1967/685
f 348/1967/790 355/1971/790 353/1972/790
f 353/1972/698 354/1973/698 360/1974/698
f 360/1974/695 361/1975/695 359/1976/695
f 358/1977/685 418/1978/685 419/1979/685
f 360/1974/713 359/1976/713 358/1977/713
f 348/1967/685 353/1972/685 360/1974/685
f 341/1952/685 336/1956/685 348/1967/685
f 401/1940/685 331/1946/685 326/1950/685
f 326/1950/685 341/1952/685 348/1967/685
f 348/1967/685 360/1974/685 358/1977/685
f 358/1977/651 419/1979/651 420/1980/651
f 420/1980/685 421/1981/685 427/1982/685
f 427/1982/791 426/1983/791 422/1984/791
f 423/1985/685 424/1986/685 425/1987/685
f 427/1982/693 422/1984/693 423/1985/693
f 358/1977/698 420/1980/698 427/1982/698
f 326/1950/685 348/1967/685 358/1977/685
f 408/1934/685 405/1936/685 401/1940/685
f 401/1940/685 326/1950/685 358/1977/685
f 358/1977/685 427/1982/685 423/1985/685
f 423/1985/685 425/1987/685 429/1988/685
f 428/1989/685 431/1990/685 430/1991/685
f 423/1985/775 429/1988/775 428/1989/775
f 401/1940/685 358/1977/685 423/1985/685
f 413/1929/792 408/1934/792 401/1940/792
f 370/1914/793 364/1921/793 413/1929/793
f 183/1904/685 8/1881/685 370/1914/685
f 217/1913/685 190/1907/685 183/1904/685
f 214/1992/685 218/1911/685 217/1913/685
f 209/1993/794 210/1994/794 214/1992/794
f 212/1995/727 211/1996/727 213/1997/727
f 213/1997/685 209/1993/685 214/1992/685
f 214/1992/685 217/1913/685 183/1904/685
f 183/1904/685 370/1914/685 413/1929/685
f 413/1929/685 401/1940/685 423/1985/685
f 423/1985/795 428/1989/795 430/1991/795
f 430/1991/796 432/1998/796 433/1999/796
f 433/1999/797 437/2000/797 436/2001/797
f 436/2001/787 434/2002/787 435/2003/787
f 435/2003/723 442/2004/723 441/2005/723
f 441/2005/798 440/2006/798 439/2007/798
f 438/2008/722 449/2009/722 448/2010/722
f 441/2005/775 439/2007/775 438/2008/775
f 436/2001/698 435/2003/698 441/2005/698
f 430/1991/710 433/1999/710 436/2001/710
f 413/1929/685 423/1985/685 430/1991/685
f 214/1992/685 183/1904/685 413/1929/685
f 215/2011/685 212/1995/685 213/1997/685
f 213/1997/685 214/1992/685 413/1929/685
f 413/1929/685 430/1991/685 436/2001/685
f 436/2001/685 441/2005/685 438/2008/685
f 438/2008/799 448/2010/799 447/2012/799
f 447/2012/685 446/2013/685 445/2014/685
f 447/2012/685 445/2014/685 444/2015/685
f 436/2001/685 438/2008/685 447/2012/685
f 213/1997/685 413/1929/685 436/2001/685
f 205/2016/685 215/2011/685 213/1997/685
f 202/2017/800 203/2018/800 205/2016/800
f 207/2019/801 208/2020/801 204/2017/801
f 204/2017/685 202/2017/685 205/2016/685
f 205/2016/685 213/1997/685 436/2001/685
f 436/2001/685 447/2012/685 444/2015/685
f 443/2021/742 456/2022/742 455/2023/742
f 436/2001/802 444/2015/802 443/2021/802
f 204/2017/651 205/2016/651 436/2001/651
f 194/2024/685 206/2025/685 207/2019/685
f 207/2019/651 204/2017/651 436/2001/651
f 436/2001/685 443/2021/685 455/2023/685
f 455/2023/685 454/2026/685 453/2027/685
f 452/2028/685 451/2029/685 450/1253/685
f 455/2023/788 453/2027/788 452/2028/788
f 207/2019/685 436/2001/685 455/2023/685
f 193/1255/685 194/2024/685 207/2019/685
f 191/2030/685 192/2031/685 193/1255/685
f 200/2032/685 201/2033/685 191/2030/685
f 196/2034/803 199/2035/803 200/2032/803
f 198/1254/804 195/2036/804 196/2034/804
f 462/2037/685 197/2038/685 198/1254/685
f 457/2039/685 461/2040/685 462/2037/685
f 459/2041/805 458/2042/805 457/2039/805
f 450/1253/778 460/2043/778 459/2041/778
f 455/2023/784 452/2028/784 450/1253/784
f 193/1255/685 207/2019/685 455/2023/685
f 200/2032/685 191/2030/685 193/1255/685
f 198/1254/685 196/2034/685 200/2032/685
f 457/2039/685 462/2037/685 198/1254/685
f 450/1253/685 459/2041/685 457/2039/685
f 193/1255/685 455/2023/685 450/1253/685
f 198/1254/685 200/2032/685 193/1255/685
f 450/1253/685 457/2039/685 198/1254/685
f 757/2044/652 756/2045/652 755/2046/652
f 755/2046/652 761/2047/652 759/2048/652
f 759/2048/806 760/2049/806 762/2050/806
f 763/2051/685 764/2052/685 765/2053/685
f 759/2048/770 762/2050/770 763/2051/770
f 758/2054/807 757/2044/807 755/2046/807
f 752/2055/685 753/2056/685 758/2054/685
f 750/2057/652 751/2058/652 754/2059/652
f 748/2060/652 749/2061/652 750/2057/652
f 865/2062/652 789/2063/652 748/2060/652
f 863/2064/652 864/2065/652 865/2062/652
f 861/2066/770 862/2067/770 863/2064/770
f 857/2068/808 858/2069/808 860/2070/808
f 855/2071/809 859/2072/809 856/2072/809
f 853/2073/652 854/2074/652 855/2071/652
f 851/2075/810 852/2076/810 853/2073/810
f 850/2077/811 848/2078/811 849/2079/811
f 849/2079/652 851/2075/652 853/2073/652
f 853/2073/812 855/2071/812 856/2072/812
f 846/2080/813 850/2077/813 849/2079/813
f 843/2081/652 847/2082/652 845/2083/652
f 845/2083/652 846/2080/652 849/2079/652
f 844/2084/814 842/2085/814 843/2081/814
f 840/2086/650 839/2087/650 844/2084/650
f 838/2088/815 837/2089/815 841/2090/815
f 841/2090/816 840/2086/816 844/2084/816
f 844/2084/652 843/2081/652 845/2083/652
f 844/2084/816 845/2083/816 849/2079/816
f 838/2088/652 841/2090/652 844/2084/652
f 836/2091/652 835/2092/652 834/2093/652
f 834/2093/817 838/2088/817 844/2084/817
f 834/2093/652 844/2084/652 849/2079/652
f 833/2094/810 836/2091/810 834/2093/810
f 832/2095/818 831/2096/818 833/2094/818
f 830/2097/819 828/2098/819 829/2099/819
f 829/2099/652 832/2095/652 833/2094/652
f 833/2094/652 834/2093/652 849/2079/652
f 833/2094/820 849/2079/820 853/2073/820
f 830/2097/652 829/2099/652 833/2094/652
f 826/2100/821 827/2101/821 830/2097/821
f 881/2102/652 883/2103/652 826/2100/652
f 879/2104/822 882/2105/822 880/2106/822
f 880/2106/685 881/2102/685 826/2100/685
f 826/2100/652 830/2097/652 833/2094/652
f 833/2094/823 853/2073/823 856/2072/823
f 833/2094/824 856/2072/824 857/2068/824
f 880/2106/652 826/2100/652 833/2094/652
f 877/2107/652 879/2104/652 880/2106/652
f 875/2108/825 878/2109/825 877/2107/825
f 873/2110/826 874/2111/826 876/2112/826
f 876/2112/652 875/2108/652 877/2107/652
f 877/2107/652 880/2106/652 833/2094/652
f 833/2094/827 857/2068/827 860/2070/827
f 833/2094/767 860/2070/767 861/2066/767
f 876/2112/828 877/2107/828 833/2094/828
f 870/2113/652 873/2110/652 876/2112/652
f 869/2114/829 872/2115/829 871/2116/829
f 871/2116/830 870/2113/830 876/2112/830
f 876/2112/652 833/2094/652 861/2066/652
f 863/2064/652 865/2062/652 748/2060/652
f 876/2112/828 861/2066/828 863/2064/828
f 869/2114/652 871/2116/652 876/2112/652
f 867/2117/831 866/2118/831 869/2114/831
f 799/2119/652 868/2120/652 867/2117/652
f 796/2121/832 798/2122/832 799/2119/832
f 794/2123/833 795/2124/833 797/2125/833
f 797/2125/652 796/2121/652 799/2119/652
f 867/2117/652 869/2114/652 876/2112/652
f 797/2125/652 799/2119/652 867/2117/652
f 792/2126/652 794/2123/652 797/2125/652
f 790/2127/652 792/2126/652 797/2125/652
f 867/2117/652 876/2112/652 863/2064/652
f 790/2127/652 797/2125/652 867/2117/652
f 805/2128/652 793/2129/652 791/2130/652
f 791/2130/652 790/2127/652 867/2117/652
f 867/2117/652 863/2064/652 748/2060/652
f 867/2117/652 748/2060/652 750/2057/652
f 805/2128/834 791/2130/834 867/2117/834
f 804/2131/652 803/2132/652 805/2128/652
f 801/2133/652 800/2134/652 804/2131/652
f 811/2135/652 802/2136/652 801/2133/652
f 808/2137/652 810/2138/652 811/2135/652
f 807/2139/835 806/2140/835 808/2137/835
f 815/2141/835 809/2142/835 807/2139/835
f 812/2143/652 814/2144/652 815/2141/652
f 821/2145/836 816/2146/836 813/2147/836
f 813/2147/652 812/2143/652 815/2141/652
f 807/2139/837 808/2137/837 811/2135/837
f 813/2147/838 815/2141/838 807/2139/838
f 820/2148/839 821/2145/839 813/2147/839
f 817/2149/652 819/2150/652 820/2148/652
f 825/2151/652 818/2152/652 817/2149/652
f 822/2153/652 824/2154/652 825/2151/652
f 885/2155/652 884/2156/652 823/2157/652
f 823/2157/840 822/2153/840 825/2151/840
f 825/2151/652 817/2149/652 820/2148/652
f 820/2148/841 813/2147/841 807/2139/841
f 807/2139/841 811/2135/841 801/2133/841
f 801/2133/652 804/2131/652 805/2128/652
f 805/2128/652 867/2117/652 750/2057/652
f 805/2128/652 750/2057/652 754/2059/652
f 807/2139/838 801/2133/838 805/2128/838
f 825/2151/652 820/2148/652 807/2139/652
f 885/2155/652 823/2157/652 825/2151/652
f 887/2158/808 886/2159/808 885/2155/808
f 892/2160/652 893/2161/652 887/2158/652
f 889/2162/842 888/2163/842 892/2160/842
f 891/2164/843 890/2165/843 889/2162/843
f 895/2166/652 891/2164/652 889/2162/652
f 889/2162/844 892/2160/844 887/2158/844
f 887/2158/845 885/2155/845 825/2151/845
f 825/2151/652 807/2139/652 805/2128/652
f 805/2128/652 754/2059/652 752/2055/652
f 805/2128/652 752/2055/652 758/2054/652
f 887/2158/652 825/2151/652 805/2128/652
f 895/2166/846 889/2162/846 887/2158/846
f 897/2167/652 896/2168/652 894/2169/652
f 894/2169/652 895/2166/652 887/2158/652
f 887/2158/652 805/2128/652 758/2054/652
f 887/2158/652 758/2054/652 755/2046/652
f 897/2167/652 894/2169/652 887/2158/652
f 899/2170/767 898/2171/767 897/2167/767
f 902/2172/847 903/2173/847 899/2170/847
f 901/2174/848 900/2175/848 902/2172/848
f 907/2176/849 908/2177/849 901/2174/849
f 904/2178/850 906/2179/850 907/2176/850
f 914/2180/652 915/2181/652 905/2182/652
f 905/2182/851 904/2178/851 907/2176/851
f 907/2176/852 901/2174/852 902/2172/852
f 902/2172/652 899/2170/652 897/2167/652
f 897/2167/652 887/2158/652 755/2046/652
f 897/2167/652 755/2046/652 759/2048/652
f 907/2176/853 902/2172/853 897/2167/853
f 913/2183/854 914/2180/854 905/2182/854
f 905/2182/855 907/2176/855 897/2167/855
f 897/2167/652 759/2048/652 763/2051/652
f 763/2051/856 765/2053/856 766/2184/856
f 767/2185/816 768/2186/816 769/2187/816
f 763/2051/821 766/2184/821 767/2185/821
f 905/2182/652 897/2167/652 763/2051/652
f 911/2188/834 913/2183/834 905/2182/834
f 909/2189/652 912/2190/652 911/2188/652
f 921/2191/652 922/2192/652 910/2193/652
f 910/2193/652 909/2189/652 911/2188/652
f 911/2188/652 905/2182/652 763/2051/652
f 911/2188/652 763/2051/652 767/2185/652
f 919/2194/652 921/2191/652 910/2193/652
f 910/2193/652 911/2188/652 767/2185/652
f 769/2187/652 770/2195/652 771/2196/652
f 910/2193/652 767/2185/652 769/2187/652
f 920/2197/652 919/2194/652 910/2193/652
f 917/2198/652 916/2199/652 918/2200/652
f 918/2200/652 920/2197/652 910/2193/652
f 910/2193/652 769/2187/652 771/2196/652
f 771/2196/182 772/2201/182 773/2202/182
f 774/2203/652 775/2204/652 776/2205/652
f 771/2196/814 773/2202/814 774/2203/814
f 918/2200/652 910/2193/652 771/2196/652
f 925/2206/652 926/2207/652 917/2198/652
f 917/2198/652 918/2200/652 771/2196/652
f 771/2196/652 774/2203/652 776/2205/652
f 777/2208/652 778/2209/652 779/2210/652
f 771/2196/857 776/2205/857 777/2208/857
f 925/2206/652 917/2198/652 771/2196/652
f 923/2211/858 924/2212/858 925/2206/858
f 928/2213/652 927/2214/652 923/2211/652
f 660/2215/841 659/2216/841 928/2213/841
f 658/2217/859 657/2218/859 660/2215/859
f 662/2219/860 661/2220/860 658/2217/860
f 653/2221/652 663/2222/652 662/2219/652
f 655/2223/652 654/2224/652 653/2221/652
f 668/2225/861 656/2226/861 655/2223/861
f 666/2227/862 670/2228/862 669/2229/862
f 669/2229/863 668/2225/863 655/2223/863
f 655/2223/864 653/2221/864 662/2219/864
f 662/2219/865 658/2217/865 660/2215/865
f 660/2215/652 928/2213/652 923/2211/652
f 923/2211/652 925/2206/652 771/2196/652
f 771/2196/866 777/2208/866 779/2210/866
f 780/2230/652 783/2231/652 781/2232/652
f 771/2196/867 779/2210/867 780/2230/867
f 660/2215/652 923/2211/652 771/2196/652
f 655/2223/868 662/2219/868 660/2215/868
f 669/2229/652 655/2223/652 660/2215/652
f 660/2215/652 771/2196/652 780/2230/652
f 780/2230/869 781/2232/869 782/2233/869
f 782/2233/652 784/2234/652 785/2235/652
f 786/2236/870 788/2237/870 787/2238/870
f 782/2233/871 785/2235/871 786/2236/871
f 660/2215/652 780/2230/652 782/2233/652
f 666/2227/652 669/2229/652 660/2215/652
f 665/2239/872 664/2240/872 666/2227/872
f 677/2241/652 667/2242/652 665/2239/652
f 675/2243/873 674/2244/873 673/2245/873
f 673/2245/652 677/2241/652 665/2239/652
f 665/2239/652 666/2227/652 660/2215/652
f 660/2215/652 782/2233/652 786/2236/652
f 786/2236/874 787/2238/874 737/2246/874
f 737/2246/685 738/2246/685 731/2247/685
f 731/2247/652 732/2248/652 733/2249/652
f 733/2249/652 736/2250/652 734/2251/652
f 734/2251/859 735/2252/859 747/2253/859
f 739/2254/652 740/2255/652 746/2256/652
f 734/2251/875 747/2253/875 739/2254/875
f 731/2247/876 733/2249/876 734/2251/876
f 660/2215/652 786/2236/652 737/2246/652
f 737/2246/821 731/2247/821 734/2251/821
f 734/2251/877 739/2254/877 746/2256/877
f 741/2257/652 742/2258/652 743/2259/652
f 734/2251/878 746/2256/878 741/2257/878
f 660/2215/652 737/2246/652 734/2251/652
f 673/2245/652 665/2239/652 660/2215/652
f 672/2260/879 671/2261/879 675/2243/879
f 675/2243/841 673/2245/841 660/2215/841
f 660/2215/652 734/2251/652 741/2257/652
f 743/2259/858 744/2262/858 745/2263/858
f 660/2215/652 741/2257/652 743/2259/652
f 672/2260/652 675/2243/652 660/2215/652
f 680/2264/880 676/2265/880 672/2260/880
f 679/2266/652 678/2267/652 680/2264/652
f 682/2268/881 681/2269/881 679/2266/881
f 642/2270/652 652/2271/652 682/2268/652
f 644/2272/652 643/2273/652 642/2270/652
f 646/2274/882 645/2275/882 644/2272/882
f 648/2276/883 647/2277/883 646/2274/883
f 650/2278/884 651/2279/884 648/2276/884
f 465/2280/652 649/2281/652 650/2278/652
f 463/2282/885 464/2283/885 465/2280/885
f 467/2284/886 466/2285/886 463/2282/886
f 469/2286/652 468/2287/652 467/2284/652
f 472/2288/887 473/2289/887 469/2286/887
f 471/2290/888 470/2291/888 472/2288/888
f 494/2292/652 495/2293/652 496/2294/652
f 496/2294/652 471/2290/652 472/2288/652
f 472/2288/889 469/2286/889 467/2284/889
f 463/2282/890 465/2280/890 650/2278/890
f 472/2288/652 467/2284/652 463/2282/652
f 494/2292/849 496/2294/849 472/2288/849
f 491/2295/652 493/2296/652 494/2292/652
f 490/2297/891 489/2298/891 492/2299/891
f 492/2299/652 491/2295/652 494/2292/652
f 494/2292/892 472/2288/892 463/2282/892
f 463/2282/652 650/2278/652 648/2276/652
f 648/2276/652 646/2274/652 644/2272/652
f 644/2272/893 642/2270/893 682/2268/893
f 682/2268/894 679/2266/894 680/2264/894
f 680/2264/834 672/2260/834 660/2215/834
f 660/2215/652 743/2259/652 745/2263/652
f 722/2300/895 721/2301/895 730/2302/895
f 660/2215/652 745/2263/652 722/2300/652
f 682/2268/652 680/2264/652 660/2215/652
f 648/2276/896 644/2272/896 682/2268/896
f 494/2292/836 463/2282/836 648/2276/836
f 490/2297/865 492/2299/865 494/2292/865
f 485/2303/897 488/2304/897 490/2297/897
f 529/2305/851 487/2306/851 486/2307/851
f 486/2307/898 485/2303/898 490/2297/898
f 490/2297/834 494/2292/834 648/2276/834
f 648/2276/841 682/2268/841 660/2215/841
f 660/2215/652 722/2300/652 730/2302/652
f 730/2302/182 723/2308/182 724/2309/182
f 724/2309/652 729/2310/652 725/2311/652
f 725/2311/853 726/2312/853 727/2313/853
f 727/2313/685 728/2314/685 720/2315/685
f 720/2315/652 718/2316/652 715/2317/652
f 715/2317/899 716/2318/899 717/2319/899
f 719/2320/858 711/2321/858 709/2322/858
f 715/2317/838 717/2319/838 719/2320/838
f 727/2313/900 720/2315/900 715/2317/900
f 730/2302/901 724/2309/901 725/2311/901
f 725/2311/841 727/2313/841 715/2317/841
f 715/2317/652 719/2320/652 709/2322/652
f 710/2323/902 712/2324/902 713/2325/902
f 715/2317/841 709/2322/841 710/2323/841
f 730/2302/652 725/2311/652 715/2317/652
f 648/2276/652 660/2215/652 730/2302/652
f 486/2307/652 490/2297/652 648/2276/652
f 528/2326/652 529/2305/652 486/2307/652
f 526/2327/903 525/2328/903 527/2329/903
f 527/2329/652 528/2326/652 486/2307/652
f 486/2307/652 648/2276/652 730/2302/652
f 730/2302/652 715/2317/652 710/2323/652
f 710/2323/839 713/2325/839 714/2330/839
f 714/2330/904 703/2331/904 704/2332/904
f 704/2332/849 708/2333/849 705/2334/849
f 705/2334/905 706/2335/905 707/2336/905
f 707/2336/652 702/2337/652 699/2338/652
f 699/2338/652 697/2339/652 698/2340/652
f 700/2341/906 701/2342/906 694/2343/906
f 699/2338/652 698/2340/652 700/2341/652
f 705/2334/652 707/2336/652 699/2338/652
f 714/2330/652 704/2332/652 705/2334/652
f 730/2302/652 710/2323/652 714/2330/652
f 527/2329/652 486/2307/652 730/2302/652
f 524/2344/907 526/2327/907 527/2329/907
f 521/2345/908 523/2346/908 524/2344/908
f 520/2347/652 522/2348/652 521/2345/652
f 519/2349/652 518/2350/652 520/2347/652
f 514/2351/806 516/2352/806 517/2353/806
f 517/2353/882 519/2349/882 520/2347/882
f 520/2347/652 521/2345/652 524/2344/652
f 524/2344/652 527/2329/652 730/2302/652
f 730/2302/652 714/2330/652 705/2334/652
f 705/2334/838 699/2338/838 700/2341/838
f 700/2341/834 694/2343/834 692/2354/834
f 693/2355/865 696/2356/865 695/2357/865
f 700/2341/855 692/2354/855 693/2355/855
f 730/2302/652 705/2334/652 700/2341/652
f 520/2347/652 524/2344/652 730/2302/652
f 514/2351/652 517/2353/652 520/2347/652
f 511/2358/909 513/2359/909 515/2360/909
f 515/2360/910 514/2351/910 520/2347/910
f 520/2347/652 730/2302/652 700/2341/652
f 700/2341/841 693/2355/841 695/2357/841
f 695/2357/652 689/2361/652 690/2362/652
f 691/2363/911 688/2364/911 687/2365/911
f 695/2357/912 690/2362/912 691/2363/912
f 520/2347/652 700/2341/652 695/2357/652
f 515/2360/652 520/2347/652 695/2357/652
f 695/2357/879 691/2363/879 687/2365/879
f 687/2365/913 684/2366/913 685/2367/913
f 686/2368/914 683/2369/914 639/2370/914
f 687/2365/915 685/2367/915 686/2368/915
f 515/2360/652 695/2357/652 687/2365/652
f 509/2371/916 512/2372/916 511/2358/916
f 511/2358/652 515/2360/652 687/2365/652
f 686/2368/917 639/2370/917 638/2373/917
f 511/2358/652 687/2365/652 686/2368/652
f 508/2374/910 510/2375/910 509/2371/910
f 509/2371/838 511/2358/838 686/2368/838
f 686/2368/918 638/2373/918 636/2376/918
f 636/2376/652 637/2377/652 640/2378/652
f 640/2378/652 641/2379/652 635/2380/652
f 635/2380/856 634/2381/856 632/2382/856
f 632/2382/652 633/2383/652 631/2384/652
f 631/2384/873 626/2385/873 627/2386/873
f 627/2386/652 630/2387/652 628/2388/652
f 628/2388/836 629/2389/836 621/2390/836
f 621/2390/652 620/2391/652 622/2392/652
f 622/2392/919 623/2393/919 624/2394/919
f 624/2394/652 625/2395/652 619/2396/652
f 619/2396/652 618/2397/652 616/2398/652
f 616/2398/864 617/2399/864 615/2400/864
f 614/2401/652 613/2402/652 612/2403/652
f 616/2398/834 615/2400/834 614/2401/834
f 624/2394/652 619/2396/652 616/2398/652
f 621/2390/868 622/2392/868 624/2394/868
f 631/2384/652 627/2386/652 628/2388/652
f 628/2388/841 621/2390/841 624/2394/841
f 624/2394/652 616/2398/652 614/2401/652
f 614/2401/840 612/2403/840 611/2404/840
f 606/2405/652 607/2406/652 608/2407/652
f 614/2401/652 611/2404/652 606/2405/652
f 628/2388/652 624/2394/652 614/2401/652
f 632/2382/652 631/2384/652 628/2388/652
f 640/2378/652 635/2380/652 632/2382/652
f 686/2368/920 636/2376/920 640/2378/920
f 508/2374/652 509/2371/652 686/2368/652
f 506/2408/839 508/2374/839 686/2368/839
f 686/2368/652 640/2378/652 632/2382/652
f 632/2382/652 628/2388/652 614/2401/652
f 614/2401/652 606/2405/652 608/2407/652
f 609/2409/652 610/2410/652 600/2411/652
f 614/2401/652 608/2407/652 609/2409/652
f 686/2368/652 632/2382/652 614/2401/652
f 507/2412/652 506/2408/652 686/2368/652
f 503/2413/887 505/2414/887 507/2412/887
f 503/2413/652 507/2412/652 686/2368/652
f 686/2368/652 614/2401/652 609/2409/652
f 600/2411/921 601/2415/921 602/2416/921
f 686/2368/652 609/2409/652 600/2411/652
f 504/2417/652 503/2413/652 686/2368/652
f 502/2418/922 501/2419/922 500/2420/922
f 500/2420/841 504/2417/841 686/2368/841
f 686/2368/652 600/2411/652 602/2416/652
f 602/2416/833 603/2421/833 604/2422/833
f 604/2422/652 605/2423/652 594/2424/652
f 594/2424/652 595/2425/652 596/2426/652
f 597/2427/849 598/2428/849 599/2429/849
f 594/2424/836 596/2426/836 597/2427/836
f 602/2416/652 604/2422/652 594/2424/652
f 500/2420/652 686/2368/652 602/2416/652
f 502/2418/652 500/2420/652 602/2416/652
f 602/2416/652 594/2424/652 597/2427/652
f 597/2427/652 599/2429/652 590/2430/652
f 590/2430/652 591/2431/652 592/2432/652
f 592/2432/652 593/2433/652 587/2434/652
f 587/2434/923 588/2435/923 589/2436/923
f 589/2436/652 585/2437/652 586/2438/652
f 586/2438/652 582/2439/652 583/2440/652
f 584/2441/924 578/2442/924 579/2443/924
f 586/2438/925 583/2440/925 584/2441/925
f 587/2434/652 589/2436/652 586/2438/652
f 590/2430/873 592/2432/873 587/2434/873
f 602/2416/838 597/2427/838 590/2430/838
f 499/2444/652 502/2418/652 602/2416/652
f 497/2445/652 498/2446/652 499/2444/652
f 531/1258/652 530/2447/652 497/2445/652
f 562/2448/652 532/2449/652 531/1258/652
f 561/2450/652 563/2451/652 562/2448/652
f 557/2452/652 559/2453/652 560/2454/652
f 561/2450/652 562/2448/652 531/1258/652
f 560/2454/652 561/2450/652 531/1258/652
f 531/1258/652 497/2445/652 499/2444/652
f 499/2444/652 602/2416/652 590/2430/652
f 590/2430/926 587/2434/926 586/2438/926
f 584/2441/927 579/2443/927 581/2455/927
f 590/2430/892 586/2438/892 584/2441/892
f 531/1258/652 499/2444/652 590/2430/652
f 557/2452/652 560/2454/652 531/1258/652
f 556/2456/652 557/2452/652 531/1258/652
f 531/1258/652 590/2430/652 584/2441/652
f 584/2441/928 581/2455/928 580/2457/928
f 580/2457/652 481/2458/652 480/2459/652
f 478/2460/929 479/2461/929 482/2462/929
f 580/2457/930 480/2459/930 478/2460/930
f 531/1258/652 584/2441/652 580/2457/652
f 558/2463/652 556/2456/652 531/1258/652
f 555/2464/806 553/2465/806 554/2466/806
f 554/2466/652 558/2463/652 531/1258/652
f 531/1258/652 580/2457/652 478/2460/652
f 478/2460/652 482/2462/652 483/2467/652
f 483/2467/931 477/2468/931 476/2469/931
f 476/2469/808 474/2470/808 475/2471/808
f 475/2471/932 484/2472/932 566/2473/932
f 566/2473/933 565/2474/933 568/2475/933
f 568/2475/652 567/2476/652 577/2477/652
f 569/2478/876 570/2479/876 571/2480/876
f 568/2475/652 577/2477/652 569/2478/652
f 475/2471/652 566/2473/652 568/2475/652
f 483/2467/934 476/2469/934 475/2471/934
f 531/1258/652 478/2460/652 483/2467/652
f 555/2464/652 554/2466/652 531/1258/652
f 549/2481/935 551/2482/935 552/2483/935
f 552/2483/652 555/2464/652 531/1258/652
f 531/1258/652 483/2467/652 475/2471/652
f 475/2471/652 568/2475/652 569/2478/652
f 569/2478/936 571/2480/936 572/2484/936
f 572/2484/937 576/2485/937 573/2486/937
f 573/2486/879 574/2487/879 575/2488/879
f 575/2488/652 564/2489/652 533/2490/652
f 533/2490/938 534/2491/938 535/2492/938
f 535/2492/939 536/2493/939 540/2494/939
f 540/2494/652 539/2495/652 537/2496/652
f 538/2497/652 543/2498/652 541/2499/652
f 540/2494/940 537/2496/940 538/2497/940
f 533/2490/941 535/2492/941 540/2494/941
f 573/2486/863 575/2488/863 533/2490/863
f 569/2478/652 572/2484/652 573/2486/652
f 531/1258/652 475/2471/652 569/2478/652
f 549/2481/652 552/2483/652 531/1258/652
f 548/2500/838 549/2481/838 531/1258/838
f 531/1258/652 569/2478/652 573/2486/652
f 573/2486/868 533/2490/868 540/2494/868
f 540/2494/942 538/2497/942 541/2499/942
f 542/1256/652 547/2501/652 546/1257/652
f 540/2494/943 541/2499/943 542/1256/943
f 531/1258/652 573/2486/652 540/2494/652
f 550/2502/652 548/2500/652 531/1258/652
f 546/1257/944 544/2503/944 545/2504/944
f 545/2504/652 550/2502/652 531/1258/652
f 531/1258/652 540/2494/652 542/1256/652
f 546/1257/652 545/2504/652 531/1258/652
