# Blender 5.0.1
# www.blender.org
o Part_1.006
v 0.792526 -0.719225 -0.282377
v 0.791661 -0.732862 -0.282377
v 0.791462 -0.735972 -0.282377
v 0.791386 -0.737150 -0.282377
v 0.791592 -0.733937 -0.282377
v 0.792938 -0.712710 -0.282377
v 0.792861 -0.713909 -0.282377
v 0.792783 -0.715128 -0.282377
v 0.793082 -0.710443 -0.282377
v 0.793012 -0.711549 -0.282377
v 0.793447 -0.704650 -0.282377
v 0.793186 -0.708800 -0.282377
v 0.793146 -0.709425 -0.282377
v 0.798180 -0.625577 -0.282377
v 0.797185 -0.642979 -0.282377
v 0.795701 -0.667869 -0.282377
v 0.795221 -0.675927 -0.282377
v 0.805460 -0.493620 -0.282377
v 0.804889 -0.505332 -0.282377
v 0.803117 -0.539605 -0.282377
v 0.802157 -0.557232 -0.282377
v 0.800517 -0.586604 -0.282377
v 0.801414 -0.570887 -0.282377
v 0.811621 -0.363131 -0.282377
v 0.810597 -0.388156 -0.282377
v 0.808962 -0.424906 -0.282377
v 0.808151 -0.441902 -0.282377
v 0.808650 -0.431609 -0.282377
v 0.807547 -0.454356 -0.282377
v 0.816431 -0.235332 -0.282377
v 0.815033 -0.278485 -0.282377
v 0.813183 -0.327888 -0.282377
v 0.813579 -0.318133 -0.282377
v 0.813039 -0.331422 -0.282377
v 0.817335 -0.209605 -0.282377
v 0.817335 -0.092402 -0.282377
v 0.817335 0.345350 -0.282377
v 0.817080 0.352202 -0.282377
v 0.816362 0.371835 -0.282377
v 0.815165 0.398535 -0.282377
v 0.816113 0.377796 -0.282377
v 0.813773 0.431685 -0.282377
v 0.812888 0.449896 -0.282377
v 0.806672 0.560583 -0.282377
v 0.807632 0.544618 -0.282377
v 0.810243 0.498513 -0.282377
v 0.808526 0.529750 -0.282377
v 0.810301 0.497340 -0.282377
v 0.811944 0.469292 -0.282377
v 0.801413 0.636871 -0.282377
v 0.800247 0.653410 -0.282377
v 0.803457 0.606770 -0.282377
v 0.805780 0.574247 -0.282377
v 0.802407 0.622770 -0.282377
v 0.798219 0.680350 -0.282377
v 0.789529 -0.765883 -0.282377
v 0.789573 -0.765203 -0.282377
v 0.789635 -0.764244 -0.282377
v 0.789701 -0.763222 -0.282377
v 0.789972 -0.759010 -0.282377
v 0.789906 -0.760037 -0.282377
v 0.790471 -0.751346 -0.282377
v 0.789841 -0.761052 -0.282377
v 0.789771 -0.762150 -0.282377
v 0.789284 -0.769650 -0.282377
v 0.772607 -1.011958 -0.282377
v 0.773047 -1.005777 -0.282377
v 0.769280 -1.058299 -0.282377
v 0.771109 -1.032864 -0.282377
v 0.767420 -1.084104 -0.282377
v 0.767688 -1.080393 -0.282377
v 0.768467 -1.069586 -0.282377
v 0.769116 -1.060592 -0.282377
v 0.766372 -1.098626 -0.282377
v 0.766683 -1.094321 -0.282377
v 0.766989 -1.090082 -0.282377
v 0.765647 -1.108667 -0.282377
v 0.765691 -1.108061 -0.282377
v 0.766014 -1.103590 -0.282377
v 0.766344 -1.099015 -0.282377
v 0.765051 -1.116923 -0.282377
v 0.765064 -1.116749 -0.282377
v 0.765375 -1.112441 -0.282377
v 0.764488 -1.124731 -0.282377
v 0.764731 -1.121367 -0.282377
v 0.764014 -1.131307 -0.282377
v 0.764175 -1.129068 -0.282377
v 0.764451 -1.125246 -0.282377
v 0.763513 -1.138256 -0.282377
v 0.763742 -1.135076 -0.282377
v 0.763904 -1.132829 -0.282377
v 0.763170 -1.143018 -0.282377
v 0.763457 -1.139044 -0.282377
v 0.763011 -1.145229 -0.282377
v 0.762749 -1.148878 -0.282377
v 0.762335 -1.154650 -0.282377
v 0.762879 -1.147064 -0.282377
v 0.775552 -0.970578 -0.282377
v 0.789201 -0.770919 -0.282377
v 0.788270 -0.785077 -0.282377
v 0.787021 -0.803863 -0.282377
v 0.787435 -0.797628 -0.282377
v 0.784100 -0.846959 -0.282377
v 0.785331 -0.828889 -0.282377
v 0.782393 -0.871733 -0.282377
v 0.782844 -0.865198 -0.282377
v 0.779911 -0.907333 -0.282377
v 0.776914 -0.951244 -0.282377
v 0.776146 -0.962144 -0.282377
v 0.780638 -0.896968 -0.282377
v 0.785636 -0.824425 -0.282377
v 0.558631 -1.154650 -0.282377
v 0.552335 -1.154650 -0.282377
v 0.524199 -0.751359 -0.282377
v 0.524697 -0.759010 -0.282377
v 0.523283 -0.737150 -0.282377
v 0.524763 -0.760037 -0.282377
v 0.524828 -0.761052 -0.282377
v 0.524899 -0.762150 -0.282377
v 0.524968 -0.763222 -0.282377
v 0.525140 -0.765883 -0.282377
v 0.525386 -0.769650 -0.282377
v 0.525096 -0.765203 -0.282377
v 0.525034 -0.764244 -0.282377
v 0.534759 -0.907333 -0.282377
v 0.534031 -0.896968 -0.282377
v 0.537755 -0.951244 -0.282377
v 0.532276 -0.871733 -0.282377
v 0.531826 -0.865198 -0.282377
v 0.530569 -0.846959 -0.282377
v 0.529338 -0.828889 -0.282377
v 0.529034 -0.824425 -0.282377
v 0.527649 -0.803863 -0.282377
v 0.526399 -0.785077 -0.282377
v 0.527234 -0.797628 -0.282377
v 0.525469 -0.770919 -0.282377
v 0.551921 -1.148878 -0.282377
v 0.551790 -1.147064 -0.282377
v 0.551658 -1.145229 -0.282377
v 0.551213 -1.139044 -0.282377
v 0.551156 -1.138256 -0.282377
v 0.551499 -1.143018 -0.282377
v 0.550927 -1.135076 -0.282377
v 0.550765 -1.132829 -0.282377
v 0.550656 -1.131307 -0.282377
v 0.550494 -1.129068 -0.282377
v 0.550219 -1.125246 -0.282377
v 0.550182 -1.124731 -0.282377
v 0.549939 -1.121367 -0.282377
v 0.549618 -1.116923 -0.282377
v 0.549606 -1.116749 -0.282377
v 0.549295 -1.112441 -0.282377
v 0.549022 -1.108667 -0.282377
v 0.548978 -1.108061 -0.282377
v 0.548656 -1.103590 -0.282377
v 0.548325 -1.099015 -0.282377
v 0.548297 -1.098626 -0.282377
v 0.547987 -1.094321 -0.282377
v 0.547680 -1.090082 -0.282377
v 0.547249 -1.084104 -0.282377
v 0.546981 -1.080393 -0.282377
v 0.546202 -1.069586 -0.282377
v 0.545554 -1.060592 -0.282377
v 0.545389 -1.058299 -0.282377
v 0.543560 -1.032864 -0.282377
v 0.542062 -1.011958 -0.282377
v 0.539117 -0.970578 -0.282377
v 0.541622 -1.005777 -0.282377
v 0.538523 -0.962144 -0.282377
v 0.521480 -0.708733 -0.282377
v 0.521518 -0.709348 -0.282377
v 0.521582 -0.710351 -0.282377
v 0.521651 -0.711439 -0.282377
v 0.521724 -0.712581 -0.282377
v 0.521799 -0.713761 -0.282377
v 0.521876 -0.714961 -0.282377
v 0.523078 -0.733942 -0.282377
v 0.523208 -0.735972 -0.282377
v 0.522465 -0.724319 -0.282377
v 0.521222 -0.704650 -0.282377
v 0.500147 -0.292838 -0.282377
v 0.500432 -0.300709 -0.282377
v 0.500927 -0.313884 -0.282377
v 0.501451 -0.327333 -0.282377
v 0.498374 -0.239618 -0.282377
v 0.498733 -0.251128 -0.282377
v 0.497335 -0.209605 -0.282377
v 0.498273 -0.236305 -0.282377
v 0.499117 -0.263014 -0.282377
v 0.499528 -0.275255 -0.282377
v 0.499966 -0.287827 -0.282377
v 0.504131 -0.389461 -0.282377
v 0.505411 -0.418430 -0.282377
v 0.504124 -0.389301 -0.282377
v 0.506667 -0.445226 -0.282377
v 0.501616 -0.331423 -0.282377
v 0.503103 -0.364683 -0.282377
v 0.503515 -0.374807 -0.282377
v 0.511621 -0.540885 -0.282377
v 0.512862 -0.563790 -0.282377
v 0.507994 -0.472071 -0.282377
v 0.507188 -0.455774 -0.282377
v 0.510166 -0.512923 -0.282377
v 0.507118 -0.454357 -0.282377
v 0.512926 -0.564916 -0.282377
v 0.514751 -0.597209 -0.282377
v 0.517103 -0.636422 -0.282377
v 0.514152 -0.586604 -0.282377
v 0.519127 -0.670632 -0.282377
v 0.519343 -0.674130 -0.282377
v 0.497335 -0.087971 -0.282377
v 0.497335 0.345350 -0.282377
v 0.511239 0.607229 -0.282377
v 0.511715 0.614627 -0.282377
v 0.512244 0.622481 -0.282377
v 0.513685 0.643006 -0.282377
v 0.516450 0.680350 -0.282377
v 0.514246 0.650990 -0.282377
v 0.504440 0.498540 -0.282377
v 0.504629 0.502065 -0.282377
v 0.505543 0.519101 -0.282377
v 0.506141 0.529676 -0.282377
v 0.507668 0.555292 -0.282377
v 0.507714 0.556005 -0.282377
v 0.508883 0.574247 -0.282377
v 0.499543 0.399679 -0.282377
v 0.499941 0.409572 -0.282377
v 0.500431 0.421015 -0.282377
v 0.500630 0.425674 -0.282377
v 0.501547 0.445665 -0.282377
v 0.502592 0.466791 -0.282377
v 0.502726 0.469292 -0.282377
v 0.497950 0.362275 -0.282377
v 0.497599 0.352461 -0.282377
v 0.498383 0.373777 -0.282377
v 0.498543 0.377796 -0.282377
v 0.518601 0.707463 -0.282377
v 0.517333 0.691484 -0.282377
v 0.519028 0.712851 -0.282377
v 0.517161 0.689347 -0.282377
v 0.517246 0.690409 -0.282377
v 0.517069 0.688199 -0.282377
v 0.516979 0.687077 -0.282377
v 0.516759 0.684294 -0.282377
v 0.516815 0.685005 -0.282377
v 0.516894 0.686009 -0.282377
v 0.797909 0.684324 -0.282377
v 0.797852 0.685041 -0.282377
v 0.797772 0.686052 -0.282377
v 0.797686 0.687129 -0.282377
v 0.797329 0.691569 -0.282377
v 0.797417 0.690486 -0.282377
v 0.796446 0.702707 -0.282377
v 0.795641 0.712851 -0.282377
v 0.797503 0.689416 -0.282377
v 0.797596 0.688260 -0.282377
v 0.598307 1.422587 -0.282377
v 0.589209 1.354428 -0.282377
v 0.598939 1.427396 -0.282377
v 0.587011 1.337693 -0.282377
v 0.601063 1.443378 -0.282377
v 0.603098 1.458567 -0.282377
v 0.603442 1.461110 -0.282377
v 0.605043 1.472968 -0.282377
v 0.606514 1.483790 -0.282377
v 0.607208 1.488876 -0.282377
v 0.577378 1.261873 -0.282377
v 0.580746 1.288867 -0.282377
v 0.570065 1.203952 -0.282377
v 0.582091 1.299437 -0.282377
v 0.583958 1.314106 -0.282377
v 0.586305 1.332242 -0.282377
v 0.560672 1.124852 -0.282377
v 0.562438 1.140358 -0.282377
v 0.563070 1.145779 -0.282377
v 0.554675 1.074002 -0.282377
v 0.566642 1.175869 -0.282377
v 0.568685 1.192628 -0.282377
v 0.546769 1.002261 -0.282377
v 0.547191 1.006346 -0.282377
v 0.551599 1.046964 -0.282377
v 0.553668 1.065153 -0.282377
v 0.541823 0.956788 -0.282377
v 0.534618 0.885000 -0.282377
v 0.530571 0.844067 -0.282377
v 0.536074 0.899887 -0.282377
v 0.540779 0.946667 -0.282377
v 0.538278 0.922422 -0.282377
v 0.524517 0.776701 -0.282377
v 0.526896 0.804003 -0.282377
v 0.529748 0.835150 -0.282377
v 0.527271 0.808312 -0.282377
v 0.632623 1.671532 -0.282377
v 0.633557 1.678134 -0.282377
v 0.635105 1.689063 -0.282377
v 0.635587 1.692458 -0.282377
v 0.633915 1.680662 -0.282377
v 0.637206 1.703867 -0.282377
v 0.636200 1.696784 -0.282377
v 0.637341 1.704812 -0.282377
v 0.638859 1.715491 -0.282377
v 0.638609 1.713735 -0.282377
v 0.637727 1.707531 -0.282377
v 0.640223 1.725076 -0.282377
v 0.639439 1.719570 -0.282377
v 0.641458 1.733753 -0.282377
v 0.640983 1.730413 -0.282377
v 0.640227 1.725108 -0.282377
v 0.642254 1.739339 -0.282377
v 0.642591 1.741707 -0.282377
v 0.641634 1.734990 -0.282377
v 0.643422 1.747542 -0.282377
v 0.643630 1.749003 -0.282377
v 0.642852 1.743539 -0.282377
v 0.644517 1.755226 -0.282377
v 0.644634 1.756047 -0.282377
v 0.643976 1.751432 -0.282377
v 0.645047 1.758947 -0.282377
v 0.645501 1.762136 -0.282377
v 0.645570 1.762617 -0.282377
v 0.645859 1.764648 -0.282377
v 0.646354 1.768127 -0.282377
v 0.646357 1.768143 -0.282377
v 0.646850 1.771608 -0.282377
v 0.647223 1.774230 -0.282377
v 0.647343 1.775066 -0.282377
v 0.647838 1.778548 -0.282377
v 0.648147 1.780720 -0.282377
v 0.648343 1.782092 -0.282377
v 0.648863 1.785748 -0.282377
v 0.657335 1.845350 -0.282377
v 0.649408 1.789579 -0.282377
v 0.618478 1.569965 -0.282377
v 0.618892 1.572996 -0.282377
v 0.607496 1.490988 -0.282377
v 0.620291 1.583187 -0.282377
v 0.621913 1.594952 -0.282377
v 0.622461 1.598921 -0.282377
v 0.621629 1.592898 -0.282377
v 0.623425 1.605881 -0.282377
v 0.624346 1.612510 -0.282377
v 0.624648 1.614681 -0.282377
v 0.625221 1.618802 -0.282377
v 0.626003 1.624412 -0.282377
v 0.627758 1.636965 -0.282377
v 0.628394 1.641498 -0.282377
v 0.629460 1.649096 -0.282377
v 0.631079 1.660591 -0.282377
v 0.631082 1.660612 -0.282377
v 0.631357 1.662563 -0.282377
v 0.521721 0.745350 -0.282377
v 0.788349 0.797443 -0.282377
v 0.787483 0.807362 -0.282377
v 0.785111 0.833313 -0.282377
v 0.790105 0.777238 -0.282377
v 0.792949 0.745350 -0.282377
v 0.789801 0.780813 -0.282377
v 0.779663 0.888902 -0.282377
v 0.778480 0.901290 -0.282377
v 0.775917 0.927124 -0.282377
v 0.780810 0.876883 -0.282377
v 0.784936 0.835152 -0.282377
v 0.774849 0.937504 -0.282377
v 0.764647 1.032564 -0.282377
v 0.762643 1.050796 -0.282377
v 0.768210 0.999361 -0.282377
v 0.773298 0.952572 -0.282377
v 0.773906 0.946669 -0.282377
v 0.765455 1.025220 -0.282377
v 0.752979 1.133829 -0.282377
v 0.750572 1.154510 -0.282377
v 0.747499 1.180246 -0.282377
v 0.759185 1.081204 -0.282377
v 0.759772 1.076160 -0.282377
v 0.761018 1.065155 -0.282377
v 0.736848 1.265429 -0.282377
v 0.744360 1.205929 -0.282377
v 0.745564 1.196078 -0.282377
v 0.734452 1.284516 -0.282377
v 0.745986 1.192628 -0.282377
v 0.732067 1.303506 -0.282377
v 0.708646 1.480186 -0.282377
v 0.708482 1.481393 -0.282377
v 0.712805 1.449369 -0.282377
v 0.712518 1.451507 -0.282377
v 0.717446 1.414315 -0.282377
v 0.726656 1.345315 -0.282377
v 0.727901 1.335833 -0.282377
v 0.728364 1.332242 -0.282377
v 0.715464 1.429396 -0.282377
v 0.710566 1.466022 -0.282377
v 0.685227 1.648969 -0.282377
v 0.683597 1.660547 -0.282377
v 0.686275 1.641498 -0.282377
v 0.683591 1.660591 -0.282377
v 0.688733 1.623934 -0.282377
v 0.686938 1.636771 -0.282377
v 0.689740 1.616707 -0.282377
v 0.688971 1.622227 -0.282377
v 0.691743 1.602278 -0.282377
v 0.691099 1.606924 -0.282377
v 0.694373 1.583223 -0.282377
v 0.693802 1.587365 -0.282377
v 0.693026 1.592998 -0.282377
v 0.692893 1.593966 -0.282377
v 0.695905 1.572055 -0.282377
v 0.706984 1.492375 -0.282377
v 0.707461 1.488876 -0.282377
v 0.690694 1.609844 -0.282377
v 0.665806 1.785748 -0.282377
v 0.665261 1.789579 -0.282377
v 0.666522 1.780720 -0.282377
v 0.666327 1.782092 -0.282377
v 0.667446 1.774230 -0.282377
v 0.667327 1.775066 -0.282377
v 0.666831 1.778548 -0.282377
v 0.668315 1.768127 -0.282377
v 0.668313 1.768143 -0.282377
v 0.667819 1.771608 -0.282377
v 0.669168 1.762136 -0.282377
v 0.669100 1.762617 -0.282377
v 0.668811 1.764648 -0.282377
v 0.670036 1.756047 -0.282377
v 0.669623 1.758947 -0.282377
v 0.670693 1.751432 -0.282377
v 0.670153 1.755226 -0.282377
v 0.671039 1.749003 -0.282377
v 0.671818 1.743539 -0.282377
v 0.671247 1.747542 -0.282377
v 0.672078 1.741707 -0.282377
v 0.673035 1.734990 -0.282377
v 0.672416 1.739339 -0.282377
v 0.673211 1.733753 -0.282377
v 0.673687 1.730413 -0.282377
v 0.674442 1.725108 -0.282377
v 0.674447 1.725076 -0.282377
v 0.675230 1.719570 -0.282377
v 0.675811 1.715491 -0.282377
v 0.676060 1.713735 -0.282377
v 0.676943 1.707531 -0.282377
v 0.677329 1.704812 -0.282377
v 0.679083 1.692458 -0.282377
v 0.678469 1.696782 -0.282377
v 0.677463 1.703867 -0.282377
v 0.680756 1.680656 -0.282377
v 0.679565 1.689060 -0.282377
v 0.681112 1.678134 -0.282377
v 0.683312 1.662563 -0.282377
v 0.682047 1.671524 -0.282377
v 0.795543 0.714055 -0.282377
v 0.793623 0.737258 -0.282377
v 0.793722 0.736055 -0.282377
v 0.793822 0.734831 -0.282377
v 0.793527 0.738424 -0.282377
v 0.793436 0.739534 -0.282377
v 0.793298 0.741183 -0.282377
v 0.793351 0.740556 -0.282377
v 0.521377 0.741253 -0.282377
v 0.521326 0.740637 -0.282377
v 0.521242 0.739631 -0.282377
v 0.520960 0.736210 -0.282377
v 0.520862 0.735006 -0.282377
v 0.519125 0.714040 -0.282377
v 0.521057 0.737393 -0.282377
v 0.521152 0.738540 -0.282377
v 0.791614 -0.733589 -0.028135
v 0.791605 -0.733735 -0.028135
v 0.791603 -0.733769 -0.028135
v 0.791386 -0.737150 -0.028135
v 0.791604 -0.733747 -0.028135
v 0.791832 -0.730182 -0.028135
v 0.792042 -0.726876 -0.028135
v 0.791617 -0.733544 -0.028135
v 0.792246 -0.723674 -0.028135
v 0.792439 -0.720625 -0.028135
v 0.793447 -0.704650 -0.028135
v 0.792726 -0.716094 -0.028135
v 0.792617 -0.717817 -0.028135
v 0.793628 -0.701632 -0.028135
v 0.793590 -0.702297 -0.028135
v 0.793533 -0.703246 -0.028135
v 0.793515 -0.703554 -0.028135
v 0.800716 -0.583055 -0.028135
v 0.800694 -0.583502 -0.028135
v 0.800627 -0.584810 -0.028135
v 0.800590 -0.585483 -0.028135
v 0.800561 -0.586004 -0.028135
v 0.800527 -0.586604 -0.028135
v 0.807714 -0.450875 -0.028135
v 0.807675 -0.451830 -0.028135
v 0.807613 -0.453233 -0.028135
v 0.807601 -0.453489 -0.028135
v 0.807582 -0.453882 -0.028135
v 0.807559 -0.454357 -0.028135
v 0.813184 -0.327755 -0.028135
v 0.813131 -0.329402 -0.028135
v 0.813075 -0.330915 -0.028135
v 0.813060 -0.331288 -0.028135
v 0.813055 -0.331423 -0.028135
v 0.817335 -0.209605 -0.028135
v 0.817335 0.328643 -0.028135
v 0.817335 0.345350 -0.028135
v 0.816166 0.376820 -0.028135
v 0.816139 0.377569 -0.028135
v 0.816129 0.377797 -0.028135
v 0.812071 0.466592 -0.028135
v 0.812018 0.467857 -0.028135
v 0.811984 0.468552 -0.028135
v 0.805868 0.573117 -0.028135
v 0.805832 0.573727 -0.028135
v 0.805968 0.571358 -0.028135
v 0.805902 0.572550 -0.028135
v 0.811948 0.469292 -0.028135
v 0.805970 0.571313 -0.028135
v 0.798341 0.678690 -0.028135
v 0.798297 0.679322 -0.028135
v 0.805797 0.574248 -0.028135
v 0.798419 0.677541 -0.028135
v 0.798379 0.678152 -0.028135
v 0.798219 0.680350 -0.028135
v 0.790162 -0.756157 -0.028135
v 0.790028 -0.758221 -0.028135
v 0.790350 -0.753248 -0.028135
v 0.790550 -0.750149 -0.028135
v 0.791172 -0.740486 -0.028135
v 0.791372 -0.737370 -0.028135
v 0.791377 -0.737293 -0.028135
v 0.790975 -0.743566 -0.028135
v 0.790760 -0.746894 -0.028135
v 0.789284 -0.769650 -0.028135
v 0.776013 -0.964046 -0.028135
v 0.776030 -0.963810 -0.028135
v 0.775886 -0.965814 -0.028135
v 0.775956 -0.964843 -0.028135
v 0.775815 -0.966799 -0.028135
v 0.775826 -0.966657 -0.028135
v 0.775855 -0.966245 -0.028135
v 0.775880 -0.965902 -0.028135
v 0.775775 -0.967353 -0.028135
v 0.775787 -0.967189 -0.028135
v 0.775799 -0.967027 -0.028135
v 0.775748 -0.967736 -0.028135
v 0.775749 -0.967713 -0.028135
v 0.775762 -0.967543 -0.028135
v 0.775774 -0.967368 -0.028135
v 0.775725 -0.968052 -0.028135
v 0.775725 -0.968045 -0.028135
v 0.775737 -0.967880 -0.028135
v 0.775703 -0.968350 -0.028135
v 0.775713 -0.968221 -0.028135
v 0.775685 -0.968601 -0.028135
v 0.775692 -0.968515 -0.028135
v 0.775702 -0.968369 -0.028135
v 0.775666 -0.968866 -0.028135
v 0.775675 -0.968744 -0.028135
v 0.775681 -0.968659 -0.028135
v 0.775653 -0.969048 -0.028135
v 0.775664 -0.968896 -0.028135
v 0.775647 -0.969132 -0.028135
v 0.762335 -1.154650 -0.028135
v 0.775637 -0.969271 -0.028135
v 0.775642 -0.969202 -0.028135
v 0.776126 -0.962466 -0.028135
v 0.789245 -0.770239 -0.028135
v 0.789281 -0.769699 -0.028135
v 0.789198 -0.770956 -0.028135
v 0.789213 -0.770718 -0.028135
v 0.789086 -0.772601 -0.028135
v 0.789133 -0.771911 -0.028135
v 0.789021 -0.773546 -0.028135
v 0.789038 -0.773297 -0.028135
v 0.788926 -0.774905 -0.028135
v 0.776178 -0.961728 -0.028135
v 0.776148 -0.962144 -0.028135
v 0.788954 -0.774509 -0.028135
v 0.789145 -0.771741 -0.028135
v 0.552335 -1.154650 -0.028135
v 0.754560 -1.154650 -0.028135
v 0.523297 -0.737370 -0.028135
v 0.523292 -0.737293 -0.028135
v 0.523283 -0.737150 -0.028135
v 0.523695 -0.743566 -0.028135
v 0.523497 -0.740486 -0.028135
v 0.523909 -0.746894 -0.028135
v 0.524119 -0.750149 -0.028135
v 0.525386 -0.769650 -0.028135
v 0.524642 -0.758221 -0.028135
v 0.524508 -0.756157 -0.028135
v 0.524319 -0.753248 -0.028135
v 0.525743 -0.774905 -0.028135
v 0.525716 -0.774509 -0.028135
v 0.538492 -0.961728 -0.028135
v 0.525649 -0.773546 -0.028135
v 0.525631 -0.773297 -0.028135
v 0.525583 -0.772601 -0.028135
v 0.525536 -0.771911 -0.028135
v 0.525525 -0.771741 -0.028135
v 0.525472 -0.770956 -0.028135
v 0.525456 -0.770718 -0.028135
v 0.525424 -0.770239 -0.028135
v 0.525389 -0.769699 -0.028135
v 0.539032 -0.969271 -0.028135
v 0.539027 -0.969202 -0.028135
v 0.539022 -0.969132 -0.028135
v 0.539005 -0.968896 -0.028135
v 0.539003 -0.968866 -0.028135
v 0.539016 -0.969048 -0.028135
v 0.538994 -0.968744 -0.028135
v 0.538988 -0.968659 -0.028135
v 0.538984 -0.968601 -0.028135
v 0.538978 -0.968515 -0.028135
v 0.538967 -0.968369 -0.028135
v 0.538966 -0.968350 -0.028135
v 0.538957 -0.968221 -0.028135
v 0.538945 -0.968052 -0.028135
v 0.538944 -0.968045 -0.028135
v 0.538932 -0.967880 -0.028135
v 0.538922 -0.967736 -0.028135
v 0.538920 -0.967713 -0.028135
v 0.538908 -0.967543 -0.028135
v 0.538895 -0.967368 -0.028135
v 0.538894 -0.967353 -0.028135
v 0.538882 -0.967189 -0.028135
v 0.538871 -0.967027 -0.028135
v 0.538854 -0.966799 -0.028135
v 0.538844 -0.966657 -0.028135
v 0.538814 -0.966245 -0.028135
v 0.538789 -0.965902 -0.028135
v 0.538783 -0.965814 -0.028135
v 0.538713 -0.964843 -0.028135
v 0.538656 -0.964046 -0.028135
v 0.538639 -0.963810 -0.028135
v 0.538544 -0.962466 -0.028135
v 0.538521 -0.962144 -0.028135
v 0.522052 -0.717814 -0.028135
v 0.521943 -0.716092 -0.028135
v 0.522230 -0.720623 -0.028135
v 0.522627 -0.726873 -0.028135
v 0.522423 -0.723672 -0.028135
v 0.523052 -0.733543 -0.028135
v 0.522838 -0.730180 -0.028135
v 0.523067 -0.733769 -0.028135
v 0.523065 -0.733747 -0.028135
v 0.523059 -0.733643 -0.028135
v 0.521222 -0.704650 -0.028135
v 0.501558 -0.329950 -0.028135
v 0.501569 -0.330250 -0.028135
v 0.501588 -0.330753 -0.028135
v 0.501608 -0.331267 -0.028135
v 0.501490 -0.327919 -0.028135
v 0.501504 -0.328358 -0.028135
v 0.497335 -0.209605 -0.028135
v 0.501487 -0.327792 -0.028135
v 0.501519 -0.328812 -0.028135
v 0.501534 -0.329279 -0.028135
v 0.501551 -0.329759 -0.028135
v 0.506997 -0.451880 -0.028135
v 0.507046 -0.452986 -0.028135
v 0.506996 -0.451874 -0.028135
v 0.507093 -0.454009 -0.028135
v 0.501614 -0.331423 -0.028135
v 0.506957 -0.450935 -0.028135
v 0.506973 -0.451321 -0.028135
v 0.514046 -0.584859 -0.028135
v 0.514093 -0.585733 -0.028135
v 0.507144 -0.455033 -0.028135
v 0.507113 -0.454411 -0.028135
v 0.513990 -0.583792 -0.028135
v 0.507111 -0.454357 -0.028135
v 0.514095 -0.585776 -0.028135
v 0.514165 -0.587009 -0.028135
v 0.521065 -0.702046 -0.028135
v 0.514142 -0.586604 -0.028135
v 0.521142 -0.703352 -0.028135
v 0.521151 -0.703485 -0.028135
v 0.497335 0.328812 -0.028135
v 0.497335 0.345350 -0.028135
v 0.516251 0.677559 -0.028135
v 0.516269 0.677841 -0.028135
v 0.516290 0.678141 -0.028135
v 0.516345 0.678924 -0.028135
v 0.516366 0.679229 -0.028135
v 0.516450 0.680350 -0.028135
v 0.508702 0.571359 -0.028135
v 0.508709 0.571493 -0.028135
v 0.508744 0.572143 -0.028135
v 0.508767 0.572547 -0.028135
v 0.508825 0.573525 -0.028135
v 0.508827 0.573552 -0.028135
v 0.508872 0.574248 -0.028135
v 0.502600 0.466635 -0.028135
v 0.502615 0.467013 -0.028135
v 0.502634 0.467450 -0.028135
v 0.502642 0.467627 -0.028135
v 0.502677 0.468390 -0.028135
v 0.502717 0.469197 -0.028135
v 0.502722 0.469292 -0.028135
v 0.498504 0.376830 -0.028135
v 0.498517 0.377204 -0.028135
v 0.498534 0.377643 -0.028135
v 0.498540 0.377797 -0.028135
v 0.519011 0.712635 -0.028135
v 0.519024 0.712796 -0.028135
v 0.519028 0.712850 -0.028135
v 0.518759 0.709519 -0.028135
v 0.518511 0.706439 -0.028135
v 0.518244 0.703111 -0.028135
v 0.517984 0.699857 -0.028135
v 0.517344 0.691786 -0.028135
v 0.517507 0.693850 -0.028135
v 0.517738 0.696759 -0.028135
v 0.797162 0.693851 -0.028135
v 0.797325 0.691787 -0.028135
v 0.796932 0.696760 -0.028135
v 0.796685 0.699858 -0.028135
v 0.795910 0.709520 -0.028135
v 0.795658 0.712636 -0.028135
v 0.795649 0.712748 -0.028135
v 0.795641 0.712850 -0.028135
v 0.796158 0.706440 -0.028135
v 0.796425 0.703112 -0.028135
v 0.606868 1.486346 -0.028135
v 0.586412 1.333089 -0.028135
v 0.606892 1.486530 -0.028135
v 0.586328 1.332451 -0.028135
v 0.606973 1.487140 -0.028135
v 0.607050 1.487719 -0.028135
v 0.607064 1.487816 -0.028135
v 0.607125 1.488269 -0.028135
v 0.607181 1.488682 -0.028135
v 0.607207 1.488876 -0.028135
v 0.585960 1.329557 -0.028135
v 0.586089 1.330587 -0.028135
v 0.568728 1.193061 -0.028135
v 0.586140 1.330991 -0.028135
v 0.586212 1.331550 -0.028135
v 0.586301 1.332243 -0.028135
v 0.568369 1.190042 -0.028135
v 0.568437 1.190634 -0.028135
v 0.568461 1.190841 -0.028135
v 0.553681 1.065493 -0.028135
v 0.568597 1.191989 -0.028135
v 0.568675 1.192629 -0.028135
v 0.553379 1.062755 -0.028135
v 0.553395 1.062911 -0.028135
v 0.553564 1.064461 -0.028135
v 0.553643 1.065156 -0.028135
v 0.540796 0.947056 -0.028135
v 0.540521 0.944316 -0.028135
v 0.529762 0.835492 -0.028135
v 0.540577 0.944884 -0.028135
v 0.540661 0.945744 -0.028135
v 0.540756 0.946669 -0.028135
v 0.529531 0.832921 -0.028135
v 0.529622 0.833963 -0.028135
v 0.529636 0.834128 -0.028135
v 0.529731 0.835152 -0.028135
v 0.631441 1.663158 -0.028135
v 0.631405 1.662906 -0.028135
v 0.631518 1.663705 -0.028135
v 0.631500 1.663575 -0.028135
v 0.631455 1.663254 -0.028135
v 0.631580 1.664140 -0.028135
v 0.631542 1.663870 -0.028135
v 0.631585 1.664176 -0.028135
v 0.631643 1.664584 -0.028135
v 0.631634 1.664517 -0.028135
v 0.631600 1.664280 -0.028135
v 0.631695 1.664949 -0.028135
v 0.631665 1.664739 -0.028135
v 0.631742 1.665281 -0.028135
v 0.631724 1.665153 -0.028135
v 0.631696 1.664951 -0.028135
v 0.631786 1.665584 -0.028135
v 0.631773 1.665494 -0.028135
v 0.631749 1.665328 -0.028135
v 0.631825 1.665863 -0.028135
v 0.631817 1.665807 -0.028135
v 0.631796 1.665654 -0.028135
v 0.631864 1.666131 -0.028135
v 0.631859 1.666100 -0.028135
v 0.631839 1.665955 -0.028135
v 0.631897 1.666364 -0.028135
v 0.631879 1.666242 -0.028135
v 0.631910 1.666460 -0.028135
v 0.631899 1.666382 -0.028135
v 0.631929 1.666592 -0.028135
v 0.631948 1.666725 -0.028135
v 0.631929 1.666593 -0.028135
v 0.631963 1.666825 -0.028135
v 0.631986 1.666990 -0.028135
v 0.631967 1.666857 -0.028135
v 0.631998 1.667073 -0.028135
v 0.632025 1.667265 -0.028135
v 0.632005 1.667125 -0.028135
v 0.657335 1.845350 -0.028135
v 0.632046 1.667411 -0.028135
v 0.630865 1.659029 -0.028135
v 0.630881 1.659145 -0.028135
v 0.607218 1.488957 -0.028135
v 0.630935 1.659534 -0.028135
v 0.630997 1.659983 -0.028135
v 0.631017 1.660135 -0.028135
v 0.630986 1.659905 -0.028135
v 0.631054 1.660400 -0.028135
v 0.631089 1.660653 -0.028135
v 0.631101 1.660736 -0.028135
v 0.631123 1.660893 -0.028135
v 0.631153 1.661107 -0.028135
v 0.631220 1.661587 -0.028135
v 0.631244 1.661760 -0.028135
v 0.631285 1.662050 -0.028135
v 0.631346 1.662488 -0.028135
v 0.631346 1.662489 -0.028135
v 0.631357 1.662564 -0.028135
v 0.521721 0.745350 -0.028135
v 0.785070 0.833713 -0.028135
v 0.785036 0.834091 -0.028135
v 0.784946 0.835082 -0.028135
v 0.792949 0.745350 -0.028135
v 0.785137 0.832942 -0.028135
v 0.785125 0.833078 -0.028135
v 0.774133 0.944465 -0.028135
v 0.774088 0.944937 -0.028135
v 0.773990 0.945923 -0.028135
v 0.784939 0.835152 -0.028135
v 0.774177 0.944006 -0.028135
v 0.773950 0.946320 -0.028135
v 0.761166 1.063912 -0.028135
v 0.761090 1.064608 -0.028135
v 0.761302 1.062645 -0.028135
v 0.773890 0.946895 -0.028135
v 0.773914 0.946669 -0.028135
v 0.761197 1.063632 -0.028135
v 0.746261 1.190385 -0.028135
v 0.746169 1.191174 -0.028135
v 0.746052 1.192157 -0.028135
v 0.760958 1.065768 -0.028135
v 0.760980 1.065576 -0.028135
v 0.761028 1.065156 -0.028135
v 0.728692 1.329693 -0.028135
v 0.745932 1.193137 -0.028135
v 0.745978 1.192761 -0.028135
v 0.728601 1.330421 -0.028135
v 0.745994 1.192629 -0.028135
v 0.728510 1.331146 -0.028135
v 0.707507 1.488544 -0.028135
v 0.707501 1.488590 -0.028135
v 0.707666 1.487368 -0.028135
v 0.707655 1.487450 -0.028135
v 0.707843 1.486030 -0.028135
v 0.728303 1.332742 -0.028135
v 0.728351 1.332380 -0.028135
v 0.728368 1.332243 -0.028135
v 0.707768 1.486606 -0.028135
v 0.707581 1.488004 -0.028135
v 0.683386 1.662045 -0.028135
v 0.683323 1.662487 -0.028135
v 0.683426 1.661760 -0.028135
v 0.683323 1.662488 -0.028135
v 0.683519 1.661089 -0.028135
v 0.683451 1.661579 -0.028135
v 0.683558 1.660813 -0.028135
v 0.683528 1.661024 -0.028135
v 0.683634 1.660263 -0.028135
v 0.683610 1.660440 -0.028135
v 0.683735 1.659535 -0.028135
v 0.683713 1.659694 -0.028135
v 0.683683 1.659909 -0.028135
v 0.683678 1.659945 -0.028135
v 0.683793 1.659109 -0.028135
v 0.707444 1.489010 -0.028135
v 0.707462 1.488876 -0.028135
v 0.683594 1.660552 -0.028135
v 0.682624 1.667411 -0.028135
v 0.682644 1.667265 -0.028135
v 0.682664 1.667125 -0.028135
v 0.682672 1.667073 -0.028135
v 0.682702 1.666857 -0.028135
v 0.682707 1.666825 -0.028135
v 0.682684 1.666990 -0.028135
v 0.682740 1.666593 -0.028135
v 0.682740 1.666592 -0.028135
v 0.682721 1.666725 -0.028135
v 0.682770 1.666382 -0.028135
v 0.682773 1.666364 -0.028135
v 0.682759 1.666460 -0.028135
v 0.682790 1.666242 -0.028135
v 0.682806 1.666131 -0.028135
v 0.682810 1.666100 -0.028135
v 0.682831 1.665955 -0.028135
v 0.682844 1.665863 -0.028135
v 0.682852 1.665807 -0.028135
v 0.682874 1.665654 -0.028135
v 0.682884 1.665584 -0.028135
v 0.682897 1.665494 -0.028135
v 0.682920 1.665328 -0.028135
v 0.682927 1.665281 -0.028135
v 0.682945 1.665153 -0.028135
v 0.682974 1.664951 -0.028135
v 0.682974 1.664949 -0.028135
v 0.683004 1.664739 -0.028135
v 0.683026 1.664584 -0.028135
v 0.683036 1.664517 -0.028135
v 0.683069 1.664280 -0.028135
v 0.683084 1.664176 -0.028135
v 0.683128 1.663870 -0.028135
v 0.683151 1.663705 -0.028135
v 0.683089 1.664140 -0.028135
v 0.683169 1.663575 -0.028135
v 0.683215 1.663254 -0.028135
v 0.683229 1.663158 -0.028135
v 0.683264 1.662906 -0.028135
v 0.683313 1.662564 -0.028135
v 0.795366 0.716232 -0.028135
v 0.795073 0.719818 -0.028135
v 0.794802 0.723124 -0.028135
v 0.795348 0.716455 -0.028135
v 0.794538 0.726326 -0.028135
v 0.794286 0.729374 -0.028135
v 0.793910 0.733905 -0.028135
v 0.794053 0.732182 -0.028135
v 0.520617 0.732185 -0.028135
v 0.520760 0.733908 -0.028135
v 0.520384 0.729377 -0.028135
v 0.519322 0.716457 -0.028135
v 0.519596 0.719820 -0.028135
v 0.519303 0.716232 -0.028135
v 0.519868 0.723126 -0.028135
v 0.520131 0.726328 -0.028135
vn 0.9980 -0.0633 -0.0000
vn 0.9981 -0.0624 -0.0000
vn 0.9980 -0.0637 -0.0000
vn 0.9980 -0.0639 -0.0000
vn 0.9980 -0.0638 -0.0000
vn 0.9982 -0.0607 -0.0000
vn 0.9980 -0.0635 -0.0000
vn 0.9980 -0.0636 -0.0000
vn 0.9981 -0.0623 -0.0000
vn 0.9980 -0.0634 -0.0000
vn 0.9980 -0.0632 -0.0000
vn 0.9980 -0.0629 -0.0000
vn 0.9980 -0.0630 -0.0000
vn 0.9983 -0.0581 0.0006
vn 0.9983 -0.0582 0.0005
vn 0.9983 -0.0585 0.0005
vn 0.9982 -0.0595 0.0002
vn 0.9981 -0.0616 -0.0000
vn 0.9982 -0.0605 0.0001
vn 0.9988 -0.0499 0.0011
vn 0.9987 -0.0504 0.0009
vn 0.9987 -0.0504 0.0010
vn 0.9986 -0.0528 0.0004
vn 0.9986 -0.0531 0.0003
vn 0.9985 -0.0544 0.0001
vn 0.9985 -0.0543 0.0001
vn 0.9983 -0.0584 -0.0000
vn 0.9984 -0.0557 -0.0000
vn 0.9985 -0.0556 -0.0000
vn 0.9991 -0.0424 0.0009
vn 0.9991 -0.0424 0.0007
vn 0.9991 -0.0430 0.0007
vn 0.9990 -0.0454 0.0002
vn 0.9990 -0.0452 0.0002
vn 0.9988 -0.0484 -0.0000
vn 0.9989 -0.0471 -0.0000
vn 0.9988 -0.0483 -0.0000
vn 0.9989 -0.0474 -0.0000
vn 0.9987 -0.0508 -0.0000
vn 0.9987 -0.0507 -0.0000
vn 0.9994 -0.0342 0.0006
vn 0.9994 -0.0334 0.0006
vn 0.9994 -0.0348 0.0005
vn 0.9992 -0.0406 -0.0001
vn 0.9992 -0.0389 -0.0000
vn 0.9992 -0.0409 -0.0001
vn 0.9993 -0.0386 -0.0000
vn 0.9991 -0.0427 -0.0001
vn 0.9994 -0.0340 0.0004
vn 0.9994 -0.0351 -0.0000
vn 0.9991 -0.0432 0.0005
vn 0.9987 -0.0514 0.0006
vn 0.9983 -0.0587 0.0003
vn 1.0000 -0.0000 -0.0000
vn 0.9993 0.0371 -0.0000
vn 0.9993 0.0369 -0.0000
vn 0.9993 0.0368 -0.0000
vn 0.9992 0.0391 -0.0000
vn 0.9990 0.0437 -0.0001
vn 0.9990 0.0441 0.0004
vn 0.9991 0.0435 0.0005
vn 0.9990 0.0450 0.0005
vn 0.9988 0.0486 -0.0000
vn 0.9990 0.0456 0.0004
vn 0.9980 0.0625 0.0001
vn 0.9982 0.0600 0.0002
vn 0.9984 0.0572 0.0007
vn 0.9986 0.0527 0.0017
vn 0.9987 0.0514 0.0020
vn 0.9986 0.0535 -0.0000
vn 0.9985 0.0546 0.0011
vn 0.9986 0.0533 0.0016
vn 0.9983 0.0578 0.0006
vn 0.9974 0.0725 0.0003
vn 0.9975 0.0703 0.0005
vn 0.9977 0.0683 -0.0001
vn 0.9976 0.0689 0.0006
vn 0.9977 0.0678 0.0009
vn 0.9977 0.0676 0.0011
vn 0.9977 0.0681 0.0009
vn 0.9973 0.0729 0.0002
vn 0.9971 0.0765 -0.0000
vn 0.9980 0.0626 0.0001
vn 0.9977 0.0682 -0.0001
vn 0.9992 0.0392 -0.0000
vn 0.9979 -0.0646 -0.0000
vn 0.9979 -0.0647 -0.0000
vn 0.9979 -0.0645 -0.0000
vn 0.9979 -0.0640 -0.0000
vn 0.9979 -0.0648 -0.0000
vn 0.9979 -0.0643 -0.0000
vn 0.9979 -0.0642 -0.0000
vn 0.9979 -0.0641 -0.0000
vn 0.9979 -0.0644 -0.0000
vn 0.9979 -0.0650 -0.0000
vn 0.9975 -0.0710 -0.0000
vn 0.9974 -0.0714 -0.0000
vn 0.9975 -0.0713 0.0001
vn 0.9974 -0.0716 0.0001
vn 0.9974 -0.0719 0.0001
vn 0.9974 -0.0717 0.0002
vn 0.9974 -0.0719 0.0003
vn 0.9974 -0.0720 0.0003
vn 0.9974 -0.0719 0.0002
vn 0.9974 -0.0718 0.0003
vn 0.9974 -0.0718 0.0002
vn 0.9970 -0.0771 0.0003
vn 0.9974 -0.0721 0.0003
vn 0.9974 -0.0723 0.0003
vn 0.9974 -0.0721 0.0001
vn 0.9975 -0.0713 0.0003
vn 0.9974 -0.0715 0.0003
vn 0.9974 -0.0717 0.0003
vn 0.9974 -0.0723 0.0001
vn 0.9975 -0.0707 0.0011
vn 0.9974 -0.0722 0.0002
vn 0.9975 -0.0709 0.0006
vn 0.9974 -0.0719 0.0004
vn 0.9967 -0.0816 0.0003
vn 0.9974 -0.0718 0.0004
vn 0.9973 -0.0728 0.0002
vn 0.9975 -0.0709 0.0002
vn 0.9974 -0.0718 0.0001
vn 0.9975 -0.0710 0.0001
vn 0.9974 -0.0717 0.0001
vn 0.9975 -0.0707 -0.0002
vn 0.9974 -0.0716 -0.0000
vn 0.9974 -0.0723 0.0002
vn 0.9974 -0.0720 -0.0001
vn 0.9975 -0.0710 0.0003
vn 0.9974 -0.0719 0.0008
vn 0.9975 -0.0713 0.0002
vn 0.9975 -0.0712 -0.0000
vn 0.9978 -0.0656 -0.0000
vn 0.9978 -0.0660 -0.0000
vn 0.9978 -0.0664 -0.0000
vn 0.9978 -0.0670 0.0001
vn 0.9978 -0.0668 0.0001
vn 0.9977 -0.0680 0.0003
vn 0.9977 -0.0683 0.0004
vn 0.9977 -0.0684 0.0004
vn 0.9976 -0.0687 0.0005
vn 0.9976 -0.0688 0.0006
vn 0.9976 -0.0691 0.0007
vn 0.9976 -0.0688 0.0004
vn 0.9977 -0.0681 0.0001
vn 0.9975 -0.0700 -0.0000
vn 0.9976 -0.0698 0.0010
vn 0.9976 -0.0694 0.0008
vn 0.9976 -0.0697 0.0009
vn 0.9976 -0.0686 0.0005
vn 0.9977 -0.0676 0.0002
vn 0.9977 -0.0684 0.0003
vn 0.9977 -0.0678 0.0002
vn 0.9978 -0.0666 -0.0000
vn 0.9979 -0.0653 -0.0000
vn 0.9975 -0.0708 -0.0000
vn -0.0000 -1.0000 -0.0000
vn -0.9979 -0.0647 -0.0000
vn -0.9980 -0.0639 -0.0000
vn -0.9979 -0.0641 -0.0000
vn -0.9979 -0.0643 -0.0000
vn -0.9979 -0.0645 -0.0000
vn -0.9980 -0.0640 -0.0000
vn -0.9979 -0.0642 -0.0000
vn -0.9979 -0.0644 -0.0000
vn -0.9979 -0.0648 -0.0000
vn -0.9979 -0.0649 -0.0000
vn -0.9979 -0.0646 -0.0000
vn -0.9976 -0.0698 0.0010
vn -0.9976 -0.0694 0.0008
vn -0.9976 -0.0697 0.0009
vn -0.9976 -0.0688 0.0004
vn -0.9977 -0.0681 0.0001
vn -0.9976 -0.0691 0.0007
vn -0.9976 -0.0688 0.0006
vn -0.9977 -0.0684 0.0004
vn -0.9976 -0.0686 0.0005
vn -0.9977 -0.0683 0.0004
vn -0.9976 -0.0687 0.0005
vn -0.9977 -0.0676 0.0002
vn -0.9977 -0.0680 0.0003
vn -0.9977 -0.0675 0.0002
vn -0.9978 -0.0668 0.0001
vn -0.9978 -0.0667 0.0001
vn -0.9978 -0.0664 -0.0000
vn -0.9979 -0.0653 -0.0000
vn -0.9978 -0.0656 -0.0000
vn -0.9974 -0.0717 0.0001
vn -0.9975 -0.0711 0.0002
vn -0.9974 -0.0715 -0.0001
vn -0.9974 -0.0718 0.0001
vn -0.9975 -0.0710 -0.0000
vn -0.9974 -0.0718 0.0002
vn -0.9975 -0.0707 -0.0002
vn -0.9975 -0.0709 0.0002
vn -0.9974 -0.0719 0.0001
vn -0.9974 -0.0719 0.0002
vn -0.9974 -0.0719 0.0004
vn -0.9975 -0.0710 0.0003
vn -0.9973 -0.0728 0.0002
vn -0.9974 -0.0719 0.0008
vn -0.9974 -0.0718 0.0003
vn -0.9974 -0.0718 0.0004
vn -0.9974 -0.0722 0.0002
vn -0.9975 -0.0713 0.0002
vn -0.9975 -0.0707 0.0011
vn -0.9974 -0.0720 0.0003
vn -0.9974 -0.0719 0.0007
vn -0.9974 -0.0721 0.0003
vn -0.9974 -0.0715 0.0003
vn -0.9975 -0.0713 0.0003
vn -0.9971 -0.0762 0.0006
vn -0.9972 -0.0744 0.0004
vn -0.9974 -0.0723 0.0003
vn -0.9974 -0.0719 0.0003
vn -0.9974 -0.0720 0.0002
vn -0.9974 -0.0722 0.0001
vn -0.9974 -0.0717 0.0002
vn -0.9975 -0.0713 0.0001
vn -0.9974 -0.0716 0.0001
vn -0.9974 -0.0714 -0.0000
vn -0.9974 -0.0723 0.0001
vn -0.9975 -0.0706 -0.0000
vn -0.9975 -0.0712 -0.0000
vn -0.9975 -0.0709 -0.0000
vn -0.9975 -0.0703 -0.0000
vn -0.9975 -0.0708 -0.0000
vn -0.9974 -0.0716 -0.0000
vn -0.9975 -0.0700 -0.0000
vn -0.9980 -0.0632 -0.0000
vn -0.9980 -0.0633 -0.0000
vn -0.9980 -0.0634 -0.0000
vn -0.9980 -0.0635 -0.0000
vn -0.9980 -0.0637 -0.0000
vn -0.9980 -0.0638 -0.0000
vn -0.9980 -0.0629 -0.0000
vn -0.9980 -0.0636 -0.0000
vn -0.9981 -0.0621 -0.0000
vn -0.9981 -0.0622 -0.0000
vn -0.9994 -0.0360 0.0003
vn -0.9993 -0.0368 0.0002
vn -0.9993 -0.0369 0.0002
vn -0.9993 -0.0382 0.0001
vn -0.9993 -0.0384 0.0001
vn -0.9992 -0.0397 -0.0000
vn -0.9992 -0.0398 -0.0000
vn -0.9995 -0.0310 0.0015
vn -0.9995 -0.0316 0.0013
vn -0.9995 -0.0320 0.0012
vn -0.9994 -0.0333 0.0006
vn -0.9994 -0.0351 -0.0000
vn -0.9995 -0.0323 0.0010
vn -0.9995 -0.0308 0.0016
vn -0.9995 -0.0328 0.0009
vn -0.9995 -0.0330 0.0009
vn -0.9994 -0.0341 0.0006
vn -0.9994 -0.0354 0.0004
vn -0.9994 -0.0355 0.0004
vn -0.9993 -0.0362 0.0003
vn -0.9991 -0.0418 0.0009
vn -0.9990 -0.0454 0.0003
vn -0.9990 -0.0456 0.0002
vn -0.9992 -0.0401 0.0014
vn -0.9991 -0.0432 0.0007
vn -0.9988 -0.0481 -0.0000
vn -0.9988 -0.0480 -0.0000
vn -0.9991 -0.0431 0.0005
vn -0.9991 -0.0426 -0.0000
vn -0.9991 -0.0425 -0.0000
vn -0.9991 -0.0424 0.0008
vn -0.9992 -0.0412 0.0012
vn -0.9991 -0.0416 0.0011
vn -0.9991 -0.0422 0.0009
vn -0.9986 -0.0532 0.0003
vn -0.9985 -0.0552 0.0001
vn -0.9985 -0.0543 0.0001
vn -0.9988 -0.0494 -0.0000
vn -0.9987 -0.0512 0.0001
vn -0.9988 -0.0495 -0.0000
vn -0.9986 -0.0526 0.0004
vn -0.9987 -0.0513 0.0001
vn -0.9986 -0.0524 0.0004
vn -0.9986 -0.0529 0.0004
vn -0.9989 -0.0476 -0.0000
vn -0.9984 -0.0564 -0.0000
vn -0.9985 -0.0556 -0.0000
vn -0.9982 -0.0595 0.0002
vn -0.9983 -0.0581 -0.0000
vn -0.9983 -0.0582 -0.0000
vn -0.9984 -0.0565 -0.0000
vn -0.9982 -0.0594 0.0002
vn -0.9982 -0.0602 0.0002
vn -0.9982 -0.0603 0.0001
vn -0.9981 -0.0615 -0.0000
vn -0.9981 -0.0614 -0.0000
vn -0.9988 -0.0491 -0.0000
vn -1.0000 -0.0000 -0.0000
vn -0.9979 0.0655 0.0016
vn -0.9977 0.0671 0.0011
vn -0.9978 0.0661 0.0015
vn -0.9977 0.0684 0.0009
vn -0.9976 0.0690 0.0008
vn -0.9975 0.0701 0.0005
vn -0.9975 0.0702 0.0005
vn -0.9971 0.0764 -0.0000
vn -0.9974 0.0727 0.0002
vn -0.9974 0.0723 0.0003
vn -0.9986 0.0536 0.0014
vn -0.9984 0.0558 0.0007
vn -0.9986 0.0537 0.0013
vn -0.9983 0.0578 0.0006
vn -0.9985 0.0552 0.0011
vn -0.9983 0.0582 0.0005
vn -0.9980 0.0639 -0.0000
vn -0.9979 0.0644 -0.0000
vn -0.9978 0.0664 -0.0001
vn -0.9981 0.0616 0.0001
vn -0.9977 0.0676 -0.0000
vn -0.9977 0.0677 -0.0000
vn -0.9985 0.0548 0.0011
vn -0.9991 0.0413 0.0012
vn -0.9991 0.0424 0.0008
vn -0.9991 0.0414 0.0011
vn -0.9991 0.0427 0.0009
vn -0.9991 0.0426 0.0008
vn -0.9989 0.0475 0.0002
vn -0.9990 0.0444 0.0006
vn -0.9989 0.0477 0.0002
vn -0.9987 0.0514 -0.0000
vn -0.9987 0.0511 -0.0000
vn -0.9984 0.0559 -0.0000
vn -0.9985 0.0556 -0.0000
vn -0.9990 0.0441 0.0006
vn -0.9993 0.0366 0.0001
vn -0.9993 0.0365 0.0001
vn -0.9993 0.0368 0.0001
vn -0.9992 0.0387 -0.0000
vn -0.9993 0.0387 -0.0000
vn -0.9991 0.0428 -0.0000
vn -0.9991 0.0427 -0.0000
vn -0.9993 0.0364 0.0001
vn -0.9993 0.0371 -0.0000
vn -0.9991 0.0434 0.0006
vn -0.9984 0.0565 0.0006
vn -0.9977 0.0684 0.0008
vn -0.9969 0.0791 -0.0000
vn -0.9968 0.0802 -0.0001
vn -0.9968 0.0797 -0.0000
vn -0.9969 0.0790 -0.0000
vn -0.9968 0.0796 -0.0000
vn -0.9968 0.0805 -0.0001
vn -0.9968 0.0801 -0.0001
vn -0.9968 0.0798 -0.0001
vn -0.9968 0.0795 -0.0001
vn -0.9969 0.0783 -0.0000
vn -0.9969 0.0788 -0.0000
vn -0.9969 0.0789 -0.0000
vn -0.9968 0.0794 -0.0001
vn -0.9968 0.0799 -0.0001
vn 0.9969 0.0788 -0.0000
vn 0.9969 0.0783 -0.0000
vn 0.9969 0.0791 -0.0000
vn 0.9968 0.0794 -0.0001
vn 0.9968 0.0798 -0.0001
vn 0.9968 0.0805 -0.0001
vn 0.9968 0.0804 -0.0001
vn 0.9968 0.0793 -0.0001
vn 0.9969 0.0785 -0.0000
vn 0.9969 0.0789 -0.0000
vn 0.9968 0.0802 -0.0001
vn 0.9968 0.0801 -0.0001
vn 0.9968 0.0795 -0.0001
vn -0.9913 0.1315 0.0004
vn -0.9914 0.1311 0.0001
vn -0.9914 0.1308 0.0005
vn -0.9914 0.1309 0.0006
vn -0.9914 0.1309 0.0005
vn -0.9916 0.1293 -0.0000
vn -0.9912 0.1322 0.0003
vn -0.9911 0.1333 0.0001
vn -0.9910 0.1342 -0.0000
vn -0.9910 0.1337 0.0001
vn -0.9910 0.1340 -0.0000
vn -0.9910 0.1339 0.0001
vn -0.9909 0.1347 -0.0000
vn -0.9909 0.1344 -0.0000
vn -0.9908 0.1353 -0.0000
vn -0.9922 0.1249 0.0004
vn -0.9922 0.1244 0.0004
vn -0.9922 0.1250 0.0003
vn -0.9922 0.1247 0.0003
vn -0.9924 0.1232 0.0001
vn -0.9919 0.1273 0.0001
vn -0.9920 0.1261 0.0001
vn -0.9918 0.1274 0.0001
vn -0.9920 0.1262 0.0001
vn -0.9917 0.1284 -0.0000
vn -0.9917 0.1285 -0.0000
vn -0.9934 0.1144 0.0008
vn -0.9934 0.1147 0.0006
vn -0.9934 0.1150 0.0008
vn -0.9932 0.1168 0.0004
vn -0.9931 0.1173 0.0003
vn -0.9933 0.1155 0.0005
vn -0.9934 0.1151 -0.0000
vn -0.9928 0.1194 0.0001
vn -0.9928 0.1195 0.0001
vn -0.9927 0.1210 -0.0000
vn -0.9926 0.1211 -0.0000
vn -0.9945 0.1050 0.0009
vn -0.9944 0.1053 0.0009
vn -0.9944 0.1059 0.0008
vn -0.9939 0.1104 0.0001
vn -0.9939 0.1107 0.0001
vn -0.9936 0.1130 -0.0001
vn -0.9936 0.1132 -0.0001
vn -0.9944 0.1058 0.0007
vn -0.9945 0.1052 -0.0000
vn -0.9952 0.0979 0.0003
vn -0.9955 0.0951 -0.0000
vn -0.9952 0.0977 0.0003
vn -0.9953 0.0973 0.0004
vn -0.9947 0.1026 -0.0001
vn -0.9950 0.1002 0.0001
vn -0.9947 0.1025 -0.0001
vn -0.9950 0.0998 0.0002
vn -0.9962 0.0868 0.0005
vn -0.9962 0.0876 0.0003
vn -0.9962 0.0871 0.0004
vn -0.9958 0.0919 -0.0001
vn -0.9960 0.0898 0.0002
vn -0.9960 0.0892 0.0002
vn -0.9902 0.1396 -0.0000
vn -0.9901 0.1401 -0.0000
vn -0.9901 0.1403 -0.0000
vn -0.9901 0.1404 -0.0000
vn -0.9901 0.1402 -0.0000
vn -0.9902 0.1398 -0.0000
vn -0.9900 0.1412 -0.0001
vn -0.9901 0.1405 0.0001
vn -0.9901 0.1403 0.0001
vn -0.9900 0.1414 -0.0001
vn -0.9901 0.1407 0.0001
vn -0.9901 0.1405 -0.0000
vn -0.9901 0.1406 0.0001
vn -0.9900 0.1408 0.0001
vn -0.9900 0.1410 0.0001
vn -0.9866 0.1629 -0.0016
vn -0.9900 0.1409 0.0001
vn -0.9899 0.1417 0.0001
vn -0.9902 0.1399 0.0003
vn -0.9853 0.1707 -0.0023
vn -0.9901 0.1404 0.0003
vn -0.9901 0.1403 0.0002
vn -0.9899 0.1417 -0.0000
vn -0.9902 0.1397 -0.0001
vn -0.9900 0.1411 0.0002
vn -0.9901 0.1406 0.0002
vn -0.9900 0.1411 0.0003
vn -0.9904 0.1384 -0.0002
vn -0.9902 0.1395 -0.0000
vn -0.9898 0.1427 0.0001
vn -0.9900 0.1408 0.0002
vn -0.9900 0.1410 0.0002
vn -0.9900 0.1408 -0.0000
vn -0.9896 0.1436 -0.0000
vn -0.9961 0.0877 -0.0000
vn -0.9894 0.1453 0.0001
vn -0.9986 0.0532 0.0001
vn -0.9901 0.1402 0.0001
vn -0.9890 0.1481 0.0001
vn -0.9901 0.1404 0.0001
vn -0.9902 0.1394 -0.0000
vn -0.9902 0.1397 0.0001
vn -0.9900 0.1413 0.0003
vn -0.9899 0.1417 0.0003
vn -0.0000 1.0000 -0.0000
vn -0.9900 0.1411 0.0001
vn -0.9908 0.1357 0.0008
vn -0.9907 0.1358 0.0005
vn -0.9908 0.1355 0.0007
vn -0.9906 0.1368 0.0003
vn -0.9905 0.1377 -0.0000
vn -0.9907 0.1362 0.0006
vn -0.9907 0.1364 0.0005
vn -0.9906 0.1370 0.0003
vn -0.9906 0.1368 0.0004
vn -0.9905 0.1372 0.0004
vn -0.9906 0.1369 0.0004
vn -0.9907 0.1364 0.0004
vn -0.9905 0.1373 0.0003
vn -0.9905 0.1377 0.0002
vn -0.9906 0.1367 0.0004
vn -0.9905 0.1376 0.0002
vn -0.9904 0.1379 0.0002
vn -0.9904 0.1385 0.0001
vn -0.9905 0.1378 0.0002
vn -0.9903 0.1387 0.0001
vn -0.9903 0.1391 0.0001
vn -0.9903 0.1389 -0.0000
vn -0.9903 0.1392 -0.0000
vn -0.9902 0.1397 -0.0000
vn -0.9975 0.0706 -0.0000
vn -0.9900 0.1414 -0.0000
vn -0.9904 0.1382 0.0001
vn -0.9961 0.0880 0.0002
vn -0.9963 0.0863 -0.0000
vn -0.9955 0.0952 -0.0000
vn -0.9944 0.1054 -0.0000
vn 0.9960 0.0889 0.0002
vn 0.9962 0.0869 0.0004
vn 0.9962 0.0870 0.0004
vn 0.9957 0.0930 -0.0000
vn 0.9960 0.0891 0.0002
vn 0.9963 0.0863 -0.0000
vn 0.9962 0.0871 0.0004
vn 0.9963 0.0860 0.0006
vn 0.9963 0.0857 0.0007
vn 0.9963 0.0856 0.0007
vn 0.9953 0.0967 0.0006
vn 0.9955 0.0951 0.0009
vn 0.9955 0.0950 0.0009
vn 0.9949 0.1005 0.0001
vn 0.9953 0.0971 0.0005
vn 0.9953 0.0966 -0.0000
vn 0.9953 0.0970 0.0004
vn 0.9953 0.0965 0.0005
vn 0.9947 0.1024 -0.0000
vn 0.9949 0.1007 0.0001
vn 0.9938 0.1108 0.0001
vn 0.9940 0.1091 0.0001
vn 0.9940 0.1093 0.0001
vn 0.9942 0.1072 0.0003
vn 0.9944 0.1053 -0.0000
vn 0.9942 0.1074 0.0004
vn 0.9943 0.1069 0.0004
vn 0.9942 0.1076 0.0004
vn 0.9931 0.1169 0.0003
vn 0.9932 0.1163 0.0004
vn 0.9932 0.1165 0.0003
vn 0.9928 0.1199 -0.0000
vn 0.9931 0.1172 0.0003
vn 0.9935 0.1141 -0.0000
vn 0.9932 0.1163 0.0001
vn 0.9935 0.1140 -0.0000
vn 0.9937 0.1125 -0.0000
vn 0.9936 0.1125 -0.0000
vn 0.9932 0.1164 0.0001
vn 0.9922 0.1250 0.0002
vn 0.9924 0.1234 0.0001
vn 0.9926 0.1213 -0.0000
vn 0.9926 0.1216 -0.0000
vn 0.9922 0.1246 0.0003
vn 0.9922 0.1249 0.0003
vn 0.9926 0.1211 -0.0000
vn 0.9920 0.1261 0.0002
vn 0.9908 0.1350 -0.0000
vn 0.9908 0.1354 -0.0000
vn 0.9909 0.1346 -0.0000
vn 0.9911 0.1333 0.0001
vn 0.9911 0.1330 0.0002
vn 0.9912 0.1326 0.0002
vn 0.9913 0.1315 0.0004
vn 0.9913 0.1315 0.0001
vn 0.9913 0.1313 0.0001
vn 0.9916 0.1290 -0.0000
vn 0.9916 0.1294 -0.0000
vn 0.9918 0.1278 -0.0000
vn 0.9918 0.1279 -0.0000
vn 0.9914 0.1310 0.0005
vn 0.9914 0.1311 0.0005
vn 0.9914 0.1312 0.0005
vn 0.9910 0.1338 0.0001
vn 0.9910 0.1335 0.0001
vn 0.9910 0.1339 0.0001
vn 0.9902 0.1394 -0.0000
vn 0.9903 0.1389 -0.0000
vn 0.9901 0.1402 -0.0000
vn 0.9903 0.1391 -0.0001
vn 0.9903 0.1387 0.0001
vn 0.9904 0.1382 0.0001
vn 0.9904 0.1380 0.0001
vn 0.9904 0.1381 0.0002
vn 0.9905 0.1378 0.0002
vn 0.9903 0.1388 0.0002
vn 0.9903 0.1390 0.0001
vn 0.9905 0.1374 0.0003
vn 0.9906 0.1369 0.0003
vn 0.9905 0.1372 0.0003
vn 0.9906 0.1365 0.0005
vn 0.9907 0.1358 0.0006
vn 0.9907 0.1362 0.0006
vn 0.9906 0.1366 0.0005
vn 0.9907 0.1363 0.0005
vn 0.9906 0.1369 0.0004
vn 0.9907 0.1358 0.0002
vn 0.9906 0.1370 0.0003
vn 0.9905 0.1377 -0.0000
vn 0.9909 0.1348 -0.0000
vn 0.9906 0.1365 0.0004
vn 0.9907 0.1362 0.0002
vn 0.9905 0.1375 0.0002
vn 0.9905 0.1372 0.0002
vn 0.9905 0.1377 0.0002
vn 0.9900 0.1409 0.0001
vn 0.9900 0.1411 0.0001
vn 0.9900 0.1413 0.0003
vn 0.9900 0.1410 0.0001
vn 0.9899 0.1417 0.0002
vn 0.9902 0.1398 -0.0000
vn 0.9902 0.1394 0.0001
vn 0.9901 0.1402 0.0001
vn 0.9901 0.1404 -0.0000
vn 0.9902 0.1399 -0.0003
vn 0.9733 0.2294 0.0118
vn 0.9903 0.1391 -0.0005
vn 0.9900 0.1408 0.0001
vn 0.9580 0.2860 0.0195
vn 0.9900 0.1410 0.0002
vn 0.9896 0.1435 -0.0001
vn 0.9898 0.1427 -0.0000
vn 0.9900 0.1408 -0.0000
vn 0.9900 0.1411 0.0002
vn 0.9900 0.1408 0.0002
vn 0.9907 0.1362 -0.0003
vn 0.9904 0.1380 -0.0000
vn 0.9901 0.1405 -0.0000
vn 0.9902 0.1397 -0.0000
vn 0.9900 0.1412 0.0002
vn 0.9901 0.1406 0.0002
vn 0.9900 0.1411 0.0003
vn 0.9900 0.1409 0.0002
vn 0.9899 0.1417 0.0001
vn 0.9902 0.1399 0.0003
vn 0.9853 0.1707 -0.0023
vn 0.9866 0.1629 -0.0016
vn 0.9902 0.1396 0.0003
vn 0.9901 0.1406 0.0001
vn 0.9900 0.1407 0.0001
vn 0.9901 0.1405 0.0001
vn 0.9902 0.1396 -0.0000
vn 0.9901 0.1407 0.0001
vn 0.9901 0.1406 -0.0000
vn 0.9901 0.1400 -0.0000
vn 0.9901 0.1401 -0.0000
vn 0.9902 0.1399 -0.0000
vn 0.9902 0.1395 -0.0000
vn 0.9907 0.1358 -0.0000
vn 0.9920 0.1262 0.0001
vn 0.9938 0.1109 -0.0000
vn 0.9957 0.0928 -0.0000
vn 0.9953 0.0967 -0.0000
vn 0.9967 0.0810 -0.0000
vn 0.9967 0.0815 -0.0001
vn 0.9966 0.0819 -0.0001
vn 0.9967 0.0816 -0.0001
vn 0.9966 0.0822 -0.0001
vn 0.9966 0.0820 -0.0001
vn 0.9966 0.0823 -0.0000
vn 0.9966 0.0824 -0.0000
vn 0.9966 0.0826 -0.0000
vn 0.9965 0.0833 -0.0000
vn 0.9965 0.0832 -0.0000
vn 0.9966 0.0828 -0.0000
vn 0.9966 0.0827 -0.0000
vn 0.9965 0.0830 -0.0000
vn -0.9965 0.0832 -0.0000
vn -0.9966 0.0829 -0.0000
vn -0.9966 0.0828 -0.0000
vn -0.9966 0.0827 -0.0000
vn -0.9966 0.0826 -0.0000
vn -0.9967 0.0816 -0.0001
vn -0.9966 0.0819 -0.0001
vn -0.9966 0.0821 -0.0001
vn -0.9967 0.0810 -0.0000
vn -0.9967 0.0815 -0.0001
vn -0.9966 0.0823 -0.0000
vn -0.9965 0.0833 -0.0000
vn -0.9963 0.0862 -0.0000
vn -0.0001 -0.0000 -1.0000
vn -0.0000 -0.0000 1.0000
vn 0.9975 -0.0703 -0.0000
vn 0.9975 -0.0702 -0.0000
vn -0.9979 -0.0650 -0.0000
vn -0.9980 -0.0631 -0.0000
vn -0.9913 0.1313 0.0001
vn -0.9902 0.1396 0.0003
vn -0.9901 0.1406 -0.0000
vn -0.9906 0.1369 -0.0000
vn 0.9963 0.0862 -0.0000
vn 0.9907 0.1363 -0.0000
vn 0.9903 0.1392 -0.0000
vn 0.9903 0.1393 -0.0000
vn 0.9908 0.1352 -0.0000
vn 0.9908 0.1351 -0.0000
vn -0.9967 0.0812 -0.0000
vn 0.0028 -0.0000 -1.0000
vn -0.3881 -0.0000 -0.9216
vn -0.0000 -0.0000 -1.0000
vn -0.0002 -0.0000 -1.0000
vn 0.0021 -0.0000 -1.0000
vn 0.0029 -0.0000 -1.0000
vn 0.0003 -0.0000 -1.0000
vn -0.0024 -0.0000 -1.0000
vn -0.0096 -0.0000 -1.0000
vn 0.1280 -0.0000 -0.9918
vn -0.1104 -0.0000 -0.9939
vn 0.9701 -0.0000 -0.2425
vn -0.1465 -0.0000 -0.9892
vn -0.0598 -0.0000 -0.9982
vn 0.0374 -0.0000 -0.9993
vn -0.0243 -0.0000 -0.9997
vn 0.0109 -0.0000 -0.9999
vn -0.0003 -0.0000 -1.0000
vn 0.0312 -0.0000 -0.9995
vn 0.0001 -0.0000 -1.0000
vn 0.6247 -0.0000 -0.7809
vn 0.0007 -0.0000 -1.0000
vn -0.0005 -0.0000 -1.0000
vn -0.0006 -0.0000 -1.0000
vn -0.0016 -0.0000 -1.0000
vn 0.0018 -0.0000 -1.0000
vn 0.0088 -0.0000 -1.0000
vn 0.0026 -0.0000 -1.0000
vn -0.0058 -0.0000 -1.0000
vn -0.0045 -0.0000 -1.0000
vn -0.0014 -0.0000 -1.0000
vn 0.0084 -0.0000 -1.0000
vn -0.0029 -0.0000 -1.0000
vn 0.0043 -0.0000 -1.0000
vn -0.0055 -0.0000 -1.0000
vn 0.3285 -0.0000 -0.9445
vn -0.0015 -0.0000 -1.0000
vn -0.0008 -0.0000 -1.0000
vn -0.0062 -0.0000 -1.0000
vn -0.0413 -0.0000 -0.9991
vn 0.0555 -0.0000 -0.9985
vn 0.0533 -0.0000 -0.9986
vn -0.0078 -0.0000 -1.0000
vn 0.0256 -0.0000 -0.9997
vn -0.7071 -0.0000 -0.7071
vn -0.1366 -0.0000 -0.9906
vn 0.1240 -0.0000 -0.9923
vn 0.1414 -0.0000 -0.9899
vn 0.0454 -0.0000 -0.9990
vn -0.0157 -0.0000 -0.9999
vn 0.0113 -0.0000 -0.9999
vn -0.0092 -0.0000 -1.0000
vn 0.0010 -0.0000 -1.0000
vn -0.0384 -0.0000 -0.9993
vn 0.4472 -0.0000 -0.8944
vn 0.2425 -0.0000 -0.9701
vn -0.0065 -0.0000 -1.0000
vn 0.0665 -0.0000 -0.9978
vn 0.9864 -0.0000 -0.1644
vn 0.0086 -0.0000 -1.0000
vn 0.0107 -0.0000 -0.9999
vn -0.9829 -0.0000 -0.1843
vn -0.2290 -0.0000 -0.9734
vn 0.0138 -0.0000 -0.9999
vn -0.5241 -0.0000 -0.8517
vn -0.5547 -0.0000 -0.8321
vn -0.0320 -0.0000 -0.9995
vn -0.5812 -0.0000 -0.8137
vn 0.5547 -0.0000 -0.8321
vn 0.0128 -0.0000 -0.9999
vn 0.0038 -0.0000 -1.0000
vn 0.0062 -0.0000 -1.0000
vn -0.0018 -0.0000 -1.0000
vn -0.0074 -0.0000 -1.0000
vn -0.0010 -0.0000 -1.0000
vn -0.0039 -0.0000 -1.0000
vn 0.0995 -0.0000 -0.9950
vn 0.0019 -0.0000 -1.0000
vn 0.0005 -0.0000 -1.0000
vn -0.0004 -0.0000 -1.0000
vn 0.0230 -0.0000 -0.9997
vn 0.0562 -0.0000 -0.9984
vn -0.0278 -0.0000 -0.9996
vn -0.0113 -0.0000 -0.9999
vn -0.9417 -0.0000 -0.3363
vn -0.3672 -0.0000 -0.9302
vn -0.2060 -0.0000 -0.9785
vn 0.0773 -0.0000 -0.9970
vn -0.2591 -0.0000 -0.9658
vn 0.0112 -0.0000 -0.9999
vn -0.8944 -0.0000 -0.4472
vn -0.9655 -0.0000 0.2604
vn 0.3162 -0.0000 -0.9487
vn -0.6247 -0.0000 -0.7809
vn -0.4472 -0.0000 -0.8944
vn -0.0856 -0.0000 -0.9963
vn -0.1414 -0.0000 -0.9899
vn -0.0995 -0.0000 -0.9950
vn 0.0002 -0.0000 -1.0000
vn -0.0416 -0.0000 -0.9991
vn -0.0274 -0.0000 -0.9996
vn -0.0103 -0.0000 -0.9999
vn 0.0036 -0.0000 -1.0000
vn 0.1815 -0.0000 -0.9834
vn 0.7071 -0.0000 -0.7071
vn -0.0011 -0.0000 -1.0000
vn 0.0406 -0.0000 -0.9992
vn -0.0294 -0.0000 -0.9996
vn 0.0065 -0.0000 -1.0000
vn 0.1006 -0.0000 -0.9949
vn -0.0031 -0.0000 -1.0000
vn 0.0076 -0.0000 -1.0000
vn -0.9844 -0.0000 -0.1758
vn 0.0015 -0.0000 -1.0000
vn 0.0644 -0.0000 -0.9979
vn -0.0007 -0.0000 -1.0000
vn 0.0008 -0.0000 -1.0000
vn 0.0050 -0.0000 -1.0000
vn -0.6000 -0.0000 -0.8000
vn -0.0926 -0.0000 -0.9957
vn -0.0057 -0.0000 -1.0000
vn 0.2356 -0.0000 -0.9719
vn -0.0251 -0.0000 -0.9997
vn 0.0093 -0.0000 -1.0000
vn -0.0038 -0.0000 -1.0000
vn -0.0131 -0.0000 -0.9999
vn 0.5241 -0.0000 -0.8517
vn -0.0071 -0.0000 -1.0000
vn 0.0039 -0.0000 -1.0000
vn -0.0009 -0.0000 -1.0000
vn 0.0017 -0.0000 -1.0000
vn 0.0012 -0.0000 -1.0000
vn -0.0025 -0.0000 -1.0000
vn 0.0004 -0.0000 -1.0000
vn 0.0011 -0.0000 -1.0000
vn 0.7761 -0.0000 -0.6306
vn 0.0044 -0.0000 -1.0000
vn -0.0357 -0.0000 -0.9994
vn 0.0291 -0.0000 -0.9996
vn 0.0304 -0.0000 -0.9995
vn -0.0013 -0.0000 -1.0000
vn -0.3560 -0.0000 -0.9345
vn 0.7526 -0.0000 -0.6585
vn -0.2425 -0.0000 0.9701
vn 0.0147 -0.0000 0.9999
vn -0.0247 -0.0000 0.9997
vn -0.0066 -0.0000 1.0000
vn 0.0238 -0.0000 0.9997
vn 0.0050 -0.0000 1.0000
vn 0.0093 -0.0000 1.0000
vn 0.0031 -0.0000 1.0000
vn -0.0411 -0.0000 0.9992
vn -0.0008 -0.0000 1.0000
vn -0.0036 -0.0000 1.0000
vn -0.0052 -0.0000 1.0000
vn 0.0132 -0.0000 0.9999
vn -0.0037 -0.0000 1.0000
vn 0.0002 -0.0000 1.0000
vn -0.0006 -0.0000 1.0000
vn 0.0012 -0.0000 1.0000
vn 0.0024 -0.0000 1.0000
vn 0.0023 -0.0000 1.0000
vn -0.0010 -0.0000 1.0000
vn 0.0001 -0.0000 1.0000
vn -0.0012 -0.0000 1.0000
vn -0.0001 -0.0000 1.0000
vn 0.0013 -0.0000 1.0000
vn 0.0069 -0.0000 1.0000
vn 0.0294 -0.0000 0.9996
vn 0.0109 -0.0000 0.9999
vn -0.0312 -0.0000 0.9995
vn 0.1240 -0.0000 0.9923
vn 0.4472 -0.0000 0.8944
vn 0.0250 -0.0000 0.9997
vn -0.0250 -0.0000 0.9997
vn -0.0042 -0.0000 1.0000
vn -0.0007 -0.0000 1.0000
vn 0.0044 -0.0000 1.0000
vn -0.0005 -0.0000 1.0000
vn -0.0021 -0.0000 1.0000
vn 0.0010 -0.0000 1.0000
vn -0.0002 -0.0000 1.0000
vn 0.0043 -0.0000 1.0000
vn 0.0019 -0.0000 1.0000
vn 0.0017 -0.0000 1.0000
vn -0.0040 -0.0000 1.0000
vn 0.0041 -0.0000 1.0000
vn 0.0008 -0.0000 1.0000
vn -0.0044 -0.0000 1.0000
vn 0.0030 -0.0000 1.0000
vn -0.0027 -0.0000 1.0000
vn 0.0004 -0.0000 1.0000
vn 0.0161 -0.0000 0.9999
vn -0.1644 -0.0000 0.9864
vn -0.1240 -0.0000 0.9923
vn 0.0003 -0.0000 1.0000
vn 0.0830 -0.0000 0.9965
vn 0.2040 -0.0000 0.9790
vn -0.0375 -0.0000 0.9993
vn -0.0016 -0.0000 1.0000
vn 0.0021 -0.0000 1.0000
vn -0.0004 -0.0000 1.0000
vn -0.0022 -0.0000 1.0000
vn 0.0995 -0.0000 0.9950
vn 0.1644 -0.0000 0.9864
vn -0.0073 -0.0000 1.0000
vn 0.0046 -0.0000 1.0000
vn 0.0555 -0.0000 0.9985
vn -0.0227 -0.0000 0.9997
vn -0.3162 -0.0000 0.9487
vn -0.0278 -0.0000 0.9996
vn -0.0057 -0.0000 1.0000
vn -0.1240 -0.0000 -0.9923
vn 0.0624 -0.0000 0.9981
vn -0.0416 -0.0000 0.9991
vn -0.0156 -0.0000 0.9999
vn -0.3964 -0.0000 0.9181
vn 0.0076 -0.0000 1.0000
vn -0.0093 -0.0000 1.0000
vn 0.0499 -0.0000 0.9988
vn -0.0499 -0.0000 0.9988
vn -0.0125 -0.0000 0.9999
vn -0.0246 -0.0000 0.9997
vn 0.0139 -0.0000 0.9999
vn 0.0945 -0.0000 0.9955
vn 0.0208 -0.0000 0.9998
vn -0.2958 -0.0000 0.9553
vn -0.0238 -0.0000 0.9997
vn -0.0116 -0.0000 0.9999
vn 0.0077 -0.0000 1.0000
vn -0.0003 -0.0000 1.0000
vn -0.0011 -0.0000 1.0000
vn 0.0526 -0.0000 0.9986
vn -0.0091 -0.0000 1.0000
vn 0.0416 -0.0000 0.9991
vn 0.0071 -0.0000 1.0000
vn 0.0480 -0.0000 0.9988
vn 0.0104 -0.0000 0.9999
vn 0.0022 -0.0000 1.0000
vn -0.0053 -0.0000 1.0000
vn 0.0018 -0.0000 1.0000
vn 0.0160 -0.0000 0.9999
vn 0.0053 -0.0000 1.0000
vn -0.0079 -0.0000 1.0000
vn 0.0055 -0.0000 1.0000
vn 0.0070 -0.0000 1.0000
vn 0.0570 -0.0000 0.9984
vn 0.0061 -0.0000 1.0000
vn 0.0068 -0.0000 1.0000
vn -0.0013 -0.0000 1.0000
vn -0.0624 -0.0000 0.9981
vn 0.0624 -0.0000 -0.9981
vn 0.0005 -0.0000 1.0000
vn -0.0567 -0.0000 0.9984
vn -0.0076 -0.0000 1.0000
vn 0.0011 -0.0000 1.0000
vn 0.0033 -0.0000 1.0000
vn 0.0037 -0.0000 1.0000
vn 0.0038 -0.0000 1.0000
vn 0.0036 -0.0000 1.0000
vn -0.0019 -0.0000 1.0000
vn -0.0047 -0.0000 1.0000
vn 0.0007 -0.0000 1.0000
vn 0.0125 -0.0000 0.9999
vn -0.0045 -0.0000 1.0000
vn 0.0009 -0.0000 1.0000
vn 0.0312 -0.0000 0.9995
vn 0.0089 -0.0000 1.0000
vn -0.0208 -0.0000 0.9998
vn 0.0051 -0.0000 1.0000
vn -0.0048 -0.0000 1.0000
vt 0.999993 0.354816
vt 0.999997 0.975376
vt 0.999998 0.975376
vt 0.345811 0.354816
vt 0.000000 0.975376
vt 0.000000 0.354816
vt 0.999999 0.354816
vt 0.992954 0.975376
vt 0.999999 0.354816
vt 0.999998 0.975376
vt 0.999873 0.354816
vt 0.999955 0.975376
vt 0.999976 0.975376
vt 0.999881 0.354816
vt 0.999997 0.975376
vt 0.999859 0.354816
vt 0.999916 0.975376
vt 0.999935 0.975376
vt 0.999866 0.354816
vt 0.999935 0.975376
vt 0.999955 0.975376
vt 0.999841 0.354816
vt 0.999815 0.975376
vt 0.999887 0.975376
vt 0.999845 0.354816
vt 0.999887 0.975376
vt 0.999898 0.975376
vt 0.999852 0.354816
vt 0.999916 0.975376
vt 0.999907 0.354816
vt 0.999997 0.975376
vt 0.875450 0.353694
vt 0.993905 0.975333
vt 0.995246 0.975333
vt 0.925719 0.353694
vt 0.995246 0.975333
vt 0.997165 0.975333
vt 1.000000 0.353694
vt 0.997786 0.975333
vt 1.000000 0.975333
vt 0.941993 0.353694
vt 0.597437 0.353693
vt 0.754425 0.975333
vt 0.755328 0.975333
vt 0.666666 0.353693
vt 0.757970 0.975333
vt 0.702269 0.353693
vt 0.757970 0.975333
vt 0.759329 0.975333
vt 0.761593 0.353693
vt 0.760382 0.975333
vt 0.761593 0.975333
vt 0.729849 0.353694
vt 0.759329 0.975333
vt 0.760382 0.975333
vt 0.360743 0.353694
vt 0.487441 0.975333
vt 0.489371 0.975333
vt 0.434983 0.353694
vt 0.489371 0.975333
vt 0.492204 0.975333
vt 0.469317 0.353694
vt 0.492721 0.975333
vt 0.493515 0.975333
vt 0.448523 0.353694
vt 0.492721 0.975333
vt 0.494475 0.353693
vt 0.494475 0.975333
vt 0.139174 0.353694
vt 0.238720 0.975333
vt 0.242048 0.975333
vt 0.238989 0.353693
vt 0.245105 0.975333
vt 0.245857 0.975333
vt 0.219280 0.353694
vt 0.246130 0.353693
vt 0.245857 0.975333
vt 0.246130 0.975333
vt 0.051981 0.353694
vt 0.000000 0.975333
vt 0.238720 0.975333
vt 0.310186 0.353693
vt 0.573781 0.353693
vt 0.754425 0.975333
vt 0.840304 0.353693
vt 0.761593 0.975333
vt 1.000000 0.030105
vt 0.788806 0.788806
vt 0.030105 0.030105
vt 0.030105 0.030105
vt 0.000000 0.788806
vt 0.000000 0.030105
vt 1.000000 0.974762
vt 0.979552 0.338724
vt 0.906092 0.974762
vt 0.920968 0.338724
vt 0.906092 0.974762
vt 0.903178 0.974762
vt 0.841283 0.338723
vt 0.638170 0.974762
vt 0.742353 0.338724
vt 0.638170 0.974762
vt 0.841283 0.338723
vt 0.687997 0.338724
vt 0.634394 0.974762
vt 0.357597 0.338724
vt 0.320176 0.974762
vt 0.405254 0.338724
vt 0.449641 0.338724
vt 0.325429 0.974762
vt 0.542882 0.338724
vt 0.630110 0.974762
vt 0.546381 0.338724
vt 0.325562 0.974762
vt 0.325562 0.974762
vt 0.546381 0.338724
vt 0.321870 0.974762
vt 0.449641 0.338724
vt 0.080442 0.338724
vt 0.004955 0.974762
vt 0.129821 0.338724
vt 0.316800 0.974762
vt 0.219692 0.338723
vt 0.008385 0.974762
vt 0.171926 0.338724
vt 0.008385 0.974762
vt 0.219692 0.338723
vt 0.129821 0.338724
vt 0.006562 0.974762
vt 0.171926 0.338724
vt 0.003070 0.974762
vt 0.000000 0.338724
vt 0.000000 0.974762
vt 0.318357 0.974762
vt 0.316800 0.338723
vt 0.632320 0.974762
vt 0.630111 0.338724
vt 0.903857 0.974762
vt 0.903178 0.338723
vt 0.863151 0.339485
vt 0.648321 0.974791
vt 0.884080 0.339485
vt 0.833642 0.339485
vt 0.584827 0.974791
vt 0.863151 0.339485
vt 0.802215 0.339485
vt 0.495303 0.974791
vt 0.833642 0.339485
vt 0.672617 0.339485
vt 0.102644 0.974791
vt 0.704215 0.339485
vt 0.436791 0.339485
vt 0.006784 0.974791
vt 0.672617 0.339485
vt 0.004408 0.974791
vt 0.000002 0.339485
vt 0.000006 0.974791
vt 0.197409 0.974791
vt 0.735451 0.339485
vt 0.735451 0.339485
vt 0.299822 0.974791
vt 0.769208 0.339485
vt 0.399957 0.974791
vt 0.802215 0.339485
vt 1.000000 0.974791
vt 0.648321 0.974791
vt 0.613331 0.321078
vt 0.504938 0.974088
vt 0.629385 0.321078
vt 0.683684 0.321078
vt 0.509532 0.974088
vt 0.749747 0.321078
vt 0.807131 0.321078
vt 0.512090 0.974088
vt 0.816771 0.321078
vt 0.779063 0.321078
vt 0.511722 0.974088
vt 0.755701 0.321078
vt 0.510651 0.974088
vt 0.779063 0.321078
vt 0.843306 0.321078
vt 0.513529 0.974088
vt 0.854488 0.321078
vt 0.832296 0.321078
vt 0.513103 0.974088
vt 0.843306 0.321078
vt 0.816771 0.321078
vt 0.512682 0.974088
vt 0.832296 0.321078
vt 0.509759 0.974088
vt 0.755701 0.321078
vt 0.878993 0.321078
vt 0.514525 0.974088
vt 0.880566 0.321078
vt 0.867381 0.321078
vt 0.514465 0.974088
vt 0.855497 0.321078
vt 0.514021 0.974088
vt 0.867381 0.321078
vt 0.901558 0.321078
vt 0.515343 0.974088
vt 0.902010 0.321078
vt 0.890370 0.321078
vt 0.515326 0.974088
vt 0.901558 0.321078
vt 0.880566 0.321078
vt 0.514899 0.974088
vt 0.890370 0.321078
vt 0.854488 0.321078
vt 0.513568 0.974088
vt 0.913553 0.321078
vt 0.516117 0.974088
vt 0.922291 0.321078
vt 0.933554 0.321078
vt 0.516769 0.974088
vt 0.939369 0.321078
vt 0.923628 0.321078
vt 0.516547 0.974088
vt 0.933554 0.321078
vt 0.949160 0.321078
vt 0.517458 0.974088
vt 0.957419 0.321078
vt 0.943323 0.321078
vt 0.517143 0.974088
vt 0.959466 0.321078
vt 0.517930 0.974088
vt 0.969789 0.321078
vt 0.969789 0.321078
vt 0.518149 0.974088
vt 0.975530 0.321078
vt 0.957419 0.321078
vt 0.517536 0.974088
vt 0.959466 0.321078
vt 1.000000 0.974088
vt 0.985009 0.321078
vt 0.518511 0.974088
vt 0.980296 0.321078
vt 0.518511 0.974088
vt 0.985008 0.321078
vt 0.518331 0.974088
vt 0.980296 0.321078
vt 0.516920 0.974088
vt 0.943322 0.321078
vt 0.922291 0.321078
vt 0.516168 0.974088
vt 0.923628 0.321078
vt 0.902010 0.321078
vt 0.515784 0.974088
vt 0.913554 0.321078
vt 0.629385 0.321078
vt 0.507010 0.974088
vt 0.683684 0.321078
vt 0.521907 0.321078
vt 0.504325 0.974088
vt 0.613331 0.321078
vt 0.003296 0.321078
vt 0.001529 0.974088
vt 0.040072 0.321078
vt 0.072675 0.321078
vt 0.003392 0.974088
vt 0.088871 0.321078
vt 0.153875 0.321078
vt 0.007664 0.974088
vt 0.200812 0.321078
vt 0.248187 0.321078
vt 0.010120 0.974088
vt 0.265161 0.321078
vt 0.357630 0.321078
vt 0.498919 0.974088
vt 0.471688 0.321078
vt 0.500000 0.321078
vt 0.500000 0.974088
vt 0.330708 0.321078
vt 0.013649 0.974088
vt 0.357630 0.321078
vt 0.012622 0.974088
vt 0.330708 0.321078
vt 0.200812 0.321078
vt 0.009472 0.974088
vt 0.248188 0.321078
vt 0.142281 0.321078
vt 0.005873 0.974088
vt 0.153875 0.321078
vt 0.088871 0.321078
vt 0.005430 0.974088
vt 0.142281 0.321078
vt 0.040072 0.321078
vt 0.002774 0.974088
vt 0.072675 0.321078
vt 0.000126 0.974088
vt 0.000000 0.321078
vt 0.000000 0.974088
vt 0.500836 0.974088
vt 0.500000 0.321078
vt 0.000000 0.037021
vt 0.029983 0.970017
vt 0.962978 0.037022
vt 0.962978 0.037022
vt 1.000000 0.970017
vt 1.000000 0.037021
vt 0.562802 0.339485
vt 0.993216 0.974791
vt 0.995588 0.974791
vt 0.999998 0.339485
vt 0.995588 0.974791
vt 0.999994 0.974791
vt 0.295785 0.339485
vt 0.802591 0.974791
vt 0.897355 0.974791
vt 0.264549 0.339485
vt 0.700178 0.974791
vt 0.802591 0.974791
vt 0.230792 0.339485
vt 0.600043 0.974791
vt 0.115920 0.339485
vt 0.000000 0.974791
vt 0.351679 0.974791
vt 0.136849 0.339485
vt 0.415173 0.974791
vt 0.166358 0.339485
vt 0.415173 0.974791
vt 0.504697 0.974791
vt 0.197785 0.339485
vt 0.504697 0.974791
vt 0.600043 0.974791
vt 0.327383 0.339485
vt 0.993216 0.974791
vt 0.330708 0.321078
vt 0.013649 0.974088
vt 0.012622 0.974088
vt 0.357630 0.321078
vt 0.013649 0.974088
vt 0.265161 0.321078
vt 0.012622 0.974088
vt 0.010120 0.974088
vt 0.009472 0.974088
vt 0.007664 0.974088
vt 0.248187 0.321078
vt 0.010120 0.974088
vt 0.009472 0.974088
vt 0.005873 0.974088
vt 0.005430 0.974088
vt 0.007664 0.974088
vt 0.005873 0.974088
vt 0.005430 0.974088
vt 0.003392 0.974088
vt 0.002774 0.974088
vt 0.001529 0.974088
vt 0.003392 0.974088
vt 0.002774 0.974088
vt 0.000000 0.321078
vt 0.000000 0.974088
vt 0.003296 0.321078
vt 0.000126 0.974088
vt 0.980296 0.321078
vt 0.518331 0.974088
vt 0.975530 0.321078
vt 0.957419 0.321078
vt 0.517536 0.974088
vt 0.517458 0.974088
vt 0.959466 0.321078
vt 0.517930 0.974088
vt 0.943323 0.321078
vt 0.517143 0.974088
vt 0.939370 0.321078
vt 0.516920 0.974088
vt 0.516769 0.974088
vt 0.923628 0.321078
vt 0.516547 0.974088
vt 0.516117 0.974088
vt 0.933554 0.321078
vt 0.516547 0.974088
vt 0.949160 0.321078
vt 0.517458 0.974088
vt 0.517143 0.974088
vt 0.518149 0.974088
vt 0.517930 0.974088
vt 0.902010 0.321078
vt 0.515784 0.974088
vt 0.515343 0.974088
vt 0.913553 0.321078
vt 0.516117 0.974088
vt 0.515784 0.974088
vt 0.890370 0.321078
vt 0.515326 0.974088
vt 0.514899 0.974088
vt 0.514525 0.974088
vt 0.514465 0.974088
vt 0.514021 0.974088
vt 0.855497 0.321078
vt 0.514021 0.974088
vt 0.854488 0.321078
vt 0.513568 0.974088
vt 0.513103 0.974088
vt 0.512682 0.974088
vt 0.816771 0.321078
vt 0.512090 0.974088
vt 0.843306 0.321078
vt 0.513103 0.974088
vt 0.779063 0.321078
vt 0.511722 0.974088
vt 0.755701 0.321078
vt 0.509759 0.974088
vt 0.509759 0.974088
vt 0.807131 0.321078
vt 0.511722 0.974088
vt 0.629385 0.321078
vt 0.504938 0.974088
vt 0.683684 0.321078
vt 0.509532 0.974088
vt 0.901558 0.321078
vt 0.515326 0.974088
vt 0.000113 0.975193
vt 0.000155 0.350028
vt 0.000102 0.975193
vt 0.000102 0.975193
vt 0.350841 0.350028
vt 0.982749 0.975193
vt 0.986513 0.975193
vt 0.353252 0.350028
vt 0.989504 0.975193
vt 0.991668 0.975193
vt 0.354489 0.350028
vt 0.992970 0.975193
vt 0.347636 0.350028
vt 0.999919 0.975193
vt 0.992896 0.975193
vt 0.356477 0.350028
vt 0.992991 0.975193
vt 0.347636 0.350028
vt 0.356477 0.350028
vt 0.999905 0.350028
vt 0.999898 0.975193
vt 0.999919 0.975193
vt 0.354024 0.350028
vt 0.991668 0.975193
vt 0.982749 0.975193
vt 0.352185 0.350028
vt 0.000159 0.350028
vt 0.000185 0.975193
vt 0.000185 0.350028
vt 0.243155 0.975116
vt 0.184078 0.347998
vt 0.243762 0.975116
vt 0.210696 0.347998
vt 0.244777 0.975116
vt 0.237867 0.347998
vt 0.245814 0.975116
vt 0.239050 0.975116
vt 0.083897 0.347998
vt 0.239938 0.975116
vt 0.053946 0.347998
vt 0.000000 0.975116
vt 0.000000 0.347998
vt 0.238795 0.975116
vt 0.060641 0.347998
vt 0.239050 0.975116
vt 0.107916 0.347998
vt 0.240855 0.975116
vt 0.240855 0.975116
vt 0.132648 0.347998
vt 0.241799 0.975116
vt 0.158049 0.347998
vt 0.242768 0.975116
vt 0.242768 0.975116
vt 0.168174 0.347998
vt 0.489471 0.975116
vt 0.421900 0.347998
vt 0.491705 0.975116
vt 0.489459 0.975116
vt 0.363377 0.347998
vt 0.491705 0.975116
vt 0.476031 0.347998
vt 0.493771 0.975116
vt 0.313320 0.347998
vt 0.246130 0.975116
vt 0.246130 0.347998
vt 0.487561 0.975116
vt 0.333773 0.347998
vt 0.488342 0.975116
vt 0.488341 0.975116
vt 0.363054 0.347998
vt 0.489459 0.975116
vt 0.758069 0.975116
vt 0.715515 0.347998
vt 0.759835 0.975116
vt 0.497337 0.347998
vt 0.495840 0.975116
vt 0.494584 0.975116
vt 0.612771 0.347998
vt 0.530256 0.347998
vt 0.755913 0.975116
vt 0.669251 0.347998
vt 0.494475 0.347998
vt 0.494475 0.975116
vt 0.759835 0.975116
vt 0.717789 0.347998
vt 0.759922 0.975116
vt 0.862206 0.347998
vt 0.762411 0.975116
vt 0.783012 0.347998
vt 0.761593 0.347998
vt 0.762411 0.975116
vt 0.761593 0.975116
vt 0.994741 0.975116
vt 0.931298 0.347998
vt 0.997378 0.975116
vt 0.997378 0.975116
vt 0.938363 0.347998
vt 0.997648 0.975116
vt 1.000000 0.347998
vt 0.997648 0.975116
vt 0.938363 0.347998
vt 0.761593 0.347998
vt 0.494475 0.347998
vt 0.245814 0.975116
vt 0.000000 0.780821
vt 0.029801 0.029801
vt 0.000000 0.029801
vt 0.780821 0.780821
vt 1.000000 0.029801
vt 0.029801 0.029801
vt 0.196238 0.336127
vt 0.008332 0.974663
vt 0.007490 0.974663
vt 0.172790 0.336127
vt 0.007490 0.974663
vt 0.006595 0.974663
vt 0.111504 0.336127
vt 0.006595 0.974663
vt 0.004256 0.974663
vt 0.000000 0.336127
vt 0.003346 0.974663
vt 0.000000 0.974663
vt 0.087667 0.336127
vt 0.004256 0.974663
vt 0.532279 0.336127
vt 0.325426 0.974663
vt 0.325024 0.974663
vt 0.449861 0.336127
vt 0.323083 0.974663
vt 0.321879 0.974663
vt 0.371264 0.336127
vt 0.318960 0.974663
vt 0.318879 0.974663
vt 0.373391 0.336127
vt 0.321879 0.974663
vt 0.316800 0.336127
vt 0.318879 0.974663
vt 0.316800 0.974663
vt 0.481429 0.336127
vt 0.325024 0.974663
vt 0.808345 0.336127
vt 0.638040 0.974663
vt 0.636913 0.974663
vt 0.774196 0.336127
vt 0.635610 0.974663
vt 0.700630 0.336127
vt 0.635079 0.974663
vt 0.632802 0.974663
vt 0.637574 0.336127
vt 0.630395 0.974663
vt 0.630110 0.336127
vt 0.630395 0.974663
vt 0.630110 0.974663
vt 0.760293 0.336127
vt 0.635610 0.974663
vt 0.949496 0.336127
vt 0.906063 0.974663
vt 0.904945 0.974663
vt 0.915171 0.336127
vt 0.903635 0.974663
vt 0.903178 0.336127
vt 0.903635 0.974663
vt 0.903178 0.974663
vt 0.978779 0.336127
vt 1.000000 0.974663
vt 0.837870 0.336127
vt 0.638040 0.974663
vt 0.542799 0.336127
vt 0.325426 0.974663
vt 0.218322 0.336127
vt 0.008332 0.974663
vt 0.834236 0.342819
vt 0.993360 0.974918
vt 0.998315 0.974918
vt 0.999995 0.342819
vt 0.998315 0.974918
vt 0.999985 0.974918
vt 0.309510 0.342819
vt 0.802709 0.974918
vt 0.897482 0.974918
vt 0.276826 0.342819
vt 0.700307 0.974918
vt 0.802709 0.974918
vt 0.241511 0.342819
vt 0.600181 0.974918
vt 0.121337 0.342819
vt 0.000000 0.974918
vt 0.351839 0.974918
vt 0.143235 0.342819
vt 0.351839 0.974918
vt 0.415336 0.974918
vt 0.174107 0.342819
vt 0.504855 0.974918
vt 0.206981 0.342819
vt 0.600181 0.974918
vt 0.342575 0.342819
vt 0.993360 0.974918
vt 0.000477 0.347194
vt 0.000361 0.975085
vt 0.000489 0.347194
vt 0.000460 0.347194
vt 0.000326 0.975085
vt 0.000441 0.347194
vt 0.000276 0.975085
vt 0.000460 0.347194
vt 0.000365 0.347194
vt 0.000057 0.975085
vt 0.000384 0.347194
vt 0.000174 0.347194
vt 0.000004 0.975085
vt 0.000365 0.347194
vt 0.000002 0.975085
vt 0.646254 0.347194
vt 0.006513 0.975085
vt 0.000384 0.347194
vt 0.000110 0.975085
vt 0.000402 0.347194
vt 0.000402 0.347194
vt 0.000167 0.975085
vt 0.000422 0.347194
vt 0.000422 0.347194
vt 0.000223 0.975085
vt 0.000441 0.347194
vt 0.000558 0.975085
vt 0.000361 0.975085
vt 0.384439 0.479112
vt 0.465814 0.980120
vt 0.326465 0.980120
vt 0.380066 0.479112
vt 0.326465 0.980120
vt 0.326298 0.980120
vt 0.465814 0.980120
vt 0.461628 0.479112
vt 0.466394 0.980120
vt 0.365535 0.479112
vt 0.326298 0.980120
vt 0.325743 0.980120
vt 0.351724 0.479112
vt 0.325743 0.980120
vt 0.325216 0.980120
vt 0.338630 0.479112
vt 0.325128 0.980120
vt 0.324717 0.980120
vt 0.349411 0.479112
vt 0.325216 0.980120
vt 0.325128 0.980120
vt 0.328789 0.479112
vt 0.324717 0.980120
vt 0.324341 0.980120
vt 0.324164 0.479112
vt 0.324164 0.980120
vt 0.506020 0.479112
vt 0.469025 0.980120
vt 0.468089 0.980120
vt 0.530560 0.479112
vt 0.593119 0.980120
vt 0.483073 0.479112
vt 0.467722 0.980120
vt 0.467213 0.980120
vt 0.496409 0.479112
vt 0.468089 0.980120
vt 0.466584 0.479112
vt 0.467213 0.980120
vt 0.466584 0.980120
vt 0.641027 0.479112
vt 0.595863 0.980120
vt 0.595325 0.980120
vt 0.636100 0.479112
vt 0.595325 0.980120
vt 0.595137 0.980120
vt 0.655119 0.479112
vt 0.709079 0.980120
vt 0.595863 0.980120
vt 0.608748 0.479112
vt 0.594093 0.980120
vt 0.593512 0.479112
vt 0.593512 0.980120
vt 0.762836 0.479112
vt 0.711567 0.980120
vt 0.711426 0.980120
vt 0.725921 0.479112
vt 0.711426 0.980120
vt 0.710017 0.980120
vt 0.709386 0.479111
vt 0.710017 0.980120
vt 0.709386 0.980120
vt 0.766548 0.479112
vt 0.816723 0.980120
vt 0.711567 0.980120
vt 0.873113 0.479112
vt 0.918101 0.980120
vt 0.819212 0.980120
vt 0.859584 0.479112
vt 0.819212 0.980120
vt 0.818696 0.980120
vt 0.817073 0.479111
vt 0.817914 0.980120
vt 0.817074 0.980120
vt 0.839108 0.479112
vt 0.818696 0.980120
vt 0.817915 0.980120
vt 0.946711 0.479112
vt 0.920437 0.980120
vt 0.919490 0.980120
vt 0.918410 0.479112
vt 0.919341 0.980120
vt 0.918410 0.980120
vt 0.942796 0.479112
vt 0.919341 0.980120
vt 0.165683 0.980120
vt 0.158068 0.479112
vt 0.165912 0.980120
vt 0.165186 0.980120
vt 0.142125 0.479112
vt 0.165304 0.980120
vt 0.165304 0.980120
vt 0.149766 0.479112
vt 0.165596 0.980120
vt 0.164790 0.980120
vt 0.135104 0.479112
vt 0.165036 0.980120
vt 0.164757 0.980120
vt 0.128663 0.479112
vt 0.164790 0.980120
vt 0.139038 0.479112
vt 0.165596 0.980120
vt 0.152064 0.479112
vt 0.165683 0.980120
vt 0.164387 0.980120
vt 0.119689 0.479112
vt 0.164448 0.980120
vt 0.125331 0.479112
vt 0.164663 0.980120
vt 0.164054 0.980120
vt 0.114383 0.479112
vt 0.164245 0.980120
vt 0.163753 0.980120
vt 0.104522 0.479112
vt 0.163869 0.980120
vt 0.163869 0.980120
vt 0.109347 0.479112
vt 0.164053 0.980120
vt 0.109347 0.479112
vt 0.164054 0.980120
vt 0.164245 0.980120
vt 0.118093 0.479112
vt 0.163477 0.980120
vt 0.096405 0.479112
vt 0.163559 0.980120
vt 0.100360 0.479112
vt 0.163710 0.980120
vt 0.163710 0.980120
vt 0.101485 0.479112
vt 0.163753 0.980120
vt 0.163224 0.980120
vt 0.088946 0.479112
vt 0.163274 0.980120
vt 0.163274 0.980120
vt 0.092586 0.479112
vt 0.163413 0.980120
vt 0.162979 0.980120
vt 0.081957 0.479112
vt 0.163008 0.980120
vt 0.163008 0.980120
vt 0.085408 0.479112
vt 0.163139 0.980120
vt 0.163139 0.980120
vt 0.087617 0.479112
vt 0.162768 0.980120
vt 0.078574 0.479112
vt 0.162878 0.980120
vt 0.162878 0.980120
vt 0.081211 0.479112
vt 0.162979 0.980120
vt 0.163413 0.980120
vt 0.094252 0.479112
vt 0.163477 0.980120
vt 0.164663 0.980120
vt 0.127804 0.479112
vt 0.164757 0.980120
vt 0.162681 0.980120
vt 0.075236 0.479112
vt 0.162751 0.980120
vt 0.162560 0.980120
vt 0.073390 0.479112
vt 0.162681 0.980120
vt 0.162439 0.980120
vt 0.070211 0.479112
vt 0.162559 0.980120
vt 0.162348 0.980120
vt 0.067060 0.479112
vt 0.162559 0.980120
vt 0.070225 0.479112
vt 0.162560 0.980120
vt 0.162198 0.980120
vt 0.063915 0.479112
vt 0.162319 0.980120
vt 0.162123 0.980120
vt 0.060749 0.479112
vt 0.162198 0.980120
vt 0.162319 0.980120
vt 0.064676 0.479112
vt 0.162348 0.980120
vt 0.161948 0.980120
vt 0.057526 0.479112
vt 0.162075 0.980120
vt 0.050718 0.479112
vt 0.000000 0.980120
vt 0.000000 0.479112
vt 0.161815 0.980120
vt 0.054201 0.479112
vt 0.161948 0.980120
vt 0.162075 0.980120
vt 0.058774 0.479112
vt 0.162123 0.980120
vt 0.075674 0.479112
vt 0.162768 0.980120
vt 0.247671 0.479112
vt 0.169437 0.980120
vt 0.169332 0.980120
vt 0.250427 0.479112
vt 0.324091 0.980120
vt 0.169437 0.980120
vt 0.238405 0.479112
vt 0.169332 0.980120
vt 0.168979 0.980120
vt 0.224097 0.479112
vt 0.168570 0.980120
vt 0.168433 0.980120
vt 0.227706 0.479112
vt 0.168642 0.980120
vt 0.168570 0.980120
vt 0.217768 0.479112
vt 0.168433 0.980120
vt 0.168191 0.980120
vt 0.229574 0.479112
vt 0.168642 0.980120
vt 0.211740 0.479112
vt 0.168191 0.980120
vt 0.167961 0.980120
vt 0.206019 0.479112
vt 0.167886 0.980120
vt 0.167743 0.980120
vt 0.209765 0.479112
vt 0.167886 0.980120
vt 0.189502 0.479112
vt 0.167548 0.980120
vt 0.167112 0.980120
vt 0.185380 0.479112
vt 0.167112 0.980120
vt 0.166955 0.980120
vt 0.168017 0.479112
vt 0.166691 0.980120
vt 0.166292 0.980120
vt 0.166224 0.479112
vt 0.166291 0.980120
vt 0.166224 0.980120
vt 0.166292 0.980120
vt 0.178471 0.479112
vt 0.166691 0.980120
vt 0.200917 0.479112
vt 0.167743 0.980120
vt 0.167548 0.980120
vt 0.324091 0.980120
vt 0.322244 0.479112
vt 0.971515 0.479112
vt 1.000000 0.980120
vt 0.918410 0.479112
vt 0.918101 0.980120
vt 0.910310 0.479112
vt 0.817074 0.479112
vt 0.807877 0.479112
vt 0.709386 0.479111
vt 0.701342 0.479112
vt 0.593512 0.479112
vt 0.593119 0.980120
vt 0.583218 0.479112
vt 0.466584 0.479112
vt 0.466394 0.980120
vt 0.461628 0.479112
vt 0.943660 0.479644
vt 0.919718 0.980140
vt 0.952670 0.479644
vt 0.920081 0.479644
vt 0.919374 0.980140
vt 1.000000 0.980140
vt 0.971028 0.479644
vt 0.920418 0.980140
vt 0.967780 0.479644
vt 0.971028 0.479644
vt 0.952670 0.479644
vt 0.920294 0.980140
vt 0.967780 0.479644
vt 0.858312 0.479644
vt 0.819077 0.980140
vt 0.869567 0.479644
vt 0.834836 0.479644
vt 0.818647 0.980140
vt 0.858312 0.479644
vt 0.918410 0.980140
vt 0.880489 0.479644
vt 0.819494 0.980140
vt 0.819494 0.980140
vt 0.880489 0.479644
vt 0.825402 0.479644
vt 0.817751 0.980140
vt 0.834836 0.479644
vt 0.722438 0.479644
vt 0.710516 0.980140
vt 0.739008 0.479644
vt 0.769184 0.479644
vt 0.816869 0.980140
vt 0.811709 0.479644
vt 0.817074 0.479643
vt 0.816869 0.980140
vt 0.817074 0.980140
vt 0.745683 0.479644
vt 0.711668 0.980140
vt 0.739008 0.479644
vt 0.710771 0.980140
vt 0.745683 0.479644
vt 0.628163 0.479644
vt 0.595551 0.980140
vt 0.646962 0.479644
vt 0.604768 0.479644
vt 0.594834 0.980140
vt 0.628163 0.479644
vt 0.699383 0.479644
vt 0.708829 0.980140
vt 0.709004 0.980140
vt 0.709386 0.479644
vt 0.709004 0.980140
vt 0.709386 0.980140
vt 0.708829 0.980140
vt 0.694798 0.479644
vt 0.527327 0.479644
vt 0.593050 0.980140
vt 0.581421 0.479644
vt 0.590375 0.479644
vt 0.593050 0.980140
vt 0.593392 0.980140
vt 0.509973 0.479644
vt 0.468902 0.980140
vt 0.527327 0.479644
vt 0.593512 0.479643
vt 0.593392 0.980140
vt 0.593512 0.980140
vt 0.492710 0.479644
vt 0.468240 0.980140
vt 0.330969 0.479644
vt 0.324466 0.980140
vt 0.332066 0.479644
vt 0.358143 0.479644
vt 0.325535 0.980140
vt 0.360087 0.479644
vt 0.391959 0.479644
vt 0.466130 0.980140
vt 0.454698 0.479644
vt 0.463319 0.479644
vt 0.466459 0.980140
vt 0.466584 0.479644
vt 0.466584 0.980140
vt 0.378248 0.479644
vt 0.326752 0.980140
vt 0.391959 0.479644
vt 0.360087 0.479644
vt 0.326229 0.980140
vt 0.344946 0.479644
vt 0.325461 0.980140
vt 0.332066 0.479644
vt 0.324958 0.980140
vt 0.344946 0.479644
vt 0.168057 0.479644
vt 0.166696 0.980140
vt 0.178586 0.479644
vt 0.178586 0.479644
vt 0.166955 0.980140
vt 0.185380 0.479644
vt 0.168017 0.479644
vt 0.166294 0.980140
vt 0.168057 0.479644
vt 0.189679 0.479644
vt 0.167564 0.980140
vt 0.201352 0.479644
vt 0.202904 0.479644
vt 0.167815 0.980140
vt 0.207924 0.479644
vt 0.201352 0.479644
vt 0.167624 0.980140
vt 0.202904 0.479644
vt 0.185380 0.479644
vt 0.167119 0.980140
vt 0.189679 0.479644
vt 0.216819 0.479644
vt 0.168316 0.980140
vt 0.221045 0.479644
vt 0.234605 0.479644
vt 0.168977 0.980140
vt 0.238372 0.479644
vt 0.229483 0.479644
vt 0.168834 0.980140
vt 0.234605 0.479644
vt 0.228603 0.479644
vt 0.168638 0.980140
vt 0.229483 0.479643
vt 0.248526 0.479644
vt 0.324043 0.980140
vt 0.320983 0.479644
vt 0.324164 0.479644
vt 0.324043 0.980140
vt 0.324164 0.980140
vt 0.238372 0.479644
vt 0.169365 0.980140
vt 0.248526 0.479644
vt 0.168604 0.980140
vt 0.228603 0.479644
vt 0.214164 0.479644
vt 0.168155 0.980140
vt 0.216819 0.479644
vt 0.207924 0.479644
vt 0.168053 0.980140
vt 0.054201 0.479644
vt 0.161815 0.980140
vt 0.161948 0.980140
vt 0.058774 0.479644
vt 0.162075 0.980140
vt 0.162123 0.980140
vt 0.057526 0.479644
vt 0.161948 0.980140
vt 0.162075 0.980140
vt 0.064676 0.479644
vt 0.162319 0.980140
vt 0.162348 0.980140
vt 0.063915 0.479644
vt 0.162198 0.980140
vt 0.070211 0.479644
vt 0.162560 0.980140
vt 0.070225 0.479644
vt 0.070211 0.479644
vt 0.162439 0.980140
vt 0.162559 0.980140
vt 0.067060 0.479644
vt 0.162348 0.980140
vt 0.162439 0.980140
vt 0.060749 0.479644
vt 0.162123 0.980140
vt 0.162198 0.980140
vt 0.075674 0.479644
vt 0.162751 0.980140
vt 0.162768 0.980140
vt 0.075236 0.479644
vt 0.162681 0.980140
vt 0.162751 0.980140
vt 0.081211 0.479644
vt 0.162878 0.980140
vt 0.162979 0.980140
vt 0.085408 0.479644
vt 0.163008 0.980140
vt 0.163139 0.980140
vt 0.087617 0.479644
vt 0.163139 0.980140
vt 0.163224 0.980140
vt 0.081957 0.479644
vt 0.162979 0.980140
vt 0.163008 0.980140
vt 0.092586 0.479644
vt 0.163274 0.980140
vt 0.163413 0.980140
vt 0.094252 0.479644
vt 0.163413 0.980140
vt 0.163477 0.980140
vt 0.088946 0.479644
vt 0.163224 0.980140
vt 0.163274 0.980140
vt 0.100360 0.479644
vt 0.163559 0.980140
vt 0.163710 0.980140
vt 0.101485 0.479644
vt 0.163710 0.980140
vt 0.163753 0.980140
vt 0.109347 0.479644
vt 0.163869 0.980140
vt 0.164053 0.980140
vt 0.164054 0.980140
vt 0.109376 0.479644
vt 0.104522 0.479644
vt 0.163753 0.980140
vt 0.163869 0.980140
vt 0.118093 0.479644
vt 0.164245 0.980140
vt 0.164387 0.980140
vt 0.125331 0.479644
vt 0.164448 0.980140
vt 0.164663 0.980140
vt 0.127804 0.479644
vt 0.164663 0.980140
vt 0.164757 0.980140
vt 0.119689 0.479644
vt 0.164387 0.980140
vt 0.164448 0.980140
vt 0.114383 0.479644
vt 0.164054 0.980140
vt 0.164245 0.980140
vt 0.139038 0.479644
vt 0.165036 0.980140
vt 0.165186 0.980140
vt 0.135106 0.479644
vt 0.164790 0.980140
vt 0.149771 0.479644
vt 0.165304 0.980140
vt 0.165596 0.980140
vt 0.152064 0.479644
vt 0.165596 0.980140
vt 0.165683 0.980140
vt 0.166224 0.479644
vt 0.165913 0.980140
vt 0.166224 0.980140
vt 0.158075 0.479644
vt 0.165683 0.980140
vt 0.165913 0.980140
vt 0.142129 0.479644
vt 0.165186 0.980140
vt 0.165304 0.980140
vt 0.128663 0.479644
vt 0.164757 0.980140
vt 0.164790 0.980140
vt 0.096405 0.479644
vt 0.078574 0.479644
vt 0.162768 0.980140
vt 0.162878 0.980140
vt 0.073390 0.479644
vt 0.162681 0.980140
vt 0.050718 0.479644
vt 0.000000 0.980140
vt 0.166292 0.980140
vt 0.324424 0.980140
vt 0.324164 0.479644
vt 0.467581 0.980140
vt 0.466584 0.980140
vt 0.593941 0.980140
vt 0.593512 0.479644
vt 0.709884 0.980140
vt 0.709386 0.479643
vt 0.817391 0.980140
vt 0.918474 0.980140
vt 0.918410 0.479644
vt 0.918410 0.980140
vt 0.999979 0.355090
vt 0.006513 0.975387
vt 0.646254 0.355090
vt 0.999602 0.355090
vt 0.999824 0.975387
vt 0.999880 0.975387
vt 0.999623 0.355090
vt 0.999880 0.975387
vt 0.999938 0.975387
vt 0.999581 0.355090
vt 0.999769 0.975387
vt 0.999824 0.975387
vt 0.999561 0.355090
vt 0.999716 0.975387
vt 0.999514 0.355090
vt 0.999442 0.975387
vt 0.999639 0.975387
vt 0.999525 0.355090
vt 0.999668 0.975386
vt 0.999542 0.355090
vt 0.999979 0.355090
vt 0.999942 0.975386
vt 0.000035 0.975159
vt 0.000150 0.349118
vt 0.000005 0.975159
vt 0.000005 0.975159
vt 0.351994 0.349118
vt 0.982780 0.975159
vt 0.991580 0.975159
vt 0.355597 0.349118
vt 0.992844 0.975159
vt 0.999742 0.349118
vt 0.992844 0.975159
vt 0.355597 0.349118
vt 0.999721 0.975159
vt 0.999779 0.975159
vt 0.989456 0.975159
vt 0.355145 0.349118
vt 0.991580 0.975159
vt 0.986504 0.975159
vt 0.354385 0.349118
vt 0.982780 0.975159
vt 0.353328 0.349118
vt 0.000161 0.349118
vt 0.000231 0.975159
vt 0.000231 0.349118
vt 0.329992 0.655300
vt 0.329579 0.659205
vt 0.329082 0.663400
vt 0.691748 0.522866
vt 0.691761 0.522910
vt 0.691805 0.523063
vt 0.999907 0.354816
vt 0.992954 0.975376
vt 0.999993 0.354816
vt 0.999866 0.354816
vt 0.999873 0.354816
vt 0.999852 0.354816
vt 0.999815 0.354816
vt 0.999841 0.354816
vt 0.999845 0.354816
vt 0.999881 0.354816
vt 0.875450 0.353694
vt 0.941993 0.353694
vt 0.925719 0.353693
vt 0.573781 0.353693
vt 0.597437 0.353693
vt 0.666666 0.353694
vt 0.702269 0.353693
vt 0.310186 0.353693
vt 0.360743 0.353694
vt 0.448523 0.353694
vt 0.469317 0.353693
vt 0.051981 0.353694
vt 0.219280 0.353694
vt 0.139174 0.353694
vt 0.238989 0.353693
vt 0.000000 0.353694
vt 0.246130 0.353693
vt 0.494475 0.353693
vt 1.000000 0.788806
vt 1.000000 0.338724
vt 0.903857 0.974762
vt 0.903178 0.338723
vt 0.634394 0.974762
vt 0.632320 0.974762
vt 0.318357 0.974762
vt 0.630110 0.338724
vt 0.325429 0.974762
vt 0.003070 0.974762
vt 0.316800 0.338723
vt 0.006562 0.974762
vt 0.004955 0.974762
vt 0.080442 0.338724
vt 0.687997 0.338724
vt 0.920968 0.338724
vt 0.584827 0.974791
vt 0.495303 0.974791
vt 0.399957 0.974791
vt 0.006784 0.974791
vt 0.004408 0.974791
vt 0.436791 0.339485
vt 0.102644 0.974791
vt 0.197409 0.974791
vt 0.299822 0.974791
vt 1.000000 0.339485
vt 0.504325 0.974088
vt 0.507010 0.974088
vt 0.512090 0.974088
vt 0.509532 0.974088
vt 0.514021 0.974088
vt 0.514525 0.974088
vt 0.513529 0.974088
vt 0.515784 0.974088
vt 0.516168 0.974088
vt 0.517143 0.974088
vt 0.516920 0.974088
vt 0.517458 0.974088
vt 1.000000 0.321078
vt 0.518331 0.974088
vt 0.518149 0.974088
vt 0.516769 0.974088
vt 0.515343 0.974088
vt 0.504938 0.974088
vt 0.002774 0.974088
vt 0.009472 0.974088
vt 0.013649 0.974088
vt 0.007664 0.974088
vt 0.003392 0.974088
vt 0.000000 0.970017
vt 0.029983 0.970017
vt 0.327383 0.339485
vt 0.562802 0.339485
vt 0.230792 0.339485
vt 0.000000 0.339485
vt 0.136849 0.339485
vt 0.295785 0.339485
vt 0.471688 0.321078
vt 0.330708 0.321078
vt 0.200812 0.321078
vt 0.142281 0.321078
vt 0.072675 0.321078
vt 0.959466 0.321078
vt 0.949160 0.321078
vt 0.923628 0.321078
vt 0.939370 0.321078
vt 0.975530 0.321078
vt 0.890370 0.321078
vt 0.878993 0.321078
vt 0.867381 0.321078
vt 0.855497 0.321078
vt 0.832295 0.321078
vt 0.854488 0.321078
vt 0.807131 0.321078
vt 0.816771 0.321078
vt 0.683684 0.321078
vt 0.749747 0.321078
vt 0.902010 0.321078
vt 0.000155 0.350028
vt 0.352185 0.350028
vt 0.354024 0.350028
vt 0.354489 0.350028
vt 0.999898 0.350028
vt 0.353252 0.350028
vt 0.350841 0.350028
vt 0.168174 0.347998
vt 0.210696 0.347998
vt 0.060641 0.347998
vt 0.238795 0.975116
vt 0.053946 0.347998
vt 0.083897 0.347998
vt 0.107916 0.347998
vt 0.132648 0.347998
vt 0.158049 0.347998
vt 0.363377 0.347998
vt 0.421900 0.347998
vt 0.487561 0.975116
vt 0.313320 0.347998
vt 0.333773 0.347998
vt 0.530256 0.347998
vt 0.755913 0.975116
vt 0.612771 0.347998
vt 0.497337 0.347998
vt 0.994741 0.975116
vt 0.783012 0.347998
vt 0.931298 0.347998
vt 1.000000 0.975116
vt 0.717789 0.347998
vt 0.476031 0.347998
vt 0.237867 0.347998
vt 0.780821 0.780821
vt 1.000000 0.780821
vt 0.218322 0.336127
vt 0.196238 0.336127
vt 0.172790 0.336127
vt 0.087668 0.336127
vt 0.111504 0.336127
vt 0.542799 0.336127
vt 0.481429 0.336127
vt 0.373391 0.336127
vt 0.449861 0.336127
vt 0.371264 0.336127
vt 0.837870 0.336127
vt 0.808345 0.336127
vt 0.760293 0.336127
vt 0.700630 0.336127
vt 0.637575 0.336127
vt 0.774196 0.336127
vt 0.978779 0.336127
vt 0.915171 0.336127
vt 1.000000 0.336127
vt 0.903178 0.336127
vt 0.630110 0.336127
vt 0.316800 0.336127
vt 0.342575 0.342819
vt 0.834236 0.342819
vt 0.276826 0.342819
vt 0.241511 0.342819
vt 0.206981 0.342819
vt 0.000000 0.342819
vt 0.121337 0.342819
vt 0.143235 0.342819
vt 0.174107 0.342819
vt 0.000276 0.975085
vt 0.000004 0.975085
vt 0.000002 0.975085
vt 0.000174 0.347194
vt 0.000057 0.975085
vt 0.000110 0.975085
vt 0.000167 0.975085
vt 0.000558 0.347194
vt 0.446412 0.479112
vt 0.384439 0.479112
vt 0.380066 0.479112
vt 0.349411 0.479112
vt 0.328789 0.479112
vt 0.583218 0.479112
vt 0.496409 0.479112
vt 0.506020 0.479112
vt 0.655119 0.479112
vt 0.641027 0.479112
vt 0.636100 0.479112
vt 0.608748 0.479112
vt 0.766548 0.479112
vt 0.762836 0.479112
vt 0.725921 0.479112
vt 0.807877 0.479112
vt 0.839108 0.479112
vt 0.942796 0.479112
vt 0.152064 0.479112
vt 0.128663 0.479112
vt 0.127804 0.479112
vt 0.135104 0.479112
vt 0.149766 0.479112
vt 0.119689 0.479112
vt 0.109376 0.479112
vt 0.101485 0.479112
vt 0.104522 0.479112
vt 0.109376 0.479112
vt 0.114383 0.479112
vt 0.094252 0.479112
vt 0.096405 0.479112
vt 0.100360 0.479112
vt 0.087617 0.479112
vt 0.088946 0.479112
vt 0.081211 0.479112
vt 0.081957 0.479112
vt 0.085408 0.479112
vt 0.075674 0.479112
vt 0.078574 0.479112
vt 0.092586 0.479112
vt 0.125331 0.479112
vt 0.073390 0.479112
vt 0.070225 0.479112
vt 0.067060 0.479112
vt 0.070211 0.479112
vt 0.060749 0.479112
vt 0.058774 0.479112
vt 0.054201 0.479112
vt 0.050718 0.479112
vt 0.057526 0.479112
vt 0.250427 0.479112
vt 0.322244 0.479112
vt 0.247671 0.479112
vt 0.227706 0.479112
vt 0.229574 0.479112
vt 0.217768 0.479112
vt 0.209765 0.479112
vt 0.211740 0.479112
vt 0.200917 0.479112
vt 0.167998 0.479112
vt 0.167998 0.479112
vt 0.185380 0.479112
vt 0.206019 0.479112
vt 1.000000 0.479112
vt 0.919374 0.980140
vt 0.918474 0.980140
vt 1.000000 0.479644
vt 0.818647 0.980140
vt 0.819077 0.980140
vt 0.709884 0.980140
vt 0.710771 0.980140
vt 0.710516 0.980140
vt 0.594834 0.980140
vt 0.593941 0.980140
vt 0.694798 0.479644
vt 0.699383 0.479644
vt 0.595552 0.980140
vt 0.590375 0.479644
vt 0.324424 0.980140
vt 0.326752 0.980140
vt 0.454698 0.479644
vt 0.463319 0.479644
vt 0.326229 0.980140
vt 0.325535 0.980140
vt 0.324958 0.980140
vt 0.166294 0.980140
vt 0.166292 0.980140
vt 0.167624 0.980140
vt 0.167564 0.980140
vt 0.166955 0.980140
vt 0.168155 0.980140
vt 0.168834 0.980140
vt 0.168638 0.980140
vt 0.168604 0.980140
vt 0.169365 0.980140
vt 0.320983 0.479644
vt 0.168977 0.980140
vt 0.168316 0.980140
vt 0.050718 0.479644
vt 0.057526 0.479644
vt 0.054201 0.479644
vt 0.063915 0.479644
vt 0.060749 0.479644
vt 0.067060 0.479644
vt 0.064676 0.479644
vt 0.058774 0.479644
vt 0.075236 0.479644
vt 0.073390 0.479644
vt 0.081957 0.479644
vt 0.081211 0.479644
vt 0.087617 0.479644
vt 0.096405 0.479644
vt 0.100360 0.479644
vt 0.104522 0.479644
vt 0.164053 0.980140
vt 0.101485 0.479644
vt 0.114383 0.479644
vt 0.119689 0.479644
vt 0.125331 0.479644
vt 0.118093 0.479644
vt 0.109376 0.479644
vt 0.135106 0.479644
vt 0.128663 0.479644
vt 0.142129 0.479644
vt 0.149771 0.479644
vt 0.158075 0.479644
vt 0.152064 0.479644
vt 0.139038 0.479644
vt 0.127804 0.479644
vt 0.075674 0.479644
vt 0.070225 0.479644
vt 0.000000 0.479644
vt 0.168017 0.479644
vt 0.492710 0.479644
vt 0.604768 0.479644
vt 0.722438 0.479644
vt 0.825402 0.479644
vt 0.920081 0.479644
vt 0.999942 0.975387
vt 0.999581 0.355090
vt 0.999602 0.355090
vt 0.999542 0.355090
vt 0.999442 0.355090
vt 0.999514 0.355090
vt 0.999623 0.355090
vt 0.355145 0.349118
vt 0.999721 0.349118
vt 0.354385 0.349118
vt 0.353328 0.349118
vt 0.351994 0.349118
vt 0.000035 0.975159
vt 0.294481 0.579499
vt 0.294524 0.579248
vt 0.294874 0.577323
vt 0.295171 0.575647
vt 0.295218 0.575383
vt 0.295528 0.573736
vt 0.295631 0.573188
vt 0.296137 0.570676
vt 0.296319 0.569762
vt 0.296594 0.568378
vt 0.294475 0.579537
vt 0.296907 0.566890
vt 0.297037 0.566269
vt 0.297655 0.563478
vt 0.297708 0.563227
vt 0.298259 0.560734
vt 0.298518 0.559617
vt 0.298644 0.559074
vt 0.299393 0.555953
vt 0.299614 0.555001
vt 0.299693 0.554668
vt 0.294465 0.579599
vt 0.294441 0.579736
vt 0.294453 0.579666
vt 0.294417 0.579883
vt 0.294429 0.579809
vt 0.294188 0.581243
vt 0.294200 0.581170
vt 0.293976 0.582554
vt 0.294134 0.581573
vt 0.293954 0.582686
vt 0.293965 0.582620
vt 0.293932 0.582825
vt 0.293943 0.582756
vt 0.293911 0.582952
vt 0.293921 0.582890
vt 0.293866 0.583238
vt 0.293904 0.582996
vt 0.293520 0.585530
vt 0.293590 0.585040
vt 0.293274 0.587272
vt 0.293340 0.586790
vt 0.292773 0.590870
vt 0.292920 0.589751
vt 0.293214 0.587726
vt 0.292768 0.590914
vt 0.292502 0.593136
vt 0.292577 0.592487
vt 0.292388 0.594182
vt 0.300140 0.552821
vt 0.300395 0.551792
vt 0.300567 0.551097
vt 0.301481 0.547542
vt 0.301902 0.545885
vt 0.302071 0.545236
vt 0.292364 0.594398
vt 0.292133 0.596347
vt 0.292150 0.596193
vt 0.291888 0.598871
vt 0.292003 0.597644
vt 0.291752 0.600466
vt 0.291802 0.599859
vt 0.291863 0.599157
vt 0.291607 0.602056
vt 0.291627 0.601810
vt 0.302304 0.544336
vt 0.302597 0.543222
vt 0.302686 0.542888
vt 0.302960 0.541861
vt 0.291509 0.603365
vt 0.291553 0.602762
vt 0.291476 0.630400
vt 0.291476 0.603801
vt 0.291593 0.639505
vt 0.291476 0.637866
vt 0.291651 0.640415
vt 0.291606 0.639709
vt 0.291750 0.641896
vt 0.291699 0.641145
vt 0.291828 0.642976
vt 0.291805 0.642668
vt 0.291925 0.644267
vt 0.291863 0.643459
vt 0.292011 0.645344
vt 0.291991 0.645093
vt 0.292325 0.648897
vt 0.292249 0.648007
vt 0.292197 0.647386
vt 0.304098 0.537677
vt 0.304177 0.537381
vt 0.304442 0.536400
vt 0.304697 0.535468
vt 0.304740 0.535312
vt 0.304940 0.534584
vt 0.305123 0.533920
vt 0.305210 0.533608
vt 0.305246 0.533478
vt 0.306619 0.528630
vt 0.292326 0.648906
vt 0.306671 0.528444
vt 0.306846 0.527819
vt 0.292486 0.650685
vt 0.292699 0.652890
vt 0.292643 0.652330
vt 0.293080 0.656485
vt 0.292809 0.653977
vt 0.292708 0.652977
vt 0.307013 0.527222
vt 0.307048 0.527096
vt 0.307117 0.526853
vt 0.307237 0.526425
vt 0.307352 0.526019
vt 0.307390 0.525885
vt 0.307462 0.525632
vt 0.307560 0.525288
vt 0.307779 0.524517
vt 0.307859 0.524239
vt 0.307992 0.523773
vt 0.308194 0.523067
vt 0.308194 0.523066
vt 0.308229 0.522946
vt 0.308387 0.522395
vt 0.308504 0.521990
vt 0.308549 0.521835
vt 0.308697 0.521319
vt 0.308758 0.521111
vt 0.308834 0.520845
vt 0.308960 0.520411
vt 0.308977 0.520353
vt 0.309025 0.520186
vt 0.309135 0.519805
vt 0.309167 0.519697
vt 0.309239 0.519447
vt 0.309337 0.519109
vt 0.293417 0.659607
vt 0.293262 0.658201
vt 0.309338 0.519107
vt 0.309432 0.518781
vt 0.309492 0.518576
vt 0.309514 0.518500
vt 0.309591 0.518233
vt 0.309633 0.518088
vt 0.309666 0.517976
vt 0.309737 0.517730
vt 0.309763 0.517640
vt 0.309806 0.517491
vt 0.293425 0.659677
vt 0.293947 0.664066
vt 0.293653 0.661659
vt 0.293578 0.661008
vt 0.309874 0.517258
vt 0.294227 0.666380
vt 0.294200 0.666166
vt 0.309888 0.517208
vt 0.309940 0.517030
vt 0.309997 0.516834
vt 0.310005 0.516804
vt 0.294494 0.668504
vt 0.294462 0.668254
vt 0.294507 0.668604
vt 0.294499 0.668542
vt 0.294525 0.668741
vt 0.294516 0.668671
vt 0.294544 0.668887
vt 0.294534 0.668813
vt 0.294694 0.670052
vt 0.294617 0.669461
vt 0.294720 0.670249
vt 0.294710 0.670177
vt 0.294896 0.671591
vt 0.294834 0.671121
vt 0.294913 0.671716
vt 0.294905 0.671654
vt 0.294930 0.671849
vt 0.294922 0.671783
vt 0.294946 0.671971
vt 0.294939 0.671912
vt 0.294982 0.672244
vt 0.294952 0.672013
vt 0.295109 0.673191
vt 0.294993 0.672322
vt 0.295265 0.674344
vt 0.295214 0.673961
vt 0.295476 0.675880
vt 0.295438 0.675606
vt 0.295787 0.678109
vt 0.295630 0.676989
vt 0.296063 0.680059
vt 0.295844 0.678510
vt 0.296625 0.684060
vt 0.296529 0.683391
vt 0.296154 0.680695
vt 0.296699 0.684578
vt 0.310042 0.516680
vt 0.310104 0.516466
vt 0.310104 0.516465
vt 0.310166 0.516252
vt 0.310212 0.516092
vt 0.310227 0.516040
vt 0.310289 0.515827
vt 0.310328 0.515693
vt 0.310352 0.515609
vt 0.297012 0.686738
vt 0.297254 0.688401
vt 0.297067 0.687118
vt 0.297504 0.690103
vt 0.297483 0.689962
vt 0.297682 0.691318
vt 0.297585 0.690655
vt 0.297769 0.691913
vt 0.297715 0.691546
vt 0.297846 0.692438
vt 0.297808 0.692173
vt 0.297891 0.692742
vt 0.297850 0.692461
vt 0.297937 0.693054
vt 0.297932 0.693017
vt 0.298010 0.693550
vt 0.297971 0.693286
vt 0.298052 0.693833
vt 0.298012 0.693561
vt 0.310417 0.515385
vt 0.298082 0.694040
vt 0.298087 0.694072
vt 0.310485 0.515149
vt 0.311476 0.511726
vt 0.312467 0.515149
vt 0.312535 0.515384
vt 0.298121 0.694306
vt 0.312600 0.515609
vt 0.312624 0.515693
vt 0.312663 0.515827
vt 0.312725 0.516040
vt 0.312740 0.516092
vt 0.312787 0.516253
vt 0.312848 0.516465
vt 0.312849 0.516466
vt 0.312911 0.516680
vt 0.312947 0.516804
vt 0.312955 0.516834
vt 0.313012 0.517030
vt 0.298141 0.694444
vt 0.298155 0.694537
vt 0.298175 0.694675
vt 0.298247 0.695162
vt 0.298211 0.694919
vt 0.298204 0.694870
vt 0.298283 0.695411
vt 0.298267 0.695298
vt 0.299138 0.695876
vt 0.298351 0.695876
vt 0.298299 0.695522
vt 0.324653 0.695522
vt 0.324601 0.695876
vt 0.324686 0.695298
vt 0.324669 0.695411
vt 0.313064 0.517208
vt 0.324706 0.695162
vt 0.313078 0.517258
vt 0.313146 0.517491
vt 0.313189 0.517640
vt 0.313215 0.517730
vt 0.324741 0.694919
vt 0.324748 0.694870
vt 0.313286 0.517976
vt 0.313319 0.518088
vt 0.313361 0.518233
vt 0.313439 0.518500
vt 0.313461 0.518576
vt 0.313520 0.518781
vt 0.313615 0.519107
vt 0.313615 0.519109
vt 0.313713 0.519447
vt 0.313786 0.519697
vt 0.313817 0.519805
vt 0.313927 0.520186
vt 0.313975 0.520353
vt 0.313992 0.520411
vt 0.314118 0.520846
vt 0.324777 0.694675
vt 0.324797 0.694537
vt 0.314195 0.521111
vt 0.314255 0.521320
vt 0.314404 0.521835
vt 0.314448 0.521990
vt 0.314565 0.522396
vt 0.314723 0.522946
vt 0.324811 0.694444
vt 0.314758 0.523067
vt 0.314759 0.523070
vt 0.314963 0.523781
vt 0.315094 0.524239
vt 0.315177 0.524529
vt 0.315401 0.525317
vt 0.324831 0.694306
vt 0.324901 0.693834
vt 0.324870 0.694040
vt 0.324866 0.694072
vt 0.315431 0.525422
vt 0.315527 0.525761
vt 0.315646 0.526182
vt 0.315697 0.526361
vt 0.315777 0.526647
vt 0.315921 0.527157
vt 0.324942 0.693550
vt 0.324941 0.693561
vt 0.315938 0.527216
vt 0.316035 0.527562
vt 0.316106 0.527816
vt 0.316297 0.528502
vt 0.317682 0.533393
vt 0.317742 0.533608
vt 0.324981 0.693285
vt 0.325061 0.692742
vt 0.325021 0.693017
vt 0.325015 0.693054
vt 0.317869 0.534067
vt 0.317890 0.534141
vt 0.318130 0.535010
vt 0.318374 0.535901
vt 0.318410 0.536033
vt 0.318742 0.537259
vt 0.318990 0.538184
vt 0.320141 0.542420
vt 0.320297 0.543002
vt 0.320355 0.543222
vt 0.320818 0.544986
vt 0.321116 0.546152
vt 0.321415 0.547324
vt 0.322354 0.550976
vt 0.322505 0.551581
vt 0.322557 0.551792
vt 0.322747 0.552552
vt 0.323131 0.554132
vt 0.323432 0.555402
vt 0.324207 0.558632
vt 0.324281 0.558942
vt 0.325102 0.692461
vt 0.325145 0.692173
vt 0.325106 0.692438
vt 0.325237 0.691546
vt 0.325183 0.691913
vt 0.325368 0.690655
vt 0.325270 0.691318
vt 0.325469 0.689962
vt 0.325449 0.690103
vt 0.325885 0.687118
vt 0.325698 0.688401
vt 0.326253 0.684578
vt 0.325940 0.686738
vt 0.326424 0.683391
vt 0.326328 0.684060
vt 0.327108 0.678510
vt 0.326889 0.680059
vt 0.326798 0.680695
vt 0.324436 0.559617
vt 0.324640 0.560498
vt 0.324890 0.561618
vt 0.324991 0.562068
vt 0.325336 0.563656
vt 0.325972 0.566528
vt 0.326047 0.566890
vt 0.327165 0.678109
vt 0.327476 0.675880
vt 0.327322 0.676989
vt 0.327687 0.674344
vt 0.327514 0.675606
vt 0.327843 0.673191
vt 0.327739 0.673961
vt 0.327970 0.672244
vt 0.327959 0.672322
vt 0.328006 0.671971
vt 0.328000 0.672013
vt 0.328022 0.671849
vt 0.328014 0.671912
vt 0.328039 0.671716
vt 0.328031 0.671783
vt 0.328056 0.671591
vt 0.328048 0.671654
vt 0.328233 0.670249
vt 0.328118 0.671120
vt 0.328258 0.670052
vt 0.328242 0.670177
vt 0.328375 0.669149
vt 0.328267 0.669986
vt 0.328426 0.668749
vt 0.328417 0.668822
vt 0.328407 0.668897
vt 0.326165 0.567453
vt 0.326299 0.568090
vt 0.326619 0.569676
vt 0.326767 0.570436
vt 0.326911 0.571174
vt 0.327426 0.573736
vt 0.327448 0.573848
vt 0.327745 0.575441
vt 0.327853 0.576050
vt 0.328034 0.577071
vt 0.328072 0.577290
vt 0.328428 0.579248
vt 0.328472 0.579504
vt 0.328478 0.579542
vt 0.328489 0.579605
vt 0.328500 0.579673
vt 0.328512 0.579745
vt 0.328525 0.579818
vt 0.328537 0.579893
vt 0.328752 0.581169
vt 0.328764 0.581243
vt 0.328865 0.581865
vt 0.328975 0.582549
vt 0.328986 0.582615
vt 0.328997 0.582681
vt 0.329009 0.582752
vt 0.329020 0.582822
vt 0.329031 0.582888
vt 0.329041 0.582950
vt 0.329048 0.582994
vt 0.329087 0.583238
vt 0.329340 0.584891
vt 0.329486 0.585907
vt 0.329610 0.586772
vt 0.329741 0.587754
vt 0.330032 0.589751
vt 0.330143 0.590590
vt 0.330263 0.591569
vt 0.330375 0.592482
vt 0.330590 0.594400
vt 0.330597 0.594471
vt 0.330802 0.596193
vt 0.330920 0.597384
vt 0.331031 0.598502
vt 0.331205 0.600537
vt 0.331323 0.601810
vt 0.331354 0.602176
vt 0.331444 0.603381
vt 0.331476 0.603801
vt 0.331476 0.630672
vt 0.331476 0.637866
vt 0.331363 0.639446
vt 0.331188 0.642094
vt 0.331007 0.644528
vt 0.330957 0.645127
vt 0.330939 0.645344
vt 0.330762 0.647290
vt 0.330634 0.648826
vt 0.330430 0.651082
vt 0.328444 0.668609
vt 0.328436 0.668677
vt 0.328490 0.668254
vt 0.328457 0.668509
vt 0.328453 0.668547
vt 0.330391 0.651494
vt 0.328712 0.666491
vt 0.328957 0.664468
vt 0.328772 0.665996
vt 0.329486 0.660043
vt 0.329374 0.661008
vt 0.330328 0.652125
vt 0.330253 0.652890
vt 0.329920 0.656019
vt 0.329699 0.658123
vt 0.671740 0.670041
vt 0.671740 0.670040
vt 0.671740 0.670039
vt 0.671739 0.670030
vt 0.671769 0.670258
vt 0.671767 0.670249
vt 0.671819 0.670643
vt 0.671794 0.670454
vt 0.671769 0.670262
vt 0.671846 0.670847
vt 0.671897 0.671237
vt 0.671872 0.671047
vt 0.671937 0.671542
vt 0.671920 0.671416
vt 0.672031 0.672247
vt 0.672030 0.672244
vt 0.672039 0.672309
vt 0.672035 0.672280
vt 0.672048 0.672372
vt 0.672041 0.672324
vt 0.672061 0.672468
vt 0.672055 0.672425
vt 0.672049 0.672383
vt 0.671739 0.670027
vt 0.671712 0.669821
vt 0.671685 0.669618
vt 0.672072 0.672542
vt 0.672063 0.672483
vt 0.673672 0.684060
vt 0.673669 0.684034
vt 0.672075 0.672566
vt 0.671660 0.669422
vt 0.671636 0.669235
vt 0.671614 0.669062
vt 0.671600 0.668956
vt 0.671510 0.668254
vt 0.673675 0.684080
vt 0.671501 0.668187
vt 0.671499 0.668168
vt 0.671492 0.668109
vt 0.671487 0.668069
vt 0.670625 0.661008
vt 0.670621 0.660971
vt 0.670617 0.660939
vt 0.670612 0.660898
vt 0.670604 0.660817
vt 0.673687 0.684162
vt 0.673696 0.684225
vt 0.673689 0.684177
vt 0.673709 0.684312
vt 0.673706 0.684290
vt 0.673705 0.684285
vt 0.673714 0.684345
vt 0.673713 0.684337
vt 0.673717 0.684369
vt 0.673716 0.684360
vt 0.673719 0.684380
vt 0.673719 0.684380
vt 0.673722 0.684402
vt 0.673720 0.684391
vt 0.673724 0.684412
vt 0.673722 0.684403
vt 0.670601 0.660790
vt 0.669746 0.652890
vt 0.669743 0.652861
vt 0.669741 0.652837
vt 0.669739 0.652821
vt 0.669731 0.652735
vt 0.669726 0.652676
vt 0.669059 0.645344
vt 0.669058 0.645336
vt 0.669056 0.645313
vt 0.669049 0.645220
vt 0.669043 0.645119
vt 0.668524 0.637866
vt 0.668524 0.604827
vt 0.668524 0.603801
vt 0.668670 0.601869
vt 0.668673 0.601824
vt 0.668675 0.601810
vt 0.669182 0.596359
vt 0.669188 0.596281
vt 0.669193 0.596239
vt 0.669197 0.596193
vt 0.669944 0.589931
vt 0.669945 0.589928
vt 0.669953 0.589855
vt 0.669957 0.589820
vt 0.669962 0.589783
vt 0.669966 0.589751
vt 0.673725 0.684422
vt 0.670888 0.583410
vt 0.670893 0.583373
vt 0.670898 0.583340
vt 0.673725 0.684422
vt 0.670904 0.583301
vt 0.673728 0.684442
vt 0.673728 0.684441
vt 0.673727 0.684433
vt 0.670913 0.583238
vt 0.671025 0.582536
vt 0.671045 0.582409
vt 0.671074 0.582230
vt 0.671105 0.582040
vt 0.671138 0.581841
vt 0.671171 0.581636
vt 0.671202 0.581447
vt 0.671233 0.581256
vt 0.671235 0.581249
vt 0.671236 0.581243
vt 0.671270 0.581035
vt 0.671272 0.581021
vt 0.671307 0.580815
vt 0.671340 0.580612
vt 0.671373 0.580416
vt 0.671405 0.580228
vt 0.671434 0.580056
vt 0.671452 0.579950
vt 0.671572 0.579248
vt 0.672549 0.573871
vt 0.672550 0.573863
vt 0.672557 0.573824
vt 0.673729 0.684451
vt 0.673731 0.684465
vt 0.673731 0.684460
vt 0.673730 0.684456
vt 0.673734 0.684484
vt 0.673733 0.684474
vt 0.673733 0.684472
vt 0.672561 0.573801
vt 0.672572 0.573740
vt 0.672573 0.573735
vt 0.673919 0.567054
vt 0.673735 0.684489
vt 0.673736 0.684497
vt 0.673735 0.684493
vt 0.676371 0.695876
vt 0.675399 0.695876
vt 0.703312 0.684497
vt 0.701649 0.695876
vt 0.703313 0.684489
vt 0.703312 0.684493
vt 0.703315 0.684474
vt 0.703314 0.684484
vt 0.703315 0.684472
vt 0.673924 0.567025
vt 0.673930 0.566996
vt 0.673942 0.566936
vt 0.703318 0.684456
vt 0.703317 0.684460
vt 0.703316 0.684465
vt 0.673947 0.566912
vt 0.673952 0.566890
vt 0.673954 0.566876
vt 0.675528 0.559771
vt 0.703318 0.684451
vt 0.703321 0.684433
vt 0.703320 0.684441
vt 0.703320 0.684442
vt 0.703323 0.684422
vt 0.675541 0.559711
vt 0.675545 0.559693
vt 0.703323 0.684422
vt 0.703326 0.684402
vt 0.703326 0.684403
vt 0.703324 0.684412
vt 0.675555 0.559651
vt 0.675562 0.559617
vt 0.675568 0.559591
vt 0.675571 0.559579
vt 0.677408 0.551930
vt 0.677420 0.551882
vt 0.677434 0.551821
vt 0.703327 0.684391
vt 0.677441 0.551792
vt 0.677444 0.551784
vt 0.677449 0.551761
vt 0.679604 0.543379
vt 0.679616 0.543334
vt 0.679627 0.543290
vt 0.679645 0.543222
vt 0.679647 0.543214
vt 0.679653 0.543192
vt 0.682210 0.533782
vt 0.682220 0.533747
vt 0.682232 0.533700
vt 0.703329 0.684380
vt 0.703330 0.684369
vt 0.703329 0.684380
vt 0.703334 0.684345
vt 0.703332 0.684359
vt 0.703339 0.684312
vt 0.703335 0.684337
vt 0.703343 0.684285
vt 0.703342 0.684290
vt 0.703359 0.684177
vt 0.703352 0.684225
vt 0.703376 0.684060
vt 0.703373 0.684080
vt 0.703361 0.684162
vt 0.682234 0.533695
vt 0.682243 0.533661
vt 0.682252 0.533628
vt 0.682253 0.533625
vt 0.682258 0.533608
vt 0.682260 0.533599
vt 0.685217 0.523158
vt 0.685224 0.523132
vt 0.685227 0.523122
vt 0.685230 0.523109
vt 0.685231 0.523107
vt 0.685236 0.523087
vt 0.685240 0.523076
vt 0.685241 0.523070
vt 0.685246 0.523053
vt 0.685250 0.523041
vt 0.685251 0.523036
vt 0.685259 0.523006
vt 0.685263 0.522995
vt 0.685268 0.522978
vt 0.685275 0.522951
vt 0.685275 0.522951
vt 0.685277 0.522946
vt 0.685283 0.522925
vt 0.685287 0.522910
vt 0.685289 0.522904
vt 0.685295 0.522884
vt 0.704973 0.672566
vt 0.703379 0.684034
vt 0.704985 0.672483
vt 0.704976 0.672542
vt 0.704999 0.672383
vt 0.704993 0.672425
vt 0.704987 0.672468
vt 0.685297 0.522876
vt 0.685300 0.522866
vt 0.685305 0.522849
vt 0.685305 0.522847
vt 0.685307 0.522841
vt 0.685311 0.522826
vt 0.685312 0.522822
vt 0.685315 0.522812
vt 0.685319 0.522800
vt 0.705007 0.672324
vt 0.705000 0.672372
vt 0.705017 0.672247
vt 0.705013 0.672280
vt 0.705009 0.672309
vt 0.685319 0.522799
vt 0.685323 0.522787
vt 0.685325 0.522779
vt 0.685326 0.522776
vt 0.685329 0.522766
vt 0.685330 0.522761
vt 0.705110 0.671542
vt 0.705018 0.672244
vt 0.705151 0.671237
vt 0.705127 0.671416
vt 0.705202 0.670847
vt 0.705176 0.671047
vt 0.705254 0.670454
vt 0.705229 0.670643
vt 0.705280 0.670249
vt 0.705279 0.670258
vt 0.705279 0.670262
vt 0.685332 0.522756
vt 0.685334 0.522747
vt 0.705307 0.670041
vt 0.685335 0.522744
vt 0.685337 0.522738
vt 0.685339 0.522729
vt 0.705308 0.670034
vt 0.705308 0.670040
vt 0.705362 0.669618
vt 0.705336 0.669821
vt 0.705309 0.670027
vt 0.685340 0.522727
vt 0.685342 0.522720
vt 0.705388 0.669421
vt 0.685344 0.522713
vt 0.685345 0.522712
vt 0.705434 0.669062
vt 0.705412 0.669234
vt 0.705538 0.668254
vt 0.705448 0.668956
vt 0.705558 0.668094
vt 0.705548 0.668174
vt 0.705547 0.668182
vt 0.706423 0.661008
vt 0.706420 0.661033
vt 0.706429 0.660954
vt 0.706429 0.660957
vt 0.706442 0.660835
vt 0.706435 0.660901
vt 0.707301 0.652893
vt 0.707298 0.652932
vt 0.707304 0.652869
vt 0.707302 0.652890
vt 0.707316 0.652738
vt 0.707310 0.652806
vt 0.707321 0.652680
vt 0.707319 0.652704
vt 0.707316 0.652738
vt 0.685346 0.522707
vt 0.685348 0.522699
vt 0.685348 0.522699
vt 0.707990 0.645334
vt 0.707989 0.645344
vt 0.685351 0.522691
vt 0.707995 0.645272
vt 0.707992 0.645303
vt 0.707999 0.645212
vt 0.707997 0.645242
vt 0.707996 0.645253
vt 0.685352 0.522684
vt 0.685353 0.522682
vt 0.685355 0.522674
vt 0.708003 0.645156
vt 0.708001 0.645184
vt 0.708005 0.645121
vt 0.708004 0.645129
vt 0.708524 0.604816
vt 0.708524 0.637866
vt 0.708378 0.601869
vt 0.708524 0.603801
vt 0.708374 0.601819
vt 0.708376 0.601846
vt 0.707866 0.596356
vt 0.708373 0.601810
vt 0.707862 0.596306
vt 0.707864 0.596333
vt 0.707856 0.596249
vt 0.707860 0.596295
vt 0.707851 0.596193
vt 0.707851 0.596199
vt 0.707103 0.589928
vt 0.685357 0.522669
vt 0.685358 0.522666
vt 0.685360 0.522657
vt 0.685363 0.522649
vt 0.688524 0.511726
vt 0.691685 0.522649
vt 0.691688 0.522658
vt 0.691690 0.522666
vt 0.691691 0.522669
vt 0.691692 0.522674
vt 0.691695 0.522682
vt 0.691695 0.522684
vt 0.691697 0.522691
vt 0.691700 0.522699
vt 0.691700 0.522699
vt 0.691702 0.522707
vt 0.691703 0.522712
vt 0.707095 0.589855
vt 0.707098 0.589880
vt 0.707102 0.589920
vt 0.691704 0.522713
vt 0.691706 0.522720
vt 0.707088 0.589795
vt 0.706159 0.583409
vt 0.707082 0.589751
vt 0.707087 0.589793
vt 0.691708 0.522727
vt 0.691708 0.522729
vt 0.691711 0.522738
vt 0.691713 0.522744
vt 0.691714 0.522747
vt 0.691716 0.522756
vt 0.691718 0.522761
vt 0.706155 0.583373
vt 0.706157 0.583392
vt 0.706134 0.583238
vt 0.706145 0.583307
vt 0.706148 0.583325
vt 0.691719 0.522766
vt 0.706002 0.582409
vt 0.706023 0.582536
vt 0.705943 0.582040
vt 0.705974 0.582231
vt 0.705877 0.581636
vt 0.705910 0.581841
vt 0.705814 0.581256
vt 0.705846 0.581447
vt 0.705778 0.581035
vt 0.705812 0.581243
vt 0.705813 0.581246
vt 0.705707 0.580612
vt 0.705741 0.580815
vt 0.705775 0.581021
vt 0.691722 0.522776
vt 0.691723 0.522779
vt 0.691725 0.522787
vt 0.705643 0.580228
vt 0.705674 0.580415
vt 0.705476 0.579248
vt 0.705596 0.579950
vt 0.705614 0.580056
vt 0.691729 0.522800
vt 0.691729 0.522800
vt 0.691733 0.522813
vt 0.704499 0.573872
vt 0.704486 0.573798
vt 0.704488 0.573808
vt 0.704470 0.573715
vt 0.704474 0.573735
vt 0.703108 0.566947
vt 0.703119 0.567000
vt 0.703126 0.567035
vt 0.703096 0.566890
vt 0.701518 0.559764
vt 0.703091 0.566866
vt 0.701495 0.559660
vt 0.701516 0.559755
vt 0.701481 0.559596
vt 0.701485 0.559617
vt 0.699633 0.551902
vt 0.699636 0.551915
vt 0.699645 0.551951
vt 0.699616 0.551831
vt 0.699600 0.551766
vt 0.699606 0.551792
vt 0.697423 0.543299
vt 0.697430 0.543324
vt 0.697446 0.543387
vt 0.697414 0.543265
vt 0.697400 0.543209
vt 0.697403 0.543222
vt 0.694832 0.533763
vt 0.697389 0.543170
vt 0.694819 0.533714
vt 0.694829 0.533752
vt 0.694808 0.533673
vt 0.694809 0.533679
vt 0.694793 0.533620
vt 0.694800 0.533645
vt 0.694788 0.533603
vt 0.694790 0.533608
vt 0.691824 0.523132
vt 0.691831 0.523156
vt 0.691833 0.523163
vt 0.691817 0.523109
vt 0.691735 0.522822
vt 0.691736 0.522826
vt 0.691741 0.522841
vt 0.691816 0.523104
vt 0.691809 0.523079
vt 0.691814 0.523095
vt 0.691800 0.523049
vt 0.691803 0.523058
vt 0.691797 0.523035
vt 0.691785 0.522995
vt 0.691788 0.523006
vt 0.691772 0.522951
vt 0.691780 0.522978
vt 0.691765 0.522925
vt 0.691771 0.522946
vt 0.691743 0.522847
vt 0.691743 0.522849
vt 0.691753 0.522884
vt 0.691759 0.522904
vt 0.691751 0.522876
s 1
f 2/1/1 466/2/2 467/3/3
s 0
f 3/4/4 469/5/4 4/6/4
f 5/7/5 468/8/5 3/4/5
f 5/9/6 467/3/6 470/10/6
s 1
f 7/11/3 472/12/7 471/13/8
f 8/14/1 471/13/8 473/15/9
f 10/16/10 475/17/11 474/18/10
f 6/19/8 474/20/10 472/21/7
s 0
f 12/22/12 476/23/12 477/24/12
s 1
f 13/25/1 477/26/11 478/27/11
f 9/28/1 478/27/11 475/29/11
f 1/30/13 473/31/9 466/2/2
f 15/32/14 479/33/15 480/34/16
f 16/35/17 480/36/16 481/37/17
f 11/38/18 482/39/19 476/40/18
f 17/41/19 481/37/17 482/39/19
f 19/42/20 483/43/21 484/44/22
f 20/45/23 484/44/22 485/46/24
f 21/47/25 485/48/24 486/49/26
f 22/50/27 487/51/28 488/52/27
f 23/53/29 486/54/26 487/55/28
f 25/56/30 489/57/31 490/58/32
f 26/59/33 490/60/32 491/61/34
f 27/62/35 492/63/36 493/64/37
f 28/65/38 491/61/34 492/66/36
f 29/67/39 493/64/37 494/68/40
f 31/69/41 495/70/42 496/71/43
f 32/72/44 497/73/45 498/74/46
f 33/75/47 496/71/43 497/73/45
f 34/76/48 498/77/46 499/78/48
f 30/79/49 500/80/50 495/81/42
f 24/82/51 499/78/48 489/57/31
f 18/83/52 494/68/40 483/84/21
f 14/85/53 488/86/27 479/33/15
s 0
f 500/87/54 36/88/54 501/89/54
f 501/90/54 37/91/54 502/92/54
s 1
f 502/93/55 38/94/56 503/95/57
f 39/96/58 503/97/57 38/94/56
f 505/98/59 40/99/60 506/100/61
f 42/101/62 506/102/61 40/103/60
f 43/104/63 507/105/64 42/101/62
f 44/106/65 509/107/66 45/108/66
f 47/109/67 511/110/68 46/111/69
f 513/112/70 48/113/71 514/114/72
f 46/111/69 514/115/72 48/116/71
f 45/108/66 512/117/73 47/118/67
f 51/119/74 515/120/75 50/121/75
f 517/122/76 52/123/77 518/124/78
f 54/125/79 518/126/78 52/127/77
f 50/128/75 519/129/80 54/130/79
f 516/131/81 55/132/82 520/133/82
f 510/134/83 53/135/84 517/122/76
f 508/136/63 49/137/70 513/112/70
f 504/138/85 41/139/59 505/98/59
f 57/140/86 522/141/87 56/142/88
f 58/143/86 521/144/86 57/145/86
f 59/146/88 523/147/88 58/148/86
f 60/149/88 525/150/89 61/151/89
f 62/152/87 526/153/86 60/154/88
f 527/155/90 4/156/91 469/157/86
f 61/151/89 528/158/92 63/159/93
f 63/160/93 529/161/91 64/162/91
f 64/162/91 524/163/94 59/164/88
s 0
f 530/165/95 56/142/95 522/166/95
s 1
f 67/167/96 531/168/97 66/169/98
f 69/170/99 533/171/100 68/172/101
f 71/173/102 535/174/103 70/175/103
f 72/176/104 536/177/105 71/173/102
f 73/178/106 537/179/106 72/180/104
f 75/181/103 539/182/107 74/183/105
f 76/184/103 540/185/108 75/186/103
f 70/187/103 541/188/109 76/189/103
f 68/172/101 538/190/110 73/191/106
f 78/192/108 542/193/111 77/194/108
f 79/195/103 543/196/112 78/192/108
f 80/197/102 544/198/113 79/199/103
f 82/200/114 546/201/115 81/202/116
f 83/203/103 547/204/117 82/205/114
f 77/206/108 548/207/118 83/208/103
f 74/209/105 545/210/119 80/197/102
f 85/211/103 549/212/120 84/213/105
f 87/214/104 551/215/100 86/216/104
f 88/217/104 552/218/121 87/219/104
f 90/220/104 554/221/122 89/222/106
f 91/223/104 555/224/118 90/220/104
f 93/225/106 557/226/100 92/227/123
f 92/228/123 559/229/124 94/230/125
f 89/231/106 558/232/126 93/233/106
f 560/234/127 95/235/127 561/236/128
f 97/237/123 561/238/128 95/239/127
f 94/230/125 562/240/129 97/241/123
f 86/216/104 556/242/130 91/243/104
f 84/244/105 553/245/131 88/246/104
f 81/247/116 550/248/132 85/249/103
f 66/250/98 534/251/99 69/252/99
f 98/253/96 532/254/133 67/255/96
f 99/256/134 564/257/135 100/258/135
f 102/259/136 566/260/137 101/261/138
f 104/262/139 568/263/140 103/264/141
f 106/265/142 570/266/143 105/267/144
f 107/268/145 573/269/146 108/270/146
s 0
f 109/271/147 573/269/147 574/272/147
s 1
f 110/273/148 572/274/149 107/275/145
f 105/267/144 575/276/150 110/277/148
f 103/278/141 571/279/151 106/280/142
f 111/281/152 569/282/153 104/283/139
f 101/284/138 576/285/154 111/286/152
f 100/287/135 567/288/155 102/289/136
s 0
f 565/290/156 65/291/156 530/292/156
f 563/293/157 109/294/157 574/272/157
f 577/295/158 112/296/158 578/297/158
f 578/298/158 96/299/158 560/300/158
s 1
f 114/301/159 579/302/160 580/303/161
f 116/304/162 580/305/161 581/306/163
f 117/307/164 582/308/165 583/309/161
f 118/310/161 584/311/162 582/312/165
f 119/313/162 585/314/166 584/311/162
f 121/315/167 586/316/168 587/317/167
f 123/318/159 587/317/167 588/319/169
f 124/320/169 588/321/169 589/322/163
f 120/323/163 589/324/163 585/325/166
f 115/326/163 583/309/161 579/327/160
f 126/328/170 590/329/171 591/330/172
f 125/331/173 592/269/174 590/332/171
f 128/333/175 591/334/172 593/335/176
f 130/264/177 594/336/178 595/337/179
f 129/338/180 593/339/176 594/340/178
f 132/286/181 596/341/182 597/342/183
f 131/262/182 595/343/179 596/344/182
f 133/284/184 597/345/183 598/346/185
f 134/258/186 599/347/186 600/348/186
f 135/289/186 598/349/185 599/350/186
s 0
f 122/351/187 601/290/187 586/352/187
f 136/353/188 600/257/188 601/354/188
s 1
f 138/355/189 602/236/190 603/356/191
f 139/357/192 603/356/191 604/229/193
f 141/358/194 605/359/195 606/360/196
f 140/361/194 607/362/197 605/232/195
f 144/363/198 608/364/199 609/242/200
f 145/365/198 609/366/200 610/367/197
f 147/368/194 611/369/201 612/245/202
f 148/213/203 612/245/202 613/370/204
f 146/371/198 610/215/197 611/372/201
f 143/373/198 606/374/196 608/375/199
f 142/227/192 604/376/193 607/377/197
f 150/378/205 614/379/206 615/380/207
f 149/381/208 613/382/204 614/383/206
f 152/384/208 616/385/209 617/386/204
f 153/206/210 617/386/204 618/387/200
f 155/199/208 619/388/211 620/389/212
f 156/390/208 620/391/212 621/210/213
f 157/392/208 621/393/213 622/182/214
f 154/192/215 618/387/200 619/196/211
f 159/184/208 623/394/210 624/395/216
f 160/396/208 624/188/216 625/397/215
f 158/398/208 622/182/214 623/399/210
f 162/400/198 626/401/210 627/179/217
f 163/402/194 627/179/217 628/403/218
f 164/172/219 628/404/218 629/171/197
f 161/405/216 625/174/215 626/406/210
f 166/407/220 630/251/221 631/408/222
f 165/409/221 629/410/197 630/251/221
f 151/411/223 615/201/207 616/412/209
f 167/253/224 632/254/225 633/293/226
f 168/255/193 631/168/222 632/254/225
f 169/271/227 633/293/226 634/272/228
f 137/239/229 577/234/229 602/238/190
s 0
f 592/269/230 169/294/230 634/272/230
f 636/413/231 171/414/231 635/415/231
s 1
f 635/416/231 172/417/232 637/418/232
f 639/419/233 174/420/234 638/421/234
f 641/422/235 176/423/233 640/424/236
s 0
f 177/425/162 642/426/162 643/427/162
s 1
f 640/424/236 179/428/237 644/429/160
s 0
f 177/430/238 644/429/238 179/431/238
f 178/432/236 581/433/236 642/434/236
s 1
f 638/421/234 175/435/238 641/436/235
f 637/437/232 173/438/234 639/419/233
f 170/439/237 645/440/239 180/441/240
f 646/442/241 182/443/242 647/444/243
f 647/444/243 183/445/244 648/446/245
f 648/446/245 184/447/246 649/448/247
f 650/449/248 186/450/249 651/451/250
f 188/452/251 652/453/252 187/454/252
f 653/455/253 185/456/254 650/457/248
f 651/451/250 189/458/255 654/459/256
f 654/460/256 190/461/257 655/462/257
f 655/462/257 191/463/258 656/464/259
f 656/465/259 181/466/260 646/442/241
f 657/467/261 193/468/262 658/469/263
f 659/470/264 192/471/265 657/467/261
f 658/472/263 195/473/266 660/474/267
f 197/475/268 661/476/269 196/477/270
f 662/478/271 198/479/272 663/480/273
f 663/481/273 194/482/274 659/483/264
f 664/484/275 200/485/276 665/486/277
f 202/487/278 666/488/279 667/489/280
f 203/490/281 666/488/279 201/491/282
f 668/492/283 199/493/284 664/484/275
s 0
f 204/494/285 667/489/285 669/495/285
s 1
f 665/496/277 205/497/286 670/498/287
f 207/499/288 671/500/289 206/501/290
f 208/502/286 671/503/289 673/504/291
f 672/505/292 209/506/293 674/507/294
f 674/508/294 210/509/295 675/510/296
f 180/511/240 675/512/296 210/513/295
f 670/498/287 208/514/286 673/504/291
f 660/474/267 204/515/278 669/495/297
f 649/516/247 196/477/270 661/476/269
s 0
f 212/517/298 676/518/298 677/519/298
f 211/520/298 652/521/298 676/522/298
s 1
f 214/523/299 678/524/300 679/525/301
f 215/526/302 679/527/301 680/528/303
f 216/529/304 680/530/303 681/531/305
f 217/532/306 682/533/307 683/534/306
f 218/535/308 681/536/305 682/533/307
f 220/537/309 684/538/310 685/539/311
f 222/540/312 686/541/313 687/542/314
f 224/543/315 688/544/316 689/545/317
f 223/546/318 687/547/314 688/544/316
f 225/548/319 689/549/317 690/550/320
f 221/551/321 685/552/311 686/541/313
f 227/553/322 691/554/323 692/555/324
f 228/556/325 692/555/324 693/557/326
f 230/558/327 694/559/328 695/560/329
f 231/561/330 695/560/329 696/562/331
f 232/563/332 696/564/331 697/565/333
f 229/566/334 693/567/326 694/559/328
f 233/568/335 698/569/336 699/570/337
f 235/571/338 699/570/337 700/572/339
f 236/573/340 700/574/339 701/575/341
f 234/576/342 677/577/343 698/569/336
f 226/578/344 701/575/341 691/579/323
f 219/580/345 697/565/333 684/581/310
f 213/582/346 690/550/320 678/583/300
f 237/584/347 702/585/348 703/586/349
f 239/587/350 703/588/349 704/589/351
f 241/590/352 706/591/353 705/592/352
f 240/593/348 707/594/354 706/595/353
f 242/596/354 708/597/355 707/594/354
f 244/598/356 683/599/306 709/600/356
f 245/601/357 709/602/356 710/603/358
f 246/604/347 710/603/358 711/605/347
f 243/606/359 711/605/347 708/607/355
f 238/608/360 705/592/352 702/609/348
f 248/610/361 713/611/362 247/612/362
f 249/613/363 712/614/361 248/610/361
f 250/615/364 714/616/363 249/617/363
f 251/618/365 716/619/366 252/620/367
f 253/621/363 717/622/368 251/623/365
f 718/624/369 254/625/363 719/626/370
f 252/627/367 720/628/371 255/629/372
f 255/630/372 721/631/365 256/632/365
f 256/633/365 715/634/373 250/635/364
f 520/636/82 247/612/362 713/637/362
f 257/638/374 723/639/375 722/640/376
f 259/641/377 722/642/376 724/643/378
f 723/644/375 260/645/379 725/646/379
f 261/647/380 724/648/378 726/649/380
f 262/650/381 726/651/380 727/652/381
f 264/653/382 728/654/383 729/655/384
f 263/656/385 727/657/381 728/658/383
f 265/659/386 729/660/384 730/661/387
s 0
f 266/662/388 730/661/388 731/663/388
s 1
f 268/664/389 732/665/390 733/666/391
f 267/667/392 734/668/393 732/665/390
f 271/669/394 735/670/395 736/671/396
f 270/672/397 733/673/391 735/670/395
f 272/674/398 736/675/396 737/676/399
f 274/677/400 738/678/401 739/679/402
f 275/680/403 739/681/402 740/682/404
f 273/683/405 741/684/406 738/685/401
f 277/686/407 740/682/404 742/687/408
f 278/688/409 742/687/408 743/689/410
f 280/690/411 744/691/412 745/692/413
f 281/693/414 745/694/413 746/695/415
f 282/696/416 746/697/415 747/698/417
f 279/699/418 748/700/419 744/701/412
f 284/702/420 750/703/421 749/704/422
f 286/705/423 749/706/422 751/707/423
f 287/708/424 752/709/425 753/710/426
f 288/711/427 751/712/423 752/713/425
f 290/714/428 754/715/429 755/716/430
f 291/717/431 756/718/432 757/719/431
f 292/720/433 755/716/430 756/721/432
f 758/722/434 293/723/435 759/724/434
f 760/725/436 295/726/437 761/727/436
f 761/728/436 297/729/438 762/730/439
f 763/731/440 299/732/441 764/733/442
f 765/734/443 298/735/444 763/736/440
f 764/733/442 296/737/445 760/725/436
f 762/738/439 294/739/435 758/740/434
f 766/741/446 302/742/447 767/743/447
f 767/743/447 303/744/444 768/745/448
f 769/746/449 305/747/450 770/748/447
f 771/749/451 307/750/448 772/751/448
f 772/752/448 308/753/452 773/754/453
f 308/755/452 769/756/449 773/754/453
f 770/757/447 301/758/450 766/741/446
f 774/759/454 309/760/448 775/761/455
f 775/761/455 311/762/448 776/763/456
f 776/764/456 306/765/448 771/766/451
f 777/767/457 312/768/458 778/769/459
f 778/770/459 314/771/448 779/772/460
f 780/773/461 315/774/458 781/775/462
f 781/776/462 317/777/458 782/778/445
f 782/779/445 313/780/458 777/767/457
f 783/781/463 318/782/448 784/783/464
f 784/784/464 316/785/465 780/786/461
f 779/787/460 310/788/448 774/789/454
f 768/790/448 300/791/444 765/792/443
f 785/793/466 320/794/465 786/795/467
f 787/796/468 321/797/448 785/798/466
f 788/799/464 323/800/469 789/801/470
f 790/802/471 324/803/448 788/799/464
f 789/804/470 322/805/472 787/806/468
f 791/807/473 326/808/450 792/809/474
f 793/810/475 327/811/448 791/812/473
f 792/813/474 325/814/450 790/815/471
f 794/816/476 329/817/450 795/818/477
f 332/819/466 796/820/478 331/821/478
f 797/822/479 330/823/450 794/824/476
f 795/825/477 328/826/448 793/827/475
f 786/795/467 319/828/465 783/829/463
f 334/830/480 798/831/481 799/832/482
f 333/833/483 800/834/484 798/835/481
f 336/836/485 799/837/482 801/838/486
f 338/839/487 802/840/488 803/841/489
f 337/842/490 804/843/491 802/844/488
f 340/845/492 803/846/489 805/847/493
f 339/848/494 801/838/486 804/849/491
f 341/850/495 805/851/493 806/852/493
f 343/853/496 807/854/493 808/855/497
f 342/856/498 806/852/493 807/857/493
f 345/858/499 809/859/499 810/860/500
f 346/861/501 810/862/500 811/863/502
s 0
f 348/864/474 812/865/474 813/866/474
s 1
f 350/867/503 814/868/504 815/869/438
f 814/868/504 348/864/505 813/870/298
f 347/871/501 811/863/502 812/872/501
f 344/873/506 808/874/497 809/875/499
s 0
f 266/662/388 800/876/388 335/877/388
f 350/867/439 759/724/439 293/723/439
s 1
f 289/878/507 816/879/508 754/715/429
f 291/880/431 750/881/421 285/882/509
f 287/883/424 748/700/419 283/884/510
f 282/885/416 741/684/406 276/886/406
f 278/887/409 734/888/393 269/889/393
f 272/890/398 725/891/379 260/892/379
f 353/893/511 817/894/512 352/895/513
f 354/896/514 818/897/515 353/893/511
f 820/898/516 355/899/517 821/900/518
f 357/901/519 821/900/518 355/902/517
f 352/903/513 822/904/520 357/905/519
f 359/906/521 823/907/522 358/908/523
f 360/909/524 824/910/525 359/911/521
f 826/912/526 361/913/527 827/914/528
f 358/908/523 827/915/528 361/916/527
f 363/917/529 825/918/530 360/919/524
f 365/920/531 829/921/532 364/922/533
f 366/923/534 832/924/535 367/925/535
f 368/926/529 832/927/535 833/928/529
f 369/929/536 831/930/537 366/923/534
f 364/931/533 834/932/538 369/933/536
f 371/934/539 835/935/540 370/936/541
f 372/937/542 836/938/543 371/939/539
f 374/940/544 838/941/545 839/942/546
f 375/943/547 839/944/546 840/945/548
f 370/936/541 838/946/545 373/947/549
f 376/948/550 842/949/551 377/950/551
f 378/951/552 842/952/551 843/953/553
f 379/954/554 841/955/555 376/956/550
s 0
f 380/957/556 843/958/556 845/959/556
s 1
f 381/960/557 844/961/554 379/954/554
f 383/962/558 847/963/559 382/964/560
f 385/965/561 849/966/562 384/967/563
f 386/968/564 852/969/565 387/970/566
f 388/971/567 852/969/565 853/972/568
f 389/973/569 853/972/568 854/974/570
f 390/975/571 851/976/572 386/977/564
f 384/978/563 855/979/573 390/975/571
f 391/980/574 850/981/575 385/965/561
f 382/982/560 856/983/576 391/984/574
s 0
f 393/985/577 857/986/577 392/987/577
s 1
f 392/988/578 859/989/577 394/990/578
f 395/991/579 858/992/580 393/993/579
f 397/994/581 861/995/581 396/996/582
f 399/997/583 863/998/584 398/999/585
f 396/1000/582 864/1001/586 399/1002/583
f 394/1003/578 862/1004/587 397/1005/581
f 401/1006/588 865/1007/589 400/1008/590
f 403/1009/591 867/1010/592 402/1011/593
f 404/1012/594 868/1013/595 403/1014/591
f 405/1015/596 869/1016/597 404/1017/594
f 406/1018/598 872/1019/599 407/1020/599
s 0
f 408/1021/600 872/1022/600 873/1023/600
s 1
f 402/1024/593 871/1025/601 406/1026/598
f 400/1008/590 870/1027/602 405/1028/596
f 409/1029/603 866/1030/604 401/1031/588
f 398/1032/585 874/1033/605 409/1029/603
f 410/1034/606 875/1035/607 876/1036/608
f 412/1037/609 877/1038/610 878/1039/611
f 413/1040/606 876/1041/608 877/1042/610
f 414/1043/606 879/1044/612 880/1045/613
f 415/1046/606 881/1047/614 879/1044/612
f 418/1048/615 883/1049/616 417/1050/617
f 418/1051/615 884/1052/618 882/1053/619
f 419/1054/609 880/1055/613 884/1056/618
f 416/1057/609 878/1058/611 881/1059/614
f 420/1060/620 885/1061/621 886/1062/622
f 421/1063/620 887/1064/623 885/1065/621
f 423/1066/624 888/1067/625 889/1068/626
f 425/1069/624 890/1070/627 891/1071/628
f 427/1072/624 891/1073/628 892/1074/629
f 426/1075/630 889/1076/626 890/1077/627
f 428/1078/609 893/1079/631 894/1080/632
f 430/1081/609 894/1082/632 895/1083/624
f 429/1084/624 892/1085/629 893/1086/631
f 431/1087/609 896/1088/633 897/1089/634
f 433/1090/609 897/1091/634 898/1092/610
f 435/1093/635 899/1094/620 900/1095/636
f 435/1093/635 901/1096/637 436/1097/638
f 434/1098/609 898/1099/610 899/1100/620
f 438/1101/606 902/1102/606 903/1103/639
f 440/1104/640 904/1105/641 905/1106/618
f 441/1107/640 905/1108/618 906/1109/642
f 439/1110/618 903/1111/639 904/1112/641
f 437/1113/606 901/1114/637 902/1115/606
f 442/1116/614 907/1117/643 908/1118/644
f 443/1119/641 909/1120/611 907/1117/643
f 445/1121/579 910/1122/614 911/1123/579
f 447/1124/645 911/1125/579 912/1126/646
f 448/1127/611 913/1128/647 914/1129/648
f 449/1130/647 912/1131/646 913/1132/647
f 446/1133/614 908/1134/644 910/1135/614
f 444/1136/640 906/1137/642 909/1138/611
f 432/1139/609 895/1083/624 896/1088/633
f 424/1140/609 886/1141/622 888/1142/625
f 422/1143/609 883/1049/616 887/1144/623
f 411/1145/623 796/1146/478 875/1035/607
s 0
f 860/1147/579 448/1127/579 914/1129/579
f 848/1148/649 408/1149/649 873/1023/649
s 1
f 846/1150/650 389/973/569 854/1151/570
f 837/1152/542 380/1153/552 845/959/556
f 830/1154/651 375/1155/547 840/945/548
f 828/1156/529 368/926/529 833/928/529
f 819/1157/652 362/1158/653 826/1159/526
s 0
f 450/1160/654 719/1161/654 254/1162/654
s 1
f 452/1163/655 917/1164/656 916/1165/657
f 453/1166/656 916/1167/657 918/1168/658
f 451/1169/659 919/1170/660 917/1171/656
f 454/1172/661 920/1173/662 919/1170/660
f 456/1174/663 820/1175/516 921/1176/664
f 457/1177/665 921/1176/664 922/1178/665
f 455/1179/666 922/1178/665 920/1173/662
f 450/1180/662 918/1168/658 915/1181/667
f 924/1182/668 459/1183/669 923/1184/670
f 923/1185/670 460/1186/671 925/1187/672
f 927/1188/673 462/1189/674 926/1190/675
f 463/1191/672 926/1192/675 462/1193/674
s 0
f 463/1191/676 704/1194/676 928/1195/676
s 1
f 929/1196/674 461/1197/677 927/1198/673
f 930/1199/678 464/1200/674 929/1196/674
f 925/1201/672 465/1202/678 930/1199/678
f 458/1203/679 816/1204/508 351/1205/680
s 0
f 18/1206/681 21/1207/681 14/1208/681
f 764/1209/682 758/1210/682 806/1211/682
s 1
f 2/1/1 1/1212/13 466/2/2
s 0
f 3/4/5 468/1213/5 469/5/5
f 5/7/92 470/10/92 468/8/92
f 5/9/4 2/1214/4 467/3/4
s 1
f 7/11/3 6/1215/8 472/12/7
f 8/14/1 7/1216/3 471/13/8
f 10/16/10 9/1217/1 475/17/11
f 6/19/8 10/16/10 474/20/10
s 0
f 12/22/12 11/1218/12 476/23/12
s 1
f 13/25/1 12/1219/1 477/26/11
f 9/28/1 13/1220/1 478/27/11
f 1/30/13 8/1221/1 473/31/9
f 15/32/14 14/85/53 479/33/15
f 16/35/17 15/1222/14 480/36/16
f 11/38/18 17/1223/19 482/39/19
f 17/41/19 16/1224/17 481/37/17
f 19/42/20 18/1225/52 483/43/21
f 20/45/23 19/1226/20 484/44/22
f 21/47/25 20/1227/23 485/48/24
f 22/50/27 23/53/29 487/51/28
f 23/53/29 21/1228/25 486/54/26
f 25/56/30 24/1229/51 489/57/31
f 26/59/33 25/1230/30 490/60/32
f 27/62/35 28/1231/38 492/63/36
f 28/65/38 26/59/33 491/61/34
f 29/67/39 27/1232/35 493/64/37
f 31/69/41 30/1233/49 495/70/42
f 32/72/44 33/1234/47 497/73/45
f 33/75/47 31/1235/41 496/71/43
f 34/76/48 32/1236/44 498/77/46
f 30/79/49 35/1237/50 500/80/50
f 24/82/51 34/1238/48 499/78/48
f 18/83/52 29/1239/39 494/68/40
f 14/85/53 22/50/27 488/86/27
s 0
f 500/87/54 35/1240/54 36/88/54
f 501/90/54 36/88/54 37/91/54
s 1
f 502/93/55 37/1241/55 38/94/56
f 39/96/58 504/1242/85 503/97/57
f 505/98/59 41/1243/59 40/99/60
f 42/101/62 507/1244/64 506/102/61
f 43/104/63 508/1245/63 507/105/64
f 44/106/65 510/1246/83 509/107/66
f 47/109/67 512/117/73 511/110/68
f 513/112/70 49/1247/70 48/113/71
f 46/111/69 511/1248/68 514/115/72
f 45/108/66 509/107/66 512/117/73
f 51/119/74 516/1249/81 515/120/75
f 517/122/76 53/1250/84 52/123/77
f 54/125/79 519/1251/80 518/126/78
f 50/128/75 515/1252/75 519/129/80
f 516/131/81 51/1253/74 55/132/82
f 510/134/83 44/106/65 53/135/84
f 508/136/63 43/1254/63 49/137/70
f 504/138/85 39/1255/58 41/139/59
f 57/140/86 521/1256/86 522/141/87
f 58/143/86 523/1257/88 521/144/86
f 59/146/88 524/1258/94 523/147/88
f 60/149/88 526/1259/86 525/150/89
f 62/152/87 527/1260/90 526/153/86
f 527/155/90 62/1261/87 4/156/91
f 61/151/89 525/1262/89 528/158/92
f 63/160/93 528/1263/92 529/161/91
f 64/162/91 529/1264/91 524/163/94
s 0
f 530/165/95 65/1265/95 56/142/95
s 1
f 67/167/96 532/1266/133 531/168/97
f 69/170/99 534/1267/99 533/171/100
f 71/173/102 536/406/105 535/174/103
f 72/176/104 537/179/106 536/177/105
f 73/178/106 538/190/110 537/179/106
f 75/181/103 540/185/108 539/182/107
f 76/184/103 541/188/109 540/185/108
f 70/187/103 535/1268/103 541/188/109
f 68/172/101 533/1269/100 538/190/110
f 78/192/108 543/388/112 542/193/111
f 79/195/103 544/1270/113 543/196/112
f 80/197/102 545/393/119 544/198/113
f 82/200/114 547/204/117 546/201/115
f 83/203/103 548/207/118 547/204/117
f 77/206/108 542/1271/111 548/207/118
f 74/209/105 539/1272/107 545/210/119
f 85/211/103 550/1273/132 549/212/120
f 87/214/104 552/218/121 551/215/100
f 88/217/104 553/1274/131 552/218/121
f 90/220/104 555/1275/118 554/221/122
f 91/223/104 556/1276/130 555/224/118
f 93/225/106 558/232/126 557/226/100
f 92/228/123 557/362/100 559/229/124
f 89/231/106 554/1277/122 558/232/126
f 560/234/127 96/1278/127 95/235/127
f 97/237/123 562/1279/129 561/238/128
f 94/230/125 559/1280/124 562/240/129
f 86/216/104 551/1281/100 556/242/130
f 84/244/105 549/370/120 553/245/131
f 81/247/116 546/1282/115 550/248/132
f 66/250/98 531/1283/97 534/251/99
f 98/253/96 563/293/96 532/254/133
f 99/256/134 565/290/134 564/257/135
f 102/259/136 567/1284/155 566/260/137
f 104/262/139 569/341/153 568/263/140
f 106/265/142 571/1285/151 570/266/143
f 107/268/145 572/1286/149 573/269/146
s 0
f 109/271/683 108/270/683 573/269/683
s 1
f 110/273/148 575/330/150 572/274/149
f 105/267/144 570/339/143 575/276/150
f 103/278/141 568/1287/140 571/279/151
f 111/281/152 576/342/154 569/282/153
f 101/284/138 566/1288/137 576/285/154
f 100/287/135 564/257/135 567/288/155
s 0
f 565/290/134 99/353/134 65/291/134
f 563/293/684 98/253/684 109/294/684
f 577/295/158 113/1289/158 112/296/158
f 578/298/158 112/1290/158 96/299/158
s 1
f 114/301/159 115/1291/163 579/302/160
f 116/304/162 114/1292/159 580/305/161
f 117/307/164 118/310/161 582/308/165
f 118/310/161 119/1293/162 584/311/162
f 119/313/162 120/323/163 585/314/166
f 121/315/167 122/1294/685 586/316/168
f 123/318/159 121/315/167 587/317/167
f 124/320/169 123/1295/159 588/321/169
f 120/323/163 124/320/169 589/324/163
f 115/326/163 117/1296/164 583/309/161
f 126/328/170 125/275/173 590/329/171
f 125/331/173 127/1297/174 592/269/174
f 128/333/175 126/1298/170 591/334/172
f 130/264/177 129/280/180 594/336/178
f 129/338/180 128/267/175 593/339/176
f 132/286/181 131/262/182 596/341/182
f 131/262/182 130/1299/177 595/343/179
f 133/284/184 132/1300/181 597/345/183
f 134/258/186 135/1301/186 599/347/186
f 135/289/186 133/284/184 598/349/185
s 0
f 122/351/188 136/256/188 601/290/188
f 136/353/188 134/287/188 600/257/188
s 1
f 138/355/189 137/235/229 602/236/190
f 139/357/192 138/237/189 603/356/191
f 141/358/194 140/1302/194 605/359/195
f 140/361/194 142/228/192 607/362/197
f 144/363/198 143/1303/198 608/364/199
f 145/365/198 144/243/198 609/366/200
f 147/368/194 146/371/198 611/369/201
f 148/213/203 147/1304/194 612/245/202
f 146/371/198 145/1305/198 610/215/197
f 143/373/198 141/222/194 606/374/196
f 142/227/192 139/1306/192 604/376/193
f 150/378/205 149/211/208 614/379/206
f 149/381/208 148/244/203 613/382/204
f 152/384/208 151/200/223 616/385/209
f 153/206/210 152/1307/208 617/386/204
f 155/199/208 154/1308/215 619/388/211
f 156/390/208 155/1309/208 620/391/212
f 157/392/208 156/1310/208 621/393/213
f 154/192/215 153/206/210 618/387/200
f 159/184/208 158/398/208 623/394/210
f 160/396/208 159/1311/208 624/188/216
f 158/398/208 157/1312/208 622/182/214
f 162/400/198 161/1313/216 626/401/210
f 163/402/194 162/180/198 627/179/217
f 164/172/219 163/178/194 628/404/218
f 161/405/216 160/1314/208 625/174/215
f 166/407/220 165/1315/221 630/251/221
f 165/409/221 164/1316/219 629/410/197
f 151/411/223 150/1317/205 615/201/207
f 167/253/224 168/255/193 632/254/225
f 168/255/193 166/250/220 631/168/222
f 169/271/227 167/253/224 633/293/226
f 137/239/229 113/1278/229 577/234/229
s 0
f 592/269/227 127/270/227 169/294/227
f 636/413/231 170/439/231 171/414/231
s 1
f 635/416/231 171/1318/686 172/417/232
f 639/419/233 173/1319/234 174/420/234
f 641/422/235 175/1320/238 176/423/233
s 0
f 177/425/238 178/432/238 642/426/238
s 1
f 640/424/236 176/1321/233 179/428/237
s 0
f 177/430/239 643/427/239 644/429/239
f 178/432/160 116/1322/160 581/433/160
s 1
f 638/421/234 174/1323/234 175/435/238
f 637/437/232 172/1324/232 173/438/234
f 170/439/237 636/413/237 645/440/239
f 646/442/241 181/1325/260 182/443/242
f 647/444/243 182/443/242 183/445/244
f 648/446/245 183/1326/244 184/447/246
f 650/449/248 185/1327/254 186/450/249
f 188/452/251 653/1328/253 652/453/252
f 653/455/253 188/1329/251 185/456/254
f 651/451/250 186/1330/249 189/458/255
f 654/460/256 189/1331/255 190/461/257
f 655/462/257 190/1332/257 191/463/258
f 656/465/259 191/1333/258 181/466/260
f 657/467/261 192/1334/265 193/468/262
f 659/470/264 194/482/274 192/471/265
f 658/472/263 193/1335/262 195/473/266
f 197/475/268 662/1336/271 661/476/269
f 662/478/271 197/1337/268 198/479/272
f 663/481/273 198/1338/272 194/482/274
f 664/484/275 199/493/284 200/485/276
f 202/487/278 201/1339/282 666/488/279
f 203/490/281 668/1340/283 666/488/279
f 668/492/283 203/1341/281 199/493/284
s 0
f 204/494/278 202/1342/278 667/489/278
s 1
f 665/496/277 200/485/276 205/497/286
f 207/499/288 672/1343/292 671/500/289
f 208/502/286 206/1344/290 671/503/289
f 672/505/292 207/499/288 209/506/293
f 674/508/294 209/1345/293 210/509/295
f 180/511/240 645/1346/239 675/512/296
f 670/498/287 205/1347/286 208/514/286
f 660/474/267 195/1348/266 204/515/278
f 649/516/247 184/1349/246 196/477/270
s 0
f 212/517/298 211/1350/298 676/518/298
f 211/520/298 187/1351/298 652/521/298
s 1
f 214/523/299 213/1352/346 678/524/300
f 215/526/302 214/1353/299 679/527/301
f 216/529/304 215/1354/302 680/530/303
f 217/532/306 218/1355/308 682/533/307
f 218/535/308 216/1356/304 681/536/305
f 220/537/309 219/1357/345 684/538/310
f 222/540/312 221/1358/321 686/541/313
f 224/543/315 223/1359/318 688/544/316
f 223/546/318 222/1360/312 687/547/314
f 225/548/319 224/1361/315 689/549/317
f 221/551/321 220/537/309 685/552/311
f 227/553/322 226/1362/344 691/554/323
f 228/556/325 227/1363/322 692/555/324
f 230/558/327 229/1364/334 694/559/328
f 231/561/330 230/1365/327 695/560/329
f 232/563/332 231/1366/330 696/564/331
f 229/566/334 228/1367/325 693/567/326
f 233/568/335 234/1368/342 698/569/336
f 235/571/338 233/568/335 699/570/337
f 236/573/340 235/1369/338 700/574/339
f 234/576/342 212/1370/343 677/577/343
f 226/578/344 236/1371/340 701/575/341
f 219/580/345 232/1372/332 697/565/333
f 213/582/346 225/1373/319 690/550/320
f 237/584/347 238/1374/360 702/585/348
f 239/587/350 237/1375/347 703/588/349
f 241/590/352 240/1376/348 706/591/353
f 240/593/348 242/1377/354 707/594/354
f 242/596/354 243/1378/359 708/597/355
f 244/598/356 217/1379/306 683/599/306
f 245/601/357 244/1380/356 709/602/356
f 246/604/347 245/1381/357 710/603/358
f 243/606/359 246/1382/347 711/605/347
f 238/608/360 241/590/352 705/592/352
f 248/610/361 712/614/361 713/611/362
f 249/613/363 714/1383/363 712/614/361
f 250/615/364 715/634/373 714/616/363
f 251/618/365 717/1384/368 716/619/366
f 253/621/363 718/1385/369 717/622/368
f 718/624/369 253/1386/363 254/625/363
f 252/627/367 716/1387/366 720/628/371
f 255/630/372 720/1388/371 721/631/365
f 256/633/365 721/1389/365 715/634/373
f 520/636/82 55/1390/82 247/612/362
f 257/638/374 258/1391/687 723/639/375
f 259/641/377 257/1392/374 722/642/376
f 723/644/375 258/1391/687 260/645/379
f 261/647/380 259/1393/377 724/648/378
f 262/650/381 261/647/380 726/651/380
f 264/653/382 263/1394/385 728/654/383
f 263/656/385 262/650/381 727/657/381
f 265/659/386 264/653/382 729/660/384
s 0
f 266/662/388 265/1395/388 730/661/388
s 1
f 268/664/389 267/667/392 732/665/390
f 267/667/392 269/1396/393 734/668/393
f 271/669/394 270/1397/397 735/670/395
f 270/672/397 268/1398/389 733/673/391
f 272/674/398 271/669/394 736/675/396
f 274/677/400 273/1399/405 738/678/401
f 275/680/403 274/1400/400 739/681/402
f 273/683/405 276/886/406 741/684/406
f 277/686/407 275/1401/403 740/682/404
f 278/688/409 277/1402/407 742/687/408
f 280/690/411 279/1403/418 744/691/412
f 281/693/414 280/1404/411 745/694/413
f 282/696/416 281/1405/414 746/697/415
f 279/699/418 283/1406/510 748/700/419
f 284/702/420 285/882/509 750/703/421
f 286/705/423 284/702/420 749/706/422
f 287/708/424 288/1407/427 752/709/425
f 288/711/427 286/705/423 751/712/423
f 290/714/428 289/878/507 754/715/429
f 291/717/431 292/1408/433 756/718/432
f 292/720/433 290/714/428 755/716/430
f 758/722/434 294/1409/435 293/723/435
f 760/725/436 296/737/445 295/726/437
f 761/728/436 295/726/437 297/729/438
f 763/731/440 298/1410/444 299/732/441
f 765/734/443 300/1411/444 298/735/444
f 764/733/442 299/1412/441 296/737/445
f 762/738/439 297/1413/438 294/739/435
f 766/741/446 301/758/450 302/742/447
f 767/743/447 302/1414/447 303/744/444
f 769/746/449 304/1415/688 305/747/450
f 771/749/451 306/1416/448 307/750/448
f 772/752/448 307/1417/448 308/753/452
f 308/755/452 304/1418/688 769/756/449
f 770/757/447 305/1419/450 301/758/450
f 774/759/454 310/1420/448 309/760/448
f 775/761/455 309/1421/448 311/762/448
f 776/764/456 311/1422/448 306/765/448
f 777/767/457 313/1423/458 312/768/458
f 778/770/459 312/1424/458 314/771/448
f 780/773/461 316/1425/465 315/774/458
f 781/776/462 315/1426/458 317/777/458
f 782/779/445 317/1427/458 313/780/458
f 783/781/463 319/1428/465 318/782/448
f 784/784/464 318/1429/448 316/785/465
f 779/787/460 314/1430/448 310/788/448
f 768/790/448 303/1431/444 300/791/444
f 785/793/466 321/1432/448 320/794/465
f 787/796/468 322/1433/472 321/797/448
f 788/799/464 324/1434/448 323/800/469
f 790/802/471 325/814/450 324/803/448
f 789/804/470 323/1435/469 322/805/472
f 791/807/473 327/1436/448 326/808/450
f 793/810/475 328/1437/448 327/811/448
f 792/813/474 326/808/450 325/814/450
f 794/816/476 330/1438/450 329/817/450
f 332/819/466 797/822/479 796/820/478
f 797/822/479 332/1439/466 330/823/450
f 795/825/477 329/1440/450 328/826/448
f 786/795/467 320/794/465 319/828/465
f 334/830/480 333/1441/483 798/831/481
f 333/833/483 335/1442/484 800/834/484
f 336/836/485 334/1443/480 799/837/482
f 338/839/487 337/1444/490 802/840/488
f 337/842/490 339/1445/494 804/843/491
f 340/845/492 338/839/487 803/846/489
f 339/848/494 336/836/485 801/838/486
f 341/850/495 340/1446/492 805/851/493
f 343/853/496 342/1447/498 807/854/493
f 342/856/498 341/1448/495 806/852/493
f 345/858/499 344/1449/506 809/859/499
f 346/861/501 345/858/499 810/862/500
s 0
f 348/864/474 347/871/474 812/865/474
s 1
f 350/867/503 349/1450/689 814/868/504
f 814/868/504 349/1451/689 348/864/505
f 347/871/501 346/1452/501 811/863/502
f 344/873/506 343/1453/496 808/874/497
s 0
f 266/662/690 731/663/690 800/876/690
f 350/867/435 815/869/435 759/724/435
s 1
f 289/878/507 351/1454/680 816/879/508
f 291/880/431 757/719/431 750/881/421
f 287/883/424 753/710/426 748/700/419
f 282/885/416 747/698/417 741/684/406
f 278/887/409 743/689/410 734/888/393
f 272/890/398 737/676/399 725/891/379
f 353/893/511 818/1455/515 817/894/512
f 354/896/514 819/1456/652 818/897/515
f 820/898/516 356/1457/691 355/899/517
f 357/901/519 822/904/520 821/900/518
f 352/903/513 817/894/512 822/904/520
f 359/906/521 824/1458/525 823/907/522
f 360/909/524 825/918/530 824/910/525
f 826/912/526 362/1158/653 361/913/527
f 358/908/523 823/1459/522 827/915/528
f 363/917/529 828/1156/529 825/918/530
f 365/920/531 830/1460/651 829/921/532
f 366/923/534 831/930/537 832/924/535
f 368/926/529 367/925/535 832/927/535
f 369/929/536 834/1461/538 831/930/537
f 364/931/533 829/1462/532 834/932/538
f 371/934/539 836/1463/543 835/935/540
f 372/937/542 837/1464/542 836/938/543
f 374/940/544 373/1465/549 838/941/545
f 375/943/547 374/1466/544 839/944/546
f 370/936/541 835/1467/540 838/946/545
f 376/948/550 841/955/555 842/949/551
f 378/951/552 377/950/551 842/952/551
f 379/954/554 844/961/554 841/955/555
s 0
f 380/957/552 378/1468/552 843/958/552
s 1
f 381/960/557 846/1150/650 844/961/554
f 383/962/558 848/1469/692 847/963/559
f 385/965/561 850/981/575 849/966/562
f 386/968/564 851/1470/572 852/969/565
f 388/971/567 387/1471/566 852/969/565
f 389/973/569 388/1472/567 853/972/568
f 390/975/571 855/1473/573 851/976/572
f 384/978/563 849/1474/562 855/979/573
f 391/980/574 856/1475/576 850/981/575
f 382/982/560 847/963/559 856/983/576
s 0
f 393/985/693 858/1476/693 857/986/693
s 1
f 392/988/578 857/986/694 859/989/577
f 395/991/579 860/1477/580 858/992/580
f 397/994/581 862/1004/587 861/995/581
f 399/997/583 864/1478/586 863/998/584
f 396/1000/582 861/1479/581 864/1001/586
f 394/1003/578 859/1480/577 862/1004/587
f 401/1006/588 866/1481/604 865/1007/589
f 403/1009/591 868/1482/595 867/1010/592
f 404/1012/594 869/1483/597 868/1013/595
f 405/1015/596 870/1484/602 869/1016/597
f 406/1018/598 871/1485/601 872/1019/599
s 0
f 408/1021/695 407/1486/695 872/1022/695
s 1
f 402/1024/593 867/1487/592 871/1025/601
f 400/1008/590 865/1488/589 870/1027/602
f 409/1029/603 874/1033/605 866/1030/604
f 398/1032/585 863/998/584 874/1033/605
f 410/1034/606 411/1489/623 875/1035/607
f 412/1037/609 413/1490/606 877/1038/610
f 413/1040/606 410/1491/606 876/1041/608
f 414/1043/606 415/1492/606 879/1044/612
f 415/1046/606 416/1493/609 881/1047/614
f 418/1048/615 882/1053/619 883/1049/616
f 418/1051/615 419/1494/609 884/1052/618
f 419/1054/609 414/1495/606 880/1055/613
f 416/1057/609 412/1496/609 878/1058/611
f 420/1060/620 421/1497/620 885/1061/621
f 421/1063/620 422/1498/609 887/1064/623
f 423/1066/624 424/1140/609 888/1067/625
f 425/1069/624 426/1499/630 890/1070/627
f 427/1072/624 425/1069/624 891/1073/628
f 426/1075/630 423/1500/624 889/1076/626
f 428/1078/609 429/1084/624 893/1079/631
f 430/1081/609 428/1078/609 894/1082/632
f 429/1084/624 427/1501/624 892/1085/629
f 431/1087/609 432/1502/609 896/1088/633
f 433/1090/609 431/1503/609 897/1091/634
f 435/1093/635 434/1504/609 899/1094/620
f 435/1093/635 900/1505/636 901/1096/637
f 434/1098/609 433/1506/609 898/1099/610
f 438/1101/606 437/1507/606 902/1102/606
f 440/1104/640 439/1508/618 904/1105/641
f 441/1107/640 440/1509/640 905/1108/618
f 439/1110/618 438/1510/606 903/1111/639
f 437/1113/606 436/1511/638 901/1114/637
f 442/1116/614 443/1512/641 907/1117/643
f 443/1119/641 444/1513/640 909/1120/611
f 445/1121/579 446/1514/614 910/1122/614
f 447/1124/645 445/1515/579 911/1125/579
f 448/1127/611 449/1516/647 913/1128/647
f 449/1130/647 447/1517/645 912/1131/646
f 446/1133/614 442/1518/614 908/1134/644
f 444/1136/640 441/1519/640 906/1137/642
f 432/1139/609 430/1081/609 895/1083/624
f 424/1140/609 420/1520/620 886/1141/622
f 422/1143/609 417/1521/617 883/1049/616
f 411/1145/623 331/1522/478 796/1146/478
s 0
f 860/1147/611 395/1523/611 448/1127/611
f 848/1148/696 383/962/696 408/1149/696
s 1
f 846/1150/650 381/1524/557 389/973/569
f 837/1152/542 372/1525/542 380/1153/552
f 830/1154/651 365/1526/531 375/1155/547
f 828/1156/529 363/1527/529 368/926/529
f 819/1157/652 354/1528/514 362/1158/653
s 0
f 450/1160/654 915/1529/654 719/1161/654
s 1
f 452/1163/655 451/1530/659 917/1164/656
f 453/1166/656 452/1531/655 916/1167/657
f 451/1169/659 454/1172/661 919/1170/660
f 454/1172/661 455/1532/666 920/1173/662
f 456/1174/663 356/1533/691 820/1175/516
f 457/1177/665 456/1534/663 921/1176/664
f 455/1179/666 457/1177/665 922/1178/665
f 450/1180/662 453/1535/656 918/1168/658
f 924/1182/668 458/1203/679 459/1183/669
f 923/1185/670 459/1183/669 460/1186/671
f 927/1188/673 461/1536/677 462/1189/674
f 463/1191/672 928/1195/670 926/1192/675
s 0
f 463/1191/697 239/1537/697 704/1194/697
s 1
f 929/1196/674 464/1538/674 461/1197/677
f 930/1199/678 465/1539/678 464/1200/674
f 925/1201/672 460/1540/671 465/1202/678
f 458/1203/679 924/1541/668 816/1204/508
s 0
f 458/1542/698 351/1543/698 289/1544/698
f 289/1544/699 290/1545/699 292/1546/699
f 292/1546/700 291/1547/700 285/1548/700
f 284/1549/54 286/1550/54 288/1551/54
f 292/1546/700 285/1548/700 284/1549/700
f 459/1552/700 458/1542/700 289/1544/700
f 289/1544/700 292/1546/700 284/1549/700
f 284/1549/701 288/1551/701 287/1553/701
f 287/1553/700 283/1554/700 279/1555/700
f 279/1555/702 280/1556/702 281/1557/702
f 281/1557/700 282/1558/700 276/1559/700
f 273/1560/703 274/1561/703 275/1562/703
f 281/1557/704 276/1559/704 273/1560/704
f 287/1553/705 279/1555/705 281/1557/705
f 289/1544/700 284/1549/700 287/1553/700
f 460/1563/706 459/1552/706 289/1544/706
f 464/1564/707 465/1565/707 460/1563/707
f 462/1566/708 461/1567/708 464/1564/708
f 239/1568/700 463/1569/700 462/1566/700
f 238/1570/709 237/1571/709 239/1568/709
f 240/1572/700 241/1573/700 238/1570/700
f 243/1574/710 242/1575/710 240/1572/710
f 245/1576/700 246/1577/700 243/1574/700
f 217/1578/711 244/1579/711 245/1576/711
f 216/1580/700 218/1581/700 217/1578/700
f 214/1582/700 215/1583/700 216/1580/700
f 224/1584/700 225/1585/700 213/1586/700
f 213/1586/700 214/1582/700 216/1580/700
f 216/1580/704 217/1578/704 245/1576/704
f 245/1576/712 243/1574/712 240/1572/712
f 238/1570/700 239/1568/700 462/1566/700
f 245/1576/713 240/1572/713 238/1570/713
f 213/1586/700 216/1580/700 245/1576/700
f 223/1587/714 224/1584/714 213/1586/714
f 221/1588/700 222/1589/700 223/1587/700
f 220/1590/700 221/1588/700 223/1587/700
f 223/1587/715 213/1586/715 245/1576/715
f 245/1576/700 238/1570/700 462/1566/700
f 462/1566/716 464/1564/716 460/1563/716
f 460/1563/700 289/1544/700 287/1553/700
f 287/1553/717 281/1557/717 273/1560/717
f 273/1560/700 275/1562/700 277/1591/700
f 277/1591/718 278/1592/718 269/1593/718
f 267/1594/719 268/1595/719 270/1596/719
f 277/1591/720 269/1593/720 267/1594/720
f 287/1553/701 273/1560/701 277/1591/701
f 462/1566/721 460/1563/721 287/1553/721
f 223/1587/700 245/1576/700 462/1566/700
f 219/1597/703 220/1590/703 223/1587/703
f 231/1598/700 232/1599/700 219/1597/700
f 229/1600/700 230/1601/700 231/1598/700
f 226/1602/722 227/1603/722 228/1604/722
f 228/1604/700 229/1600/700 231/1598/700
f 219/1597/700 223/1587/700 462/1566/700
f 228/1604/717 231/1598/717 219/1597/717
f 235/1605/723 236/1606/723 226/1602/723
f 226/1602/700 228/1604/700 219/1597/700
f 219/1597/700 462/1566/700 287/1553/700
f 287/1553/700 277/1591/700 267/1594/700
f 267/1594/700 270/1596/700 271/1607/700
f 272/1608/700 260/1609/700 258/1610/700
f 267/1594/700 271/1607/700 272/1608/700
f 219/1597/700 287/1553/700 267/1594/700
f 235/1605/715 226/1602/715 219/1597/715
f 234/1611/700 233/1612/700 235/1605/700
f 211/1613/700 212/1614/700 234/1611/700
f 188/1615/717 187/1616/717 211/1613/717
f 186/1617/724 185/1618/724 188/1615/724
f 190/1619/725 189/1620/725 186/1617/725
f 181/1621/700 191/1622/700 190/1619/700
f 183/1623/700 182/1624/700 181/1621/700
f 196/1625/726 184/1626/726 183/1623/726
f 194/1627/727 198/1628/727 197/1629/727
f 197/1629/700 196/1625/700 183/1623/700
f 183/1623/728 181/1621/728 190/1619/728
f 190/1619/700 186/1617/700 188/1615/700
f 188/1615/700 211/1613/700 234/1611/700
f 234/1611/700 235/1605/700 219/1597/700
f 219/1597/700 267/1594/700 272/1608/700
f 272/1608/700 258/1610/700 257/1630/700
f 257/1630/729 259/1631/729 261/1632/729
f 261/1632/730 262/1633/730 263/1634/730
f 263/1634/731 264/1635/731 265/1636/731
f 266/1637/700 335/1638/700 333/1639/700
f 263/1634/732 265/1636/732 266/1637/732
f 257/1630/700 261/1632/700 263/1634/700
f 219/1597/700 272/1608/700 257/1630/700
f 188/1615/700 234/1611/700 219/1597/700
f 183/1623/704 190/1619/704 188/1615/704
f 192/1640/733 194/1627/733 197/1629/733
f 197/1629/681 183/1623/681 188/1615/681
f 188/1615/700 219/1597/700 257/1630/700
f 257/1630/700 263/1634/700 266/1637/700
f 333/1639/700 334/1641/700 336/1642/700
f 257/1630/700 266/1637/700 333/1639/700
f 197/1629/700 188/1615/700 257/1630/700
f 193/1643/700 192/1640/700 197/1629/700
f 204/1644/734 195/1645/734 193/1643/734
f 203/1646/735 201/1647/735 202/1648/735
f 202/1648/700 204/1644/700 193/1643/700
f 193/1643/700 197/1629/700 257/1630/700
f 257/1630/736 333/1639/736 336/1642/736
f 336/1642/737 339/1649/737 337/1650/737
f 337/1650/738 338/1651/738 340/1652/738
f 340/1652/739 341/1653/739 342/1654/739
f 342/1654/700 343/1655/700 344/1656/700
f 344/1656/740 345/1657/740 346/1658/740
f 346/1658/700 347/1659/700 348/1660/700
f 348/1660/700 349/1661/700 350/1662/700
f 350/1662/741 293/1663/741 294/1664/741
f 294/1664/700 297/1665/700 295/1666/700
f 295/1666/742 296/1667/742 299/1668/742
f 299/1668/743 298/1669/743 300/1670/743
f 300/1670/744 303/1671/744 302/1672/744
f 301/1673/745 305/1674/745 304/1675/745
f 300/1670/700 302/1672/700 301/1673/700
f 295/1666/746 299/1668/746 300/1670/746
f 350/1662/747 294/1664/747 295/1666/747
f 346/1658/748 348/1660/748 350/1662/748
f 342/1654/700 344/1656/700 346/1658/700
f 337/1650/749 340/1652/749 342/1654/749
f 257/1630/750 336/1642/750 337/1650/750
f 202/1648/700 193/1643/700 257/1630/700
f 200/1676/700 199/1677/700 203/1646/700
f 203/1646/700 202/1648/700 257/1630/700
f 257/1630/701 337/1650/701 342/1654/701
f 342/1654/700 346/1658/700 350/1662/700
f 350/1662/731 295/1666/731 300/1670/731
f 300/1670/751 301/1673/751 304/1675/751
f 304/1675/700 308/1678/700 307/1679/700
f 307/1679/752 306/1680/752 311/1681/752
f 311/1681/753 309/1682/753 310/1683/753
f 310/1683/54 314/1684/54 312/1685/54
f 312/1685/742 313/1686/742 317/1687/742
f 310/1683/700 312/1685/700 317/1687/700
f 307/1679/700 311/1681/700 310/1683/700
f 300/1670/700 304/1675/700 307/1679/700
f 342/1654/721 350/1662/721 300/1670/721
f 203/1646/700 257/1630/700 342/1654/700
f 205/1688/700 200/1676/700 203/1646/700
f 207/1689/715 206/1690/715 208/1691/715
f 208/1691/720 205/1688/720 203/1646/720
f 203/1646/700 342/1654/700 300/1670/700
f 300/1670/700 307/1679/700 310/1683/700
f 310/1683/700 317/1687/700 315/1692/700
f 300/1670/754 310/1683/754 315/1692/754
f 208/1691/700 203/1646/700 300/1670/700
f 210/1693/754 209/1694/754 207/1689/754
f 207/1689/700 208/1691/700 300/1670/700
f 300/1670/755 315/1692/755 316/1695/755
f 318/1696/756 319/1697/756 320/1698/756
f 300/1670/757 316/1695/757 318/1696/757
f 210/1693/700 207/1689/700 300/1670/700
f 170/1699/758 180/1700/758 210/1693/758
f 172/1701/759 171/1702/759 170/1699/759
f 174/1703/700 173/1704/700 172/1701/700
f 176/1705/760 175/1706/760 174/1703/760
f 177/1707/700 179/1708/700 176/1705/700
f 116/1709/700 178/1710/700 177/1707/700
f 115/1711/761 114/1712/761 116/1709/761
f 118/1713/762 117/1714/762 115/1711/762
f 120/1715/700 119/1716/700 118/1713/700
f 123/1717/763 124/1718/763 120/1715/763
f 122/1719/764 121/1720/764 123/1717/764
f 134/1721/765 136/1722/765 122/1719/765
f 133/1723/766 135/1724/766 134/1721/766
f 131/1725/767 132/1726/767 133/1723/767
f 129/1727/768 130/1728/768 131/1725/768
f 126/1729/769 128/1730/769 129/1727/769
f 169/1731/770 127/1732/770 125/1733/770
f 125/1733/771 126/1729/771 129/1727/771
f 129/1727/772 131/1725/772 133/1723/772
f 133/1723/773 134/1721/773 122/1719/773
f 122/1719/700 123/1717/700 120/1715/700
f 120/1715/774 118/1713/774 115/1711/774
f 115/1711/775 116/1709/775 177/1707/775
f 176/1705/700 174/1703/700 172/1701/700
f 115/1711/700 177/1707/700 176/1705/700
f 122/1719/700 120/1715/700 115/1711/700
f 129/1727/776 133/1723/776 122/1719/776
f 167/1734/700 169/1731/700 125/1733/700
f 125/1733/777 129/1727/777 122/1719/777
f 122/1719/736 115/1711/736 176/1705/736
f 176/1705/778 172/1701/778 170/1699/778
f 170/1699/700 210/1693/700 300/1670/700
f 300/1670/779 318/1696/779 320/1698/779
f 320/1698/700 321/1735/700 322/1736/700
f 322/1736/54 323/1737/54 324/1738/54
f 325/1739/682 326/1740/682 327/1741/682
f 327/1741/54 328/1742/54 329/1743/54
f 300/1670/780 320/1698/780 322/1736/780
f 176/1705/700 170/1699/700 300/1670/700
f 125/1733/717 122/1719/717 176/1705/717
f 168/1744/700 167/1734/700 125/1733/700
f 165/1745/781 166/1746/781 168/1744/781
f 163/1747/700 164/1748/700 165/1745/700
f 161/1749/700 162/1750/700 163/1747/700
f 159/1751/700 160/1752/700 161/1749/700
f 157/1753/718 158/1754/718 159/1751/718
f 155/1755/782 156/1756/782 157/1753/782
f 153/1757/709 154/1758/709 155/1755/709
f 151/1759/709 152/1760/709 153/1757/709
f 149/1761/783 150/1762/783 151/1759/783
f 153/1757/700 155/1755/700 157/1753/700
f 157/1753/784 159/1751/784 161/1749/784
f 161/1749/700 163/1747/700 165/1745/700
f 165/1745/700 168/1744/700 125/1733/700
f 125/1733/700 176/1705/700 300/1670/700
f 300/1670/785 322/1736/785 324/1738/785
f 300/1670/786 324/1738/786 325/1739/786
f 165/1745/700 125/1733/700 300/1670/700
f 157/1753/787 161/1749/787 165/1745/787
f 153/1757/700 157/1753/700 165/1745/700
f 165/1745/700 300/1670/700 325/1739/700
f 165/1745/700 325/1739/700 327/1741/700
f 151/1759/700 153/1757/700 165/1745/700
f 149/1761/700 151/1759/700 165/1745/700
f 165/1745/700 327/1741/700 329/1743/700
f 165/1745/700 329/1743/700 330/1763/700
f 148/1764/700 149/1761/700 165/1745/700
f 147/1765/788 148/1764/788 165/1745/788
f 165/1745/681 330/1763/681 332/1766/681
f 332/1766/700 331/1767/700 411/1768/700
f 332/1766/700 411/1768/700 410/1769/700
f 147/1765/700 165/1745/700 332/1766/700
f 146/1770/700 147/1765/700 332/1766/700
f 332/1766/700 410/1769/700 413/1771/700
f 413/1771/682 412/1772/682 416/1773/682
f 416/1773/298 415/1774/298 414/1775/298
f 419/1776/789 418/1777/789 417/1778/789
f 417/1778/700 422/1779/700 421/1780/700
f 421/1780/298 420/1781/298 424/1782/298
f 332/1766/700 413/1771/700 416/1773/700
f 145/1783/701 146/1770/701 332/1766/701
f 144/1784/704 145/1783/704 332/1766/704
f 332/1766/700 416/1773/700 414/1775/700
f 332/1766/700 414/1775/700 419/1776/700
f 143/1785/701 144/1784/701 332/1766/701
f 142/1786/790 140/1787/790 141/1788/790
f 141/1788/717 143/1785/717 332/1766/717
f 332/1766/700 419/1776/700 417/1778/700
f 332/1766/700 417/1778/700 421/1780/700
f 142/1786/681 141/1788/681 332/1766/681
f 138/1789/791 139/1790/791 142/1786/791
f 112/1791/700 113/1792/700 137/1793/700
f 138/1789/700 142/1786/700 332/1766/700
f 112/1791/700 137/1793/700 138/1789/700
f 95/1794/700 96/1795/700 112/1791/700
f 94/1796/700 97/1797/700 95/1794/700
f 94/1796/700 95/1794/700 112/1791/700
f 112/1791/700 138/1789/700 332/1766/700
f 332/1766/700 421/1780/700 424/1782/700
f 332/1766/700 424/1782/700 423/1798/700
f 94/1796/700 112/1791/700 332/1766/700
f 92/1799/701 94/1796/701 332/1766/701
f 332/1766/717 423/1798/717 426/1800/717
f 425/1801/766 427/1802/766 429/1803/766
f 332/1766/700 426/1800/700 425/1801/700
f 93/1804/700 92/1799/700 332/1766/700
f 89/1805/776 93/1804/776 332/1766/776
f 332/1766/700 425/1801/700 429/1803/700
f 429/1803/298 428/1806/298 430/1807/298
f 430/1807/792 432/1808/792 431/1809/792
f 431/1809/700 433/1810/700 434/1811/700
f 434/1811/793 435/1812/793 436/1813/793
f 436/1813/794 437/1814/794 438/1815/794
f 438/1815/700 439/1816/700 440/1817/700
f 441/1818/700 444/1819/700 443/1820/700
f 438/1815/795 440/1817/795 441/1818/795
f 434/1811/745 436/1813/745 438/1815/745
f 430/1807/700 431/1809/700 434/1811/700
f 332/1766/700 429/1803/700 430/1807/700
f 90/1821/681 89/1805/681 332/1766/681
f 91/1822/796 90/1821/796 332/1766/796
f 332/1766/700 430/1807/700 434/1811/700
f 434/1811/700 438/1815/700 441/1818/700
f 441/1818/797 443/1820/797 442/1823/797
f 442/1823/700 446/1824/700 445/1825/700
f 447/1826/780 449/1827/780 448/1828/780
f 442/1823/798 445/1825/798 447/1826/798
f 434/1811/799 441/1818/799 442/1823/799
f 91/1822/700 332/1766/700 434/1811/700
f 86/1829/715 91/1822/715 434/1811/715
f 434/1811/800 442/1823/800 447/1826/800
f 447/1826/801 448/1828/801 395/1830/801
f 395/1830/700 393/1831/700 392/1832/700
f 394/1833/780 397/1834/780 396/1835/780
f 395/1830/700 392/1832/700 394/1833/700
f 434/1811/700 447/1826/700 395/1830/700
f 87/1836/796 86/1829/796 434/1811/796
f 85/1837/802 84/1838/802 88/1839/802
f 88/1839/700 87/1836/700 434/1811/700
f 434/1811/803 395/1830/803 394/1833/803
f 394/1833/804 396/1835/804 399/1840/804
f 399/1840/700 398/1841/700 409/1842/700
f 401/1843/805 400/1844/805 405/1845/805
f 399/1840/806 409/1842/806 401/1843/806
f 434/1811/704 394/1833/704 399/1840/704
f 85/1837/681 88/1839/681 434/1811/681
f 82/1846/700 81/1847/700 85/1837/700
f 82/1846/717 85/1837/717 434/1811/717
f 434/1811/704 399/1840/704 401/1843/704
f 401/1843/807 405/1845/807 404/1848/807
f 404/1848/700 403/1849/700 402/1850/700
f 406/1851/808 407/1852/808 408/1853/808
f 404/1848/809 402/1850/809 406/1851/809
f 434/1811/796 401/1843/796 404/1848/796
f 83/1854/700 82/1846/700 434/1811/700
f 79/1855/810 78/1856/810 77/1857/810
f 77/1857/681 83/1854/681 434/1811/681
f 434/1811/721 404/1848/721 406/1851/721
f 406/1851/811 408/1853/811 383/1858/811
f 383/1858/812 382/1859/812 391/1860/812
f 391/1860/700 385/1861/700 384/1862/700
f 384/1862/700 390/1863/700 386/1864/700
f 386/1864/813 387/1865/813 388/1866/813
f 388/1866/700 389/1867/700 381/1868/700
f 381/1868/682 379/1869/682 376/1870/682
f 376/1870/814 377/1871/814 378/1872/814
f 380/1873/750 372/1874/750 371/1875/750
f 376/1870/773 378/1872/773 380/1873/773
f 388/1866/700 381/1868/700 376/1870/700
f 391/1860/700 384/1862/700 386/1864/700
f 386/1864/700 388/1866/700 376/1870/700
f 376/1870/681 380/1873/681 371/1875/681
f 370/1876/815 373/1877/815 374/1878/815
f 376/1870/796 371/1875/796 370/1876/796
f 391/1860/700 386/1864/700 376/1870/700
f 406/1851/777 383/1858/777 391/1860/777
f 77/1857/700 434/1811/700 406/1851/700
f 80/1879/700 79/1855/700 77/1857/700
f 75/1880/816 74/1881/816 80/1879/816
f 70/1882/700 76/1883/700 75/1880/700
f 72/1884/700 71/1885/700 70/1882/700
f 68/1886/700 73/1887/700 72/1884/700
f 66/1888/700 69/1889/700 68/1886/700
f 98/1890/817 67/1891/817 66/1888/817
f 108/1892/682 109/1893/682 98/1890/682
f 105/1894/818 110/1895/818 107/1896/818
f 107/1896/776 108/1892/776 98/1890/776
f 98/1890/700 66/1888/700 68/1886/700
f 68/1886/700 72/1884/700 70/1882/700
f 70/1882/819 75/1880/819 80/1879/819
f 80/1879/700 77/1857/700 406/1851/700
f 406/1851/700 391/1860/700 376/1870/700
f 376/1870/700 370/1876/700 374/1878/700
f 374/1878/700 375/1897/700 365/1898/700
f 365/1898/700 364/1899/700 369/1900/700
f 366/1901/717 367/1902/717 368/1903/717
f 365/1898/700 369/1900/700 366/1901/700
f 376/1870/700 374/1878/700 365/1898/700
f 80/1879/700 406/1851/700 376/1870/700
f 68/1886/820 70/1882/820 80/1879/820
f 107/1896/700 98/1890/700 68/1886/700
f 106/1904/821 105/1894/821 107/1896/821
f 104/1905/822 103/1906/822 106/1904/822
f 101/1907/823 111/1908/823 104/1905/823
f 100/1909/298 102/1910/298 101/1907/298
f 65/1911/700 99/1912/700 100/1909/700
f 57/1913/700 56/1914/700 65/1911/700
f 59/1915/766 58/1916/766 57/1913/766
f 63/1917/700 64/1918/700 59/1915/700
f 60/1919/824 61/1920/824 63/1917/824
f 4/1921/825 62/1922/825 60/1919/825
f 5/1923/700 3/1924/700 4/1921/700
f 1/1925/700 2/1926/700 5/1923/700
f 6/1927/790 7/1928/790 8/1929/790
f 8/1929/700 1/1925/700 5/1923/700
f 5/1923/700 4/1921/700 60/1919/700
f 60/1919/795 63/1917/795 59/1915/795
f 59/1915/700 57/1913/700 65/1911/700
f 65/1911/826 100/1909/826 101/1907/826
f 101/1907/700 104/1905/700 106/1904/700
f 106/1904/700 107/1896/700 68/1886/700
f 68/1886/700 80/1879/700 376/1870/700
f 376/1870/700 365/1898/700 366/1901/700
f 366/1901/721 368/1903/721 363/1930/721
f 363/1930/700 360/1931/700 359/1932/700
f 359/1932/700 358/1933/700 361/1934/700
f 361/1934/826 362/1935/826 354/1936/826
f 354/1936/827 353/1937/827 352/1938/827
f 352/1938/828 357/1939/828 355/1940/828
f 355/1940/813 356/1941/813 456/1942/813
f 456/1942/700 457/1943/700 455/1944/700
f 455/1944/700 454/1945/700 451/1946/700
f 451/1946/700 452/1947/700 453/1948/700
f 453/1948/727 450/1949/727 254/1950/727
f 453/1948/829 254/1950/829 253/1951/829
f 455/1944/700 451/1946/700 453/1948/700
f 355/1940/830 456/1942/830 455/1944/830
f 354/1936/831 352/1938/831 355/1940/831
f 363/1930/701 359/1932/701 361/1934/701
f 361/1934/700 354/1936/700 355/1940/700
f 355/1940/832 455/1944/832 453/1948/832
f 453/1948/803 253/1951/803 251/1952/803
f 251/1952/700 252/1953/700 255/1954/700
f 255/1954/700 256/1955/700 250/1956/700
f 250/1956/700 249/1957/700 248/1958/700
f 248/1958/700 247/1959/700 55/1960/700
f 55/1960/777 51/1961/777 50/1962/777
f 50/1962/700 54/1963/700 52/1964/700
f 52/1964/796 53/1965/796 44/1966/796
f 44/1966/833 45/1967/833 47/1968/833
f 47/1968/834 46/1969/834 48/1970/834
f 48/1970/701 49/1971/701 43/1972/701
f 43/1972/700 42/1973/700 40/1974/700
f 40/1974/720 41/1975/720 39/1976/720
f 38/1977/700 37/1978/700 36/1979/700
f 40/1974/796 39/1976/796 38/1977/796
f 48/1970/700 43/1972/700 40/1974/700
f 44/1966/715 47/1968/715 48/1970/715
f 55/1960/704 50/1962/704 52/1964/704
f 52/1964/700 44/1966/700 48/1970/700
f 48/1970/717 40/1974/717 38/1977/717
f 38/1977/776 36/1979/776 35/1980/776
f 30/1981/704 31/1982/704 33/1983/704
f 38/1977/700 35/1980/700 30/1981/700
f 52/1964/700 48/1970/700 38/1977/700
f 248/1958/734 55/1960/734 52/1964/734
f 255/1954/835 250/1956/835 248/1958/835
f 453/1948/836 251/1952/836 255/1954/836
f 361/1934/681 355/1940/681 453/1948/681
f 366/1901/717 363/1930/717 361/1934/717
f 68/1886/700 376/1870/700 366/1901/700
f 101/1907/715 106/1904/715 68/1886/715
f 59/1915/700 65/1911/700 101/1907/700
f 8/1929/700 5/1923/700 60/1919/700
f 60/1919/700 59/1915/700 101/1907/700
f 101/1907/700 68/1886/700 366/1901/700
f 366/1901/700 361/1934/700 453/1948/700
f 453/1948/827 255/1954/827 248/1958/827
f 248/1958/700 52/1964/700 38/1977/700
f 38/1977/700 30/1981/700 33/1983/700
f 33/1983/700 32/1984/700 34/1985/700
f 24/1986/700 25/1987/700 26/1988/700
f 33/1983/700 34/1985/700 24/1986/700
f 248/1958/700 38/1977/700 33/1983/700
f 366/1901/700 453/1948/700 248/1958/700
f 60/1919/700 101/1907/700 366/1901/700
f 6/1927/700 8/1929/700 60/1919/700
f 9/1989/700 10/1990/700 6/1927/700
f 11/1991/837 12/1992/837 13/1993/837
f 13/1993/700 9/1989/700 6/1927/700
f 6/1927/700 60/1919/700 366/1901/700
f 366/1901/700 248/1958/700 33/1983/700
f 24/1986/814 26/1988/814 28/1994/814
f 366/1901/700 33/1983/700 24/1986/700
f 13/1993/700 6/1927/700 366/1901/700
f 17/1995/838 11/1991/838 13/1993/838
f 15/1996/839 16/1997/839 17/1995/839
f 23/1998/750 22/1999/750 14/1208/750
f 14/1208/700 15/1996/700 17/1995/700
f 17/1995/700 13/1993/700 366/1901/700
f 366/1901/700 24/1986/700 28/1994/700
f 28/1994/840 27/2000/840 29/2001/840
f 18/1206/700 19/2002/700 20/2003/700
f 28/1994/700 29/2001/700 18/1206/700
f 17/1995/700 366/1901/700 28/1994/700
f 21/1207/776 23/1998/776 14/1208/776
f 14/1208/700 17/1995/700 28/1994/700
f 18/1206/715 20/2003/715 21/1207/715
f 14/1208/796 28/1994/796 18/1206/796
f 468/2004/841 470/2005/841 467/2006/841
f 468/2004/682 467/2006/682 466/2007/682
f 527/2008/682 469/2009/682 468/2004/682
f 528/2010/842 525/2011/842 526/2012/842
f 526/2012/682 527/2008/682 468/2004/682
f 526/2012/843 468/2004/843 466/2007/843
f 529/2013/844 528/2010/844 526/2012/844
f 523/2014/682 524/2015/682 529/2013/682
f 522/2016/845 521/2017/845 523/2014/845
f 565/2018/682 530/2019/682 522/2016/682
f 567/2020/682 564/2021/682 565/2018/682
f 576/2022/846 566/2023/846 567/2020/846
f 571/2024/847 568/2025/847 569/2026/847
f 569/2026/682 576/2022/682 567/2020/682
f 567/2020/682 565/2018/682 522/2016/682
f 522/2016/682 523/2014/682 529/2013/682
f 529/2013/848 526/2012/848 466/2007/848
f 473/2027/682 471/2028/682 472/2029/682
f 529/2013/849 466/2007/849 473/2027/849
f 567/2020/850 522/2016/850 529/2013/850
f 571/2024/851 569/2026/851 567/2020/851
f 575/2030/852 570/2031/852 571/2024/852
f 574/2032/682 573/2033/682 572/2034/682
f 572/2034/682 575/2030/682 571/2024/682
f 571/2024/682 567/2020/682 529/2013/682
f 529/2013/850 473/2027/850 472/2029/850
f 472/2029/853 474/2035/853 475/2036/853
f 478/2037/682 477/2038/682 476/2039/682
f 472/2029/854 475/2036/854 478/2037/854
f 571/2024/855 529/2013/855 472/2029/855
f 563/2040/682 574/2032/682 572/2034/682
f 572/2034/856 571/2024/856 472/2029/856
f 472/2029/857 478/2037/857 476/2039/857
f 476/2039/858 482/2041/858 481/2042/858
f 481/2042/859 480/2043/859 479/2044/859
f 479/2044/860 488/2045/860 487/2046/860
f 486/2047/682 485/2048/682 484/2049/682
f 479/2044/861 487/2046/861 486/2047/861
f 476/2039/862 481/2042/862 479/2044/862
f 572/2034/863 472/2029/863 476/2039/863
f 532/2050/864 563/2040/864 572/2034/864
f 534/2051/865 531/2052/865 532/2050/865
f 537/2053/866 538/2054/866 533/2055/866
f 533/2055/867 534/2051/867 532/2050/867
f 532/2050/682 572/2034/682 476/2039/682
f 479/2044/863 486/2047/863 484/2049/863
f 532/2050/863 476/2039/863 479/2044/863
f 537/2053/868 533/2055/868 532/2050/868
f 535/2056/869 536/2057/869 537/2053/869
f 540/2058/841 541/2059/841 535/2056/841
f 545/2060/682 539/2061/682 540/2058/682
f 543/2062/682 544/2063/682 545/2060/682
f 548/2064/841 542/2065/841 543/2062/841
f 548/2064/682 543/2062/682 545/2060/682
f 545/2060/870 540/2058/870 535/2056/870
f 535/2056/871 537/2053/871 532/2050/871
f 532/2050/682 479/2044/682 484/2049/682
f 483/2066/856 494/2067/856 493/2068/856
f 532/2050/861 484/2049/861 483/2066/861
f 545/2060/682 535/2056/682 532/2050/682
f 548/2064/872 545/2060/872 532/2050/872
f 532/2050/682 483/2066/682 493/2068/682
f 493/2068/873 492/2069/873 491/2070/873
f 491/2070/874 490/2071/874 489/2072/874
f 489/2072/875 499/2073/875 498/2074/875
f 498/2074/848 497/2075/848 496/2076/848
f 495/2077/682 500/2078/682 501/2079/682
f 498/2074/876 496/2076/876 495/2077/876
f 493/2068/682 491/2070/682 489/2072/682
f 489/2072/863 498/2074/863 495/2077/863
f 495/2077/682 501/2079/682 502/2080/682
f 503/2081/877 504/2082/877 505/2083/877
f 495/2077/682 502/2080/682 503/2081/682
f 532/2050/863 493/2068/863 489/2072/863
f 489/2072/682 495/2077/682 503/2081/682
f 503/2081/682 505/2083/682 506/2084/682
f 506/2084/682 507/2085/682 508/2086/682
f 508/2086/682 513/2087/682 514/2088/682
f 514/2088/682 511/2089/682 512/2090/682
f 509/2091/682 510/2092/682 517/2093/682
f 514/2088/878 512/2090/878 509/2091/878
f 506/2084/879 508/2086/879 514/2088/879
f 489/2072/682 503/2081/682 506/2084/682
f 548/2064/682 532/2050/682 489/2072/682
f 547/2094/880 548/2064/880 489/2072/880
f 489/2072/682 506/2084/682 514/2088/682
f 514/2088/856 509/2091/856 517/2093/856
f 518/2095/682 519/2096/682 515/2097/682
f 514/2088/682 517/2093/682 518/2095/682
f 547/2094/682 489/2072/682 514/2088/682
f 546/2098/682 547/2094/682 514/2088/682
f 518/2095/881 515/2097/881 516/2099/881
f 546/2098/682 514/2088/682 518/2095/682
f 553/2100/682 549/2101/682 550/2102/682
f 550/2102/682 546/2098/682 518/2095/682
f 518/2095/682 516/2099/682 520/2103/682
f 520/2103/882 713/2104/882 712/2105/882
f 712/2105/682 714/2106/682 715/2107/682
f 715/2107/883 721/2108/883 720/2109/883
f 720/2109/884 716/2110/884 717/2111/884
f 717/2111/682 718/2112/682 719/2113/682
f 719/2113/885 915/2114/885 918/2115/885
f 918/2115/682 916/2116/682 917/2117/682
f 917/2117/886 919/2118/886 920/2119/886
f 922/2120/682 921/2121/682 820/2122/682
f 917/2117/887 920/2119/887 922/2120/887
f 719/2113/888 918/2115/888 917/2117/888
f 715/2107/682 720/2109/682 717/2111/682
f 717/2111/682 719/2113/682 917/2117/682
f 917/2117/889 922/2120/889 820/2122/889
f 821/2123/890 822/2124/890 817/2125/890
f 917/2117/682 820/2122/682 821/2123/682
f 715/2107/682 717/2111/682 917/2117/682
f 520/2103/682 712/2105/682 715/2107/682
f 550/2102/682 518/2095/682 520/2103/682
f 552/2126/891 553/2100/891 550/2102/891
f 555/2127/892 556/2128/892 551/2129/892
f 552/2126/893 550/2102/893 520/2103/893
f 555/2127/894 551/2129/894 552/2126/894
f 557/2130/895 558/2131/895 554/2132/895
f 554/2132/682 555/2127/682 552/2126/682
f 552/2126/682 520/2103/682 715/2107/682
f 715/2107/682 917/2117/682 821/2123/682
f 821/2123/896 817/2125/896 818/2133/896
f 818/2133/897 819/2134/897 826/2135/897
f 818/2133/682 826/2135/682 827/2136/682
f 715/2107/860 821/2123/860 818/2133/860
f 554/2132/879 552/2126/879 715/2107/879
f 559/2137/682 557/2130/682 554/2132/682
f 561/2138/682 562/2139/682 559/2137/682
f 578/2140/682 560/2141/682 561/2138/682
f 602/2142/682 577/2143/682 578/2140/682
f 604/2144/682 603/2145/682 602/2142/682
f 605/2146/841 607/2147/841 604/2144/841
f 606/2148/682 605/2146/682 604/2144/682
f 604/2144/682 602/2142/682 578/2140/682
f 578/2140/856 561/2138/856 559/2137/856
f 559/2137/893 554/2132/893 715/2107/893
f 715/2107/682 818/2133/682 827/2136/682
f 823/2149/898 824/2150/898 825/2151/898
f 715/2107/899 827/2136/899 823/2149/899
f 578/2140/682 559/2137/682 715/2107/682
f 606/2148/682 604/2144/682 578/2140/682
f 610/2152/682 609/2153/682 608/2154/682
f 608/2154/682 606/2148/682 578/2140/682
f 578/2140/682 715/2107/682 823/2149/682
f 823/2149/682 825/2151/682 828/2155/682
f 833/2156/682 832/2157/682 831/2158/682
f 823/2149/900 828/2155/900 833/2156/900
f 608/2154/682 578/2140/682 823/2149/682
f 611/2159/891 610/2152/891 608/2154/891
f 614/2160/901 613/2161/901 612/2162/901
f 611/2159/682 608/2154/682 823/2149/682
f 614/2160/902 612/2162/902 611/2159/902
f 615/2163/892 614/2160/892 611/2159/892
f 611/2159/682 823/2149/682 833/2156/682
f 831/2158/682 834/2164/682 829/2165/682
f 611/2159/682 833/2156/682 831/2158/682
f 616/2166/700 615/2163/700 611/2159/700
f 619/2167/682 618/2168/682 617/2169/682
f 617/2169/682 616/2166/682 611/2159/682
f 611/2159/682 831/2158/682 829/2165/682
f 829/2165/887 830/2170/887 840/2171/887
f 840/2171/682 839/2172/682 838/2173/682
f 835/2174/897 836/2175/897 837/2176/897
f 840/2171/882 838/2173/882 835/2174/882
f 611/2159/682 829/2165/682 840/2171/682
f 620/2177/682 619/2167/682 617/2169/682
f 617/2169/682 611/2159/682 840/2171/682
f 840/2171/903 835/2174/903 837/2176/903
f 837/2176/700 845/2178/700 843/2179/700
f 843/2179/900 842/2180/900 841/2181/900
f 844/2182/682 846/2183/682 854/2184/682
f 837/2176/682 843/2179/682 841/2181/682
f 841/2181/682 844/2182/682 854/2184/682
f 854/2184/682 853/2185/682 852/2186/682
f 851/2187/904 855/2188/904 849/2189/904
f 854/2184/682 852/2186/682 851/2187/682
f 837/2176/893 841/2181/893 854/2184/893
f 617/2169/682 840/2171/682 837/2176/682
f 621/2190/682 620/2177/682 617/2169/682
f 623/2191/905 622/2192/905 621/2190/905
f 625/2193/870 624/2194/870 623/2191/870
f 627/2195/892 626/2196/892 625/2193/892
f 629/2197/682 628/2198/682 627/2195/682
f 631/2199/906 630/2200/906 629/2197/906
f 634/2201/682 633/2202/682 632/2203/682
f 632/2203/682 631/2199/682 629/2197/682
f 629/2197/682 627/2195/682 625/2193/682
f 625/2193/907 623/2191/907 621/2190/907
f 621/2190/682 617/2169/682 837/2176/682
f 837/2176/682 854/2184/682 851/2187/682
f 851/2187/908 849/2189/908 850/2204/908
f 850/2204/909 856/2205/909 847/2206/909
f 847/2206/682 848/2207/682 873/2208/682
f 873/2208/682 872/2209/682 871/2210/682
f 871/2210/682 867/2211/682 868/2212/682
f 868/2212/54 869/2213/54 870/2214/54
f 870/2214/869 865/2215/869 866/2216/869
f 866/2216/910 874/2217/910 863/2218/910
f 864/2219/54 861/2220/54 862/2221/54
f 866/2216/911 863/2218/911 864/2219/911
f 868/2212/912 870/2214/912 866/2216/912
f 847/2206/682 873/2208/682 871/2210/682
f 871/2210/682 868/2212/682 866/2216/682
f 866/2216/913 864/2219/913 862/2221/913
f 859/2222/871 857/2223/871 858/2224/871
f 866/2216/913 862/2221/913 859/2222/913
f 850/2204/857 847/2206/857 871/2210/857
f 871/2210/682 866/2216/682 859/2222/682
f 859/2222/914 858/2224/914 860/2225/914
f 860/2225/682 914/2226/682 913/2227/682
f 912/2228/911 911/2229/911 910/2230/911
f 860/2225/682 913/2227/682 912/2228/682
f 871/2210/682 859/2222/682 860/2225/682
f 851/2187/682 850/2204/682 871/2210/682
f 621/2190/682 837/2176/682 851/2187/682
f 629/2197/894 625/2193/894 621/2190/894
f 634/2201/682 632/2203/682 629/2197/682
f 590/2231/897 592/2232/897 634/2201/897
f 593/2233/915 591/2234/915 590/2231/915
f 596/2235/916 595/2236/916 594/2237/916
f 594/2237/682 593/2233/682 590/2231/682
f 590/2231/861 634/2201/861 629/2197/861
f 629/2197/682 621/2190/682 851/2187/682
f 851/2187/903 871/2210/903 860/2225/903
f 860/2225/682 912/2228/682 910/2230/682
f 910/2230/682 908/2238/682 907/2239/682
f 907/2239/917 909/2240/917 906/2241/917
f 905/2242/54 904/2243/54 903/2244/54
f 907/2239/918 906/2241/918 905/2242/918
f 860/2225/919 910/2230/919 907/2239/919
f 629/2197/682 851/2187/682 860/2225/682
f 596/2235/887 594/2237/887 590/2231/887
f 590/2231/682 629/2197/682 860/2225/682
f 860/2225/682 907/2239/682 905/2242/682
f 903/2244/682 902/2245/682 901/2246/682
f 860/2225/846 905/2242/846 903/2244/846
f 596/2235/682 590/2231/682 860/2225/682
f 598/2247/920 597/2248/920 596/2235/920
f 601/2249/682 600/2250/682 599/2251/682
f 599/2251/921 598/2247/921 596/2235/921
f 596/2235/682 860/2225/682 903/2244/682
f 903/2244/922 901/2246/922 900/2252/922
f 900/2252/923 899/2253/923 898/2254/923
f 897/2255/869 896/2256/869 895/2257/869
f 900/2252/892 898/2254/892 897/2255/892
f 596/2235/682 903/2244/682 900/2252/682
f 601/2249/682 599/2251/682 596/2235/682
f 587/2258/924 586/2259/924 601/2249/924
f 589/2260/925 588/2261/925 587/2258/925
f 584/2262/682 585/2263/682 589/2260/682
f 583/2264/926 582/2265/926 584/2262/926
f 581/2266/682 580/2267/682 579/2268/682
f 579/2268/927 583/2264/927 584/2262/927
f 584/2262/682 589/2260/682 587/2258/682
f 587/2258/928 601/2249/928 596/2235/928
f 596/2235/682 900/2252/682 897/2255/682
f 895/2257/682 894/2269/682 893/2270/682
f 596/2235/682 897/2255/682 895/2257/682
f 584/2262/682 587/2258/682 596/2235/682
f 642/2271/882 581/2266/882 579/2268/882
f 579/2268/682 584/2262/682 596/2235/682
f 596/2235/682 895/2257/682 893/2270/682
f 892/2272/682 891/2273/682 890/2274/682
f 596/2235/879 893/2270/879 892/2272/879
f 642/2271/929 579/2268/929 596/2235/929
f 644/2275/930 643/2276/930 642/2271/930
f 638/2277/931 641/2278/931 640/2279/931
f 640/2279/682 644/2275/682 642/2271/682
f 642/2271/682 596/2235/682 892/2272/682
f 890/2274/932 889/2280/932 888/2281/932
f 642/2271/861 892/2272/861 890/2274/861
f 639/2282/933 638/2277/933 640/2279/933
f 640/2279/682 642/2271/682 890/2274/682
f 890/2274/797 888/2281/797 886/2283/797
f 890/2274/934 886/2283/934 885/2284/934
f 639/2282/682 640/2279/682 890/2274/682
f 635/2285/935 637/2286/935 639/2282/935
f 645/2287/936 636/2288/936 635/2285/936
f 672/2289/937 674/2290/937 675/2291/937
f 675/2291/682 645/2287/682 635/2285/682
f 635/2285/682 639/2282/682 890/2274/682
f 635/2285/863 890/2274/863 885/2284/863
f 672/2289/850 675/2291/850 635/2285/850
f 673/2292/682 671/2293/682 672/2289/682
f 665/2294/682 670/2295/682 673/2292/682
f 668/2296/938 664/2297/938 665/2294/938
f 667/2298/682 666/2299/682 668/2296/682
f 660/2300/682 669/2301/682 667/2298/682
f 657/2302/862 658/2303/862 660/2300/862
f 662/2304/682 663/2305/682 659/2306/682
f 659/2306/682 657/2302/682 660/2300/682
f 660/2300/858 667/2298/858 668/2296/858
f 668/2296/682 665/2294/682 673/2292/682
f 673/2292/682 672/2289/682 635/2285/682
f 635/2285/855 885/2284/855 887/2307/855
f 887/2307/939 883/2308/939 882/2309/939
f 635/2285/863 887/2307/863 882/2309/863
f 668/2296/682 673/2292/682 635/2285/682
f 659/2306/682 660/2300/682 668/2296/682
f 649/2310/682 661/2311/682 662/2304/682
f 662/2304/682 659/2306/682 668/2296/682
f 668/2296/682 635/2285/682 882/2309/682
f 668/2296/879 882/2309/879 884/2312/879
f 649/2310/682 662/2304/682 668/2296/682
f 647/2313/940 648/2314/940 649/2310/940
f 655/2315/941 656/2316/941 646/2317/941
f 646/2317/942 647/2313/942 649/2310/942
f 649/2310/682 668/2296/682 884/2312/682
f 880/2318/682 879/2319/682 881/2320/682
f 649/2310/682 884/2312/682 880/2318/682
f 655/2315/682 646/2317/682 649/2310/682
f 651/2321/943 654/2322/943 655/2315/943
f 653/2323/944 650/2324/944 651/2321/944
f 676/2325/682 652/2326/682 653/2323/682
f 698/2327/682 677/2328/682 676/2325/682
f 700/2329/945 699/2330/945 698/2327/945
f 691/2331/928 701/2332/928 700/2329/928
f 693/2333/682 692/2334/682 691/2331/682
f 695/2335/946 694/2336/946 693/2333/946
f 697/2337/682 696/2338/682 695/2335/682
f 684/2339/682 697/2337/682 695/2335/682
f 695/2335/947 693/2333/947 691/2331/947
f 691/2331/863 700/2329/863 698/2327/863
f 698/2327/682 676/2325/682 653/2323/682
f 653/2323/682 651/2321/682 655/2315/682
f 655/2315/682 649/2310/682 880/2318/682
f 880/2318/948 881/2320/948 878/2340/948
f 878/2340/682 877/2341/682 876/2342/682
f 875/2343/682 796/2344/682 797/2345/682
f 880/2318/911 878/2340/911 876/2342/911
f 876/2342/682 875/2343/682 797/2345/682
f 794/2346/871 795/2347/871 793/2348/871
f 876/2342/682 797/2345/682 794/2346/682
f 655/2315/682 880/2318/682 876/2342/682
f 698/2327/682 653/2323/682 655/2315/682
f 684/2339/682 695/2335/682 691/2331/682
f 691/2331/682 698/2327/682 655/2315/682
f 655/2315/682 876/2342/682 794/2346/682
f 794/2346/54 793/2348/54 791/2349/54
f 791/2349/892 792/2350/892 790/2351/892
f 794/2346/912 791/2349/912 790/2351/912
f 691/2331/682 655/2315/682 794/2346/682
f 684/2339/682 691/2331/682 794/2346/682
f 794/2346/949 790/2351/949 788/2352/949
f 789/2353/682 787/2354/682 785/2355/682
f 684/2339/863 794/2346/863 788/2352/863
f 789/2353/744 785/2355/744 786/2356/744
f 684/2339/850 788/2352/850 789/2353/850
f 687/2357/682 686/2358/682 685/2359/682
f 685/2359/889 684/2339/889 789/2353/889
f 786/2356/700 783/2360/700 784/2361/700
f 685/2359/879 789/2353/879 786/2356/879
f 688/2362/682 687/2357/682 685/2359/682
f 678/2363/950 690/2364/950 689/2365/950
f 689/2365/682 688/2362/682 685/2359/682
f 685/2359/855 786/2356/855 784/2361/855
f 784/2361/951 780/2366/951 781/2367/951
f 781/2367/682 782/2368/682 777/2369/682
f 778/2370/948 779/2371/948 774/2372/948
f 781/2367/752 777/2369/752 778/2370/752
f 685/2359/876 784/2361/876 781/2367/876
f 678/2363/863 689/2365/863 685/2359/863
f 680/2373/952 679/2374/952 678/2363/952
f 683/2375/953 682/2376/953 681/2377/953
f 681/2377/938 680/2373/938 678/2363/938
f 678/2363/682 685/2359/682 781/2367/682
f 778/2370/892 774/2372/892 775/2378/892
f 678/2363/893 781/2367/893 778/2370/893
f 683/2375/682 681/2377/682 678/2363/682
f 710/2379/954 709/2380/954 683/2375/954
f 708/2381/682 711/2382/682 710/2379/682
f 706/2383/955 707/2384/955 708/2381/955
f 702/2385/682 705/2386/682 706/2383/682
f 928/2387/858 704/2388/858 703/2389/858
f 702/2385/682 706/2383/682 708/2381/682
f 928/2387/956 703/2389/956 702/2385/956
f 929/2390/957 927/2391/957 926/2392/957
f 926/2392/682 928/2387/682 702/2385/682
f 702/2385/682 708/2381/682 710/2379/682
f 710/2379/863 683/2375/863 678/2363/863
f 678/2363/928 778/2370/928 775/2378/928
f 776/2393/54 771/2394/54 772/2395/54
f 678/2363/889 775/2378/889 776/2393/889
f 702/2385/863 710/2379/863 678/2363/863
f 929/2390/958 926/2392/958 702/2385/958
f 925/2396/959 930/2397/959 929/2390/959
f 816/2398/899 924/2399/899 923/2400/899
f 923/2400/682 925/2396/682 929/2390/682
f 929/2390/682 702/2385/682 678/2363/682
f 678/2363/682 776/2393/682 772/2395/682
f 773/2401/682 769/2402/682 770/2403/682
f 678/2363/879 772/2395/879 773/2401/879
f 923/2400/682 929/2390/682 678/2363/682
f 754/2404/682 816/2398/682 923/2400/682
f 756/2405/892 755/2406/892 754/2404/892
f 750/2407/682 757/2408/682 756/2405/682
f 752/2409/682 751/2410/682 749/2411/682
f 749/2411/861 750/2407/861 756/2405/861
f 754/2404/682 923/2400/682 678/2363/682
f 749/2411/682 756/2405/682 754/2404/682
f 753/2412/682 752/2409/682 749/2411/682
f 744/2413/850 748/2414/850 753/2412/850
f 746/2415/874 745/2416/874 744/2413/874
f 741/2417/682 747/2418/682 746/2415/682
f 740/2419/682 739/2420/682 738/2421/682
f 738/2421/899 741/2417/899 746/2415/899
f 744/2413/682 753/2412/682 749/2411/682
f 738/2421/682 746/2415/682 744/2413/682
f 742/2422/682 740/2419/682 738/2421/682
f 734/2423/682 743/2424/682 742/2422/682
f 735/2425/955 733/2426/955 732/2427/955
f 732/2427/879 734/2423/879 742/2422/879
f 738/2421/682 744/2413/682 749/2411/682
f 732/2427/682 742/2422/682 738/2421/682
f 736/2428/682 735/2425/682 732/2427/682
f 725/2429/700 737/2430/700 736/2428/700
f 722/2431/960 723/2432/960 725/2429/960
f 726/2433/867 724/2434/867 722/2431/867
f 728/2435/682 727/2436/682 726/2433/682
f 730/2437/961 729/2438/961 728/2435/961
f 800/2439/682 731/2440/682 730/2437/682
f 801/2441/961 799/2442/961 798/2443/961
f 798/2443/950 800/2439/950 730/2437/950
f 730/2437/962 728/2435/962 726/2433/962
f 722/2431/963 725/2429/963 736/2428/963
f 730/2437/947 726/2433/947 722/2431/947
f 804/2444/682 801/2441/682 798/2443/682
f 798/2443/863 730/2437/863 722/2431/863
f 722/2431/682 736/2428/682 732/2427/682
f 732/2427/682 738/2421/682 749/2411/682
f 749/2411/682 754/2404/682 678/2363/682
f 678/2363/893 773/2401/893 770/2403/893
f 766/2445/682 767/2446/682 768/2447/682
f 678/2363/856 770/2403/856 766/2445/856
f 732/2427/682 749/2411/682 678/2363/682
f 798/2443/682 722/2431/682 732/2427/682
f 802/2448/682 804/2444/682 798/2443/682
f 805/2449/298 803/2450/298 802/2448/298
f 808/2451/682 807/2452/682 806/1211/682
f 806/1211/682 805/2449/682 802/2448/682
f 802/2448/682 798/2443/682 732/2427/682
f 732/2427/682 678/2363/682 766/2445/682
f 732/2427/856 766/2445/856 768/2447/856
f 806/1211/682 802/2448/682 732/2427/682
f 809/2453/682 808/2451/682 806/1211/682
f 811/2454/682 810/2455/682 809/2453/682
f 813/2456/964 812/2457/964 811/2454/964
f 759/2458/682 815/2459/682 814/2456/682
f 814/2456/700 813/2456/700 811/2454/700
f 811/2454/682 809/2453/682 806/1211/682
f 806/1211/928 732/2427/928 768/2447/928
f 765/2460/54 763/2461/54 764/1209/54
f 806/1211/958 768/2447/958 765/2460/958
f 814/2456/965 811/2454/965 806/1211/965
f 758/1210/911 759/2458/911 814/2456/911
f 761/2462/966 762/2463/966 758/1210/966
f 764/1209/682 760/2464/682 761/2462/682
f 806/1211/967 765/2460/967 764/1209/967
f 758/1210/968 814/2456/968 806/1211/968
f 764/1209/911 761/2462/911 758/1210/911
